PM2.5,PM10,NO2,SO2,CO,O3,AQI,Category
19.8,32.6,51.7,21.7,0.61,45.9,63.2,Satisfactory
32.7,28.6,19.6,3.9,1.0,16.8,50.2,Satisfactory
29.4,57.8,19.8,15.1,0.26,42.5,56.0,Satisfactory
72.2,115.8,36.1,34.2,0.95,69.2,134.7,Moderate
46.4,103.4,26.3,11.0,0.1,20.6,100.9,Moderate
63.1,110.9,22.2,7.2,1.15,55.6,113.3,Moderate
73.9,92.7,57.0,35.8,1.32,61.3,142.9,Moderate
54.1,93.4,67.1,29.6,1.24,72.2,98.0,Satisfactory
145.4,218.8,53.3,23.0,1.61,25.2,318.9,Very Poor
49.1,77.7,20.5,23.2,1.0,24.4,83.4,Satisfactory
159.4,309.9,77.5,40.7,2.44,80.7,331.2,Very Poor
23.2,17.3,5.7,2.6,0.0,11.8,39.9,Good
23.1,66.9,0.0,13.7,0.87,84.3,83.7,Satisfactory
24.0,56.6,23.3,13.9,0.0,43.1,52.4,Satisfactory
60.4,115.0,37.1,20.3,1.61,54.9,105.3,Moderate
79.4,99.1,75.2,18.2,1.4,81.3,160.9,Moderate
105.3,192.8,55.9,33.8,0.94,38.6,252.5,Poor
137.9,244.4,91.5,46.9,2.28,147.3,315.2,Very Poor
92.7,121.6,69.4,17.8,2.04,73.3,211.4,Poor
55.9,73.8,0.0,5.2,0.53,20.5,95.7,Satisfactory
132.7,219.6,61.4,17.4,1.02,74.6,309.1,Very Poor
32.3,70.0,10.9,0.0,0.0,6.1,72.6,Satisfactory
32.2,58.9,0.0,7.5,0.39,0.0,60.0,Satisfactory
89.2,139.2,37.9,31.2,1.82,75.3,208.9,Poor
104.6,209.1,47.3,33.6,1.17,60.3,247.3,Poor
43.6,83.6,3.8,9.3,1.38,36.3,80.4,Satisfactory
89.0,101.9,52.7,19.5,2.63,77.7,190.6,Moderate
81.7,109.9,50.3,31.0,1.99,41.0,171.4,Moderate
24.4,19.7,0.0,15.2,1.42,35.6,66.5,Satisfactory
32.3,65.8,39.6,4.7,0.81,0.0,62.7,Satisfactory
0.0,0.0,5.4,7.3,1.08,0.0,57.5,Satisfactory
78.2,113.6,43.0,26.7,1.37,67.3,162.7,Moderate
29.7,81.6,25.7,19.9,0.98,22.5,81.0,Satisfactory
68.1,80.9,64.7,29.6,1.21,83.0,128.1,Moderate
65.4,106.3,63.2,32.1,1.55,67.3,121.9,Moderate
30.2,55.6,44.5,22.3,1.25,61.1,62.4,Satisfactory
37.2,61.5,32.9,12.7,0.89,46.9,59.6,Satisfactory
83.8,145.7,39.9,20.2,1.15,34.8,176.8,Moderate
0.0,26.6,0.0,2.8,0.57,3.7,25.9,Good
22.9,33.9,15.5,0.0,0.0,0.6,37.5,Good
37.3,95.6,51.7,16.0,1.55,59.2,96.6,Satisfactory
61.5,103.4,58.0,32.9,1.36,69.5,104.9,Moderate
27.5,46.6,33.8,15.6,1.44,0.0,74.4,Satisfactory
21.7,65.3,0.0,0.0,0.06,0.0,63.7,Satisfactory
3.7,12.4,14.5,18.9,0.18,71.6,75.2,Satisfactory
122.6,146.6,108.3,42.9,3.26,78.1,300.2,Very Poor
23.2,50.9,12.1,6.5,0.13,27.5,47.7,Good
129.2,233.4,71.1,28.7,3.28,116.6,304.8,Very Poor
44.3,107.3,58.9,31.6,0.72,54.4,106.8,Moderate
105.4,168.6,25.6,14.2,0.54,59.6,253.4,Poor
32.3,76.0,2.4,13.4,1.03,34.3,69.8,Satisfactory
76.2,117.4,37.9,20.9,1.03,63.7,156.9,Moderate
69.1,84.6,44.0,18.1,1.51,44.3,128.6,Moderate
18.0,21.7,31.2,12.9,0.73,47.3,49.6,Good
7.1,0.0,0.0,19.7,1.18,10.0,60.9,Satisfactory
48.2,78.7,13.7,0.0,0.94,19.9,76.1,Satisfactory
0.0,0.0,37.3,14.8,0.36,44.6,46.9,Good
24.8,29.6,25.1,5.2,0.15,53.5,59.3,Satisfactory
42.6,64.3,18.2,9.1,0.54,17.7,71.1,Satisfactory
25.4,46.9,14.4,8.2,1.22,45.0,58.0,Satisfactory
172.9,282.9,78.1,49.7,2.26,73.9,335.8,Very Poor
19.0,42.3,0.0,5.3,0.0,2.0,42.5,Good
30.0,64.6,35.9,28.4,0.0,19.1,66.4,Satisfactory
73.9,151.6,42.9,26.9,1.48,88.4,147.2,Moderate
6.1,17.5,17.9,1.8,0.5,56.5,59.1,Satisfactory
35.5,35.8,12.9,0.0,0.66,35.4,64.2,Satisfactory
13.2,34.6,15.5,13.7,0.0,37.9,38.9,Good
69.7,119.4,55.7,21.4,1.14,81.6,129.7,Moderate
48.2,98.3,27.6,0.9,0.23,0.0,96.9,Satisfactory
25.5,59.2,32.3,10.1,1.3,0.0,61.2,Satisfactory
21.4,46.4,21.8,5.4,0.5,0.0,53.7,Satisfactory
20.6,41.0,22.9,10.8,0.47,0.0,42.4,Good
15.2,55.8,13.2,12.7,0.87,56.9,51.8,Satisfactory
48.6,59.4,0.0,14.2,0.4,0.0,77.1,Satisfactory
47.9,73.6,48.3,23.3,0.21,63.9,79.2,Satisfactory
55.9,93.4,11.4,39.7,0.87,35.3,93.3,Satisfactory
15.7,24.8,11.5,0.6,0.0,17.1,25.4,Good
72.1,134.6,0.0,10.6,0.65,6.8,137.9,Moderate
70.8,98.7,66.0,38.7,1.92,42.4,134.3,Moderate
87.8,125.2,46.4,33.1,1.78,57.8,196.1,Moderate
64.9,110.9,56.9,13.5,2.02,61.3,114.6,Moderate
63.0,75.3,37.1,1.2,1.72,0.0,115.0,Moderate
61.4,113.8,22.5,13.4,0.99,0.8,105.2,Moderate
32.9,62.2,17.2,0.6,0.0,18.9,59.3,Satisfactory
82.1,165.2,31.8,23.8,1.67,55.3,168.2,Moderate
16.4,29.6,17.1,15.9,0.46,22.8,25.4,Good
68.8,90.5,13.8,40.3,1.09,38.7,126.8,Moderate
32.0,38.8,13.8,31.6,0.31,38.0,51.2,Satisfactory
21.6,30.5,2.6,24.1,0.71,3.8,37.9,Good
61.5,94.4,24.3,13.3,1.15,38.6,100.8,Moderate
148.3,270.5,100.5,48.6,2.6,76.8,323.1,Very Poor
22.2,21.4,27.8,5.6,0.7,15.6,37.0,Good
13.9,26.8,31.3,9.2,1.47,17.1,72.8,Satisfactory
33.2,77.0,5.7,16.7,1.28,36.6,80.2,Satisfactory
156.5,237.2,122.5,40.4,2.42,139.1,332.8,Very Poor
7.5,0.0,0.0,0.0,0.0,14.3,15.0,Good
20.6,50.7,42.8,11.9,0.82,48.5,50.1,Satisfactory
139.6,206.7,95.4,46.9,3.87,97.2,313.5,Very Poor
29.1,35.6,33.3,0.3,0.0,24.4,46.9,Good
30.7,74.6,38.9,0.0,0.17,20.7,75.6,Satisfactory
61.0,98.3,31.3,18.7,1.54,100.9,101.7,Moderate
136.5,262.6,80.0,39.1,3.16,123.6,318.2,Very Poor
46.8,87.0,40.3,19.1,1.37,58.4,91.1,Satisfactory
31.0,56.9,14.2,18.1,0.0,22.4,55.7,Satisfactory
73.5,110.3,54.9,26.5,0.88,79.9,146.9,Moderate
121.3,170.5,75.7,25.0,1.7,77.2,301.5,Very Poor
21.5,35.1,28.1,0.0,0.43,1.0,39.4,Good
0.0,0.0,17.7,21.7,0.33,3.9,32.7,Good
17.4,29.6,12.7,21.1,0.96,23.7,44.3,Good
149.4,219.8,86.5,62.5,2.1,79.5,320.6,Very Poor
150.0,216.0,69.2,58.4,2.6,132.3,324.1,Very Poor
87.1,174.4,71.9,28.0,1.91,63.2,194.8,Moderate
25.5,29.5,11.4,0.0,0.42,1.4,45.0,Good
28.9,40.1,0.0,0.0,1.22,50.7,62.3,Satisfactory
77.5,97.9,51.9,14.4,2.31,82.5,157.7,Moderate
42.5,67.0,17.8,4.0,0.7,71.0,72.9,Satisfactory
68.1,86.9,73.0,35.2,1.59,52.1,129.2,Moderate
85.9,175.6,44.0,39.2,1.66,106.5,184.2,Moderate
34.6,49.5,18.2,9.2,0.68,43.5,59.3,Satisfactory
66.5,135.6,58.5,26.4,1.62,77.3,120.7,Moderate
39.8,70.4,4.8,21.7,0.0,0.0,71.0,Satisfactory
62.9,130.0,27.4,12.3,1.28,48.0,115.2,Moderate
142.7,229.7,78.6,48.0,2.89,115.2,315.8,Very Poor
118.6,168.8,105.6,49.4,2.45,125.4,286.7,Poor
18.9,34.5,8.6,25.6,0.61,41.9,41.8,Good
27.5,38.4,0.0,16.0,0.11,0.0,44.6,Good
61.2,94.6,47.2,46.8,1.75,73.6,107.2,Moderate
22.8,30.3,11.4,13.3,0.39,29.7,37.7,Good
30.2,42.6,41.7,17.5,1.34,0.0,73.2,Satisfactory
15.2,36.7,0.0,12.1,0.0,2.5,42.5,Good
142.9,255.9,90.3,47.6,3.84,108.8,318.3,Very Poor
39.0,92.7,29.8,12.4,0.0,47.7,89.3,Satisfactory
38.1,66.6,36.2,10.5,0.24,34.3,70.2,Satisfactory
53.4,93.5,72.6,24.5,1.62,61.5,93.6,Satisfactory
16.4,4.7,13.1,0.0,0.52,8.5,32.3,Good
98.2,174.2,47.1,1.0,2.71,37.2,222.4,Poor
88.6,173.4,36.9,22.5,1.22,40.6,195.6,Moderate
16.7,21.4,7.8,0.0,0.31,0.0,24.6,Good
39.8,74.6,37.2,35.4,1.07,60.5,76.3,Satisfactory
0.0,0.0,16.8,0.0,0.58,14.6,30.7,Good
66.4,116.7,53.8,31.4,1.58,65.8,119.3,Moderate
64.7,84.1,41.6,18.8,2.01,59.1,119.5,Moderate
82.8,122.1,34.2,29.1,1.88,73.3,175.4,Moderate
15.4,41.4,45.2,0.4,0.0,13.2,64.2,Satisfactory
140.3,210.5,113.2,38.5,2.92,142.6,314.5,Very Poor
13.9,18.1,0.0,0.0,0.0,15.7,20.9,Good
5.6,19.9,17.0,14.3,0.0,22.5,26.2,Good
107.8,215.2,94.3,36.9,2.61,121.2,259.6,Poor
0.0,9.4,10.3,0.0,0.0,39.7,43.0,Good
144.2,194.7,83.3,56.1,2.71,156.4,319.8,Very Poor
7.5,19.4,22.6,15.6,0.0,0.0,22.8,Good
52.2,90.0,65.4,13.9,1.26,36.6,89.7,Satisfactory
53.4,89.8,25.4,6.4,1.11,17.0,89.8,Satisfactory
77.8,145.6,64.3,39.9,1.84,65.2,155.5,Moderate
34.6,31.7,28.8,19.3,0.8,44.7,57.8,Satisfactory
2.5,0.0,37.0,29.3,1.45,30.7,76.9,Satisfactory
6.7,3.2,2.8,3.0,0.17,18.4,18.9,Good
78.1,149.3,29.7,0.5,2.03,37.7,159.5,Moderate
66.2,115.2,19.4,0.0,0.57,42.8,116.1,Moderate
21.7,31.6,20.7,7.2,0.0,38.9,38.5,Good
0.0,0.0,9.4,23.1,0.0,0.0,33.3,Good
127.8,241.6,103.6,37.9,3.55,123.6,304.5,Very Poor
16.2,42.2,23.1,9.0,1.01,46.2,50.6,Satisfactory
2.9,35.5,14.0,2.3,0.45,0.0,32.6,Good
55.6,96.9,45.8,21.2,1.34,19.9,92.6,Satisfactory
48.0,86.4,20.3,10.6,1.44,2.1,89.2,Satisfactory
161.1,320.8,96.1,54.7,2.46,93.2,328.5,Very Poor
2.7,1.3,23.8,17.1,1.25,52.2,60.6,Satisfactory
148.8,229.1,95.4,51.3,2.97,133.5,322.7,Very Poor
106.1,213.5,78.2,38.7,2.93,134.8,253.6,Poor
124.0,221.5,60.5,8.4,1.94,72.6,307.0,Very Poor
31.5,47.9,0.0,0.2,0.65,48.4,53.6,Satisfactory
67.7,108.5,50.0,26.1,1.17,78.0,125.3,Moderate
50.4,81.6,22.4,31.3,0.64,39.5,86.8,Satisfactory
75.6,87.2,5.1,26.6,0.56,86.2,150.4,Moderate
45.7,108.3,46.1,24.2,1.14,50.6,103.9,Moderate
64.3,105.7,29.3,28.8,0.27,31.1,112.2,Moderate
0.0,22.7,21.5,0.0,1.29,39.4,66.1,Satisfactory
40.9,59.7,40.3,21.4,0.12,0.0,68.7,Satisfactory
6.6,6.0,4.1,19.1,0.57,11.6,20.1,Good
22.1,30.8,36.9,1.4,0.06,24.4,43.2,Good
84.0,146.4,48.9,17.2,1.15,60.5,181.2,Moderate
35.9,89.8,27.7,6.5,0.0,52.7,92.0,Satisfactory
12.4,22.8,19.7,0.0,0.1,30.9,27.1,Good
0.0,36.2,0.0,17.6,0.0,0.0,36.8,Good
65.0,96.1,38.4,15.8,0.66,18.4,116.8,Moderate
16.7,31.8,34.5,23.0,0.0,14.8,45.0,Good
59.1,95.4,32.6,0.0,0.0,5.3,95.7,Satisfactory
49.1,95.4,47.6,10.4,2.0,63.4,99.5,Satisfactory
81.9,137.7,29.2,7.1,0.0,33.4,170.9,Moderate
65.8,111.8,29.0,22.5,1.08,18.1,117.3,Moderate
152.6,290.2,81.9,34.4,2.85,151.3,321.9,Very Poor
21.8,39.7,10.8,10.5,0.0,23.6,39.2,Good
37.7,67.2,50.8,11.8,0.52,18.9,66.1,Satisfactory
23.4,43.9,0.0,17.4,1.02,12.6,44.6,Good
29.8,41.1,20.4,22.4,1.11,30.2,54.6,Satisfactory
4.7,0.0,30.3,21.2,0.86,6.4,44.2,Good
77.5,89.9,69.8,21.4,1.66,70.7,157.6,Moderate
7.8,25.3,13.9,25.4,0.0,1.4,33.3,Good
135.6,258.5,104.6,48.1,2.52,123.5,317.7,Very Poor
0.0,0.0,0.0,14.5,0.09,13.2,19.1,Good
45.8,94.8,24.1,21.4,1.15,16.3,98.0,Satisfactory
91.2,119.9,57.5,44.4,1.45,58.0,203.9,Poor
35.9,46.0,12.0,23.5,1.7,32.9,84.3,Satisfactory
79.7,152.1,53.1,37.6,1.1,69.8,168.5,Moderate
142.0,200.9,98.2,37.5,1.72,120.2,321.1,Very Poor
174.1,286.6,112.6,51.4,2.68,78.0,340.9,Very Poor
25.1,46.0,36.3,14.4,1.69,22.5,85.0,Satisfactory
33.2,11.1,21.6,7.1,0.14,33.3,50.8,Satisfactory
33.2,50.5,0.7,9.2,1.03,0.0,55.7,Satisfactory
116.4,198.7,83.2,36.0,3.18,110.4,293.8,Poor
130.8,171.4,65.3,26.0,1.85,115.3,309.8,Very Poor
96.4,181.7,44.8,27.5,2.37,82.9,220.6,Poor
24.2,34.5,13.2,12.7,0.88,30.5,42.0,Good
156.5,260.5,86.5,44.2,2.99,114.7,331.0,Very Poor
83.7,98.8,53.6,25.7,1.46,62.4,173.5,Moderate
2.8,16.1,42.5,18.3,0.52,70.5,66.9,Satisfactory
60.4,132.7,24.2,16.9,0.97,32.3,124.3,Moderate
5.3,26.7,43.5,25.3,0.29,26.8,51.0,Satisfactory
127.7,216.6,108.9,38.4,2.54,76.3,303.5,Very Poor
45.4,85.1,51.6,28.8,1.16,73.5,83.6,Satisfactory
41.7,75.8,26.4,13.1,0.65,29.8,80.6,Satisfactory
40.1,80.6,45.6,17.7,0.79,44.0,75.8,Satisfactory
19.5,53.4,61.5,20.4,1.09,0.0,75.2,Satisfactory
16.8,20.2,0.0,21.5,0.3,39.8,46.0,Good
23.6,53.9,57.4,1.7,1.09,25.7,71.4,Satisfactory
11.5,26.3,31.8,18.7,1.38,37.0,70.1,Satisfactory
10.2,28.2,6.5,9.8,0.35,37.5,37.4,Good
13.0,6.2,19.1,27.7,0.0,97.8,100.9,Moderate
136.5,224.2,97.7,49.6,2.68,106.1,312.2,Very Poor
155.3,295.9,96.9,14.6,2.97,113.9,327.1,Very Poor
70.2,115.2,58.1,16.3,0.87,52.5,136.7,Moderate
7.3,22.4,22.9,11.2,0.04,23.6,31.0,Good
93.1,176.2,68.1,25.7,1.12,61.7,208.1,Poor
38.2,44.4,0.0,16.1,0.84,18.7,65.6,Satisfactory
36.8,25.5,0.6,0.0,0.0,31.6,60.7,Satisfactory
11.2,17.6,28.9,16.8,1.52,8.8,67.0,Satisfactory
45.7,82.5,20.6,22.1,0.35,44.5,84.0,Satisfactory
18.9,35.8,27.6,0.0,0.49,26.8,34.2,Good
81.0,123.4,51.9,22.7,1.64,81.5,167.6,Moderate
36.5,42.8,20.9,22.7,0.97,38.9,63.5,Satisfactory
39.3,81.5,19.3,0.0,0.77,63.5,84.3,Satisfactory
28.4,38.0,13.3,8.0,0.05,8.7,49.3,Good
42.1,65.3,21.0,0.0,0.0,4.0,66.5,Satisfactory
66.7,121.6,37.3,2.6,1.36,33.5,124.4,Moderate
56.6,90.9,38.5,17.3,2.12,41.2,106.5,Moderate
81.8,120.6,43.8,24.4,1.58,45.0,175.0,Moderate
7.7,8.7,0.0,0.0,0.26,63.3,65.6,Satisfactory
28.8,47.2,0.0,17.1,0.72,29.4,49.3,Good
18.4,34.2,20.9,2.5,0.07,17.0,38.9,Good
61.8,102.2,30.6,16.4,0.73,64.8,101.1,Moderate
1.4,0.5,0.0,4.2,1.19,15.4,60.2,Satisfactory
127.9,176.7,82.4,40.8,3.28,121.2,302.7,Very Poor
82.9,168.4,36.8,17.9,0.93,60.3,177.8,Moderate
48.6,74.6,15.5,34.9,0.04,38.7,87.1,Satisfactory
18.1,24.4,32.6,0.0,1.13,0.0,55.5,Satisfactory
27.0,45.2,0.0,10.6,1.37,0.0,69.2,Satisfactory
118.8,176.6,88.3,37.6,2.88,146.1,295.3,Poor
45.8,82.5,34.3,9.6,0.2,15.0,78.7,Satisfactory
54.1,95.4,32.0,9.6,0.81,77.0,94.6,Satisfactory
2.8,0.0,2.3,19.2,1.07,3.0,47.9,Good
98.2,115.3,65.4,13.9,1.93,65.3,224.3,Poor
22.3,30.5,13.6,11.8,1.35,0.0,72.3,Satisfactory
44.1,65.4,41.8,12.7,1.6,6.0,79.7,Satisfactory
31.0,43.4,0.0,16.0,1.06,43.1,56.6,Satisfactory
56.6,72.8,56.8,21.0,1.52,72.0,92.8,Satisfactory
31.8,4.2,0.0,0.0,0.7,0.0,55.0,Satisfactory
51.3,95.4,13.3,9.4,1.07,50.7,94.7,Satisfactory
107.2,163.2,53.3,17.9,1.14,75.5,258.6,Poor
160.0,222.6,65.5,54.5,2.14,102.3,331.5,Very Poor
0.0,2.4,36.0,22.9,0.68,70.9,71.6,Satisfactory
88.0,180.0,42.7,20.4,1.01,73.8,195.5,Moderate
90.7,150.7,35.6,22.1,1.91,82.0,201.4,Poor
76.6,77.4,46.6,34.9,1.85,75.0,155.4,Moderate
54.4,104.1,19.4,0.7,0.0,36.9,101.3,Moderate
24.7,63.2,37.3,20.8,0.16,59.2,63.9,Satisfactory
133.4,190.7,72.6,30.5,1.88,132.3,308.4,Very Poor
48.7,81.9,0.0,0.0,0.98,11.9,80.3,Satisfactory
159.7,295.6,82.6,30.7,2.43,115.2,327.7,Very Poor
22.9,45.9,16.6,11.7,0.38,52.8,55.9,Satisfactory
19.8,4.5,26.7,0.0,0.38,14.9,34.1,Good
79.4,99.3,47.9,42.7,2.23,39.0,167.1,Moderate
41.8,87.4,0.0,0.0,0.87,20.4,89.0,Satisfactory
24.8,58.2,29.5,3.7,0.34,0.0,59.7,Satisfactory
39.8,82.6,36.5,3.8,0.83,31.5,83.3,Satisfactory
124.6,193.3,63.9,61.5,3.33,84.2,305.6,Very Poor
85.2,120.1,40.2,19.1,1.1,48.4,183.7,Moderate
63.7,101.1,55.6,31.0,1.8,66.5,114.5,Moderate
46.3,94.4,0.6,6.4,0.7,10.8,97.6,Satisfactory
89.3,143.6,38.8,11.7,1.57,8.2,199.7,Moderate
45.7,49.6,43.8,34.6,1.37,64.1,76.2,Satisfactory
0.0,0.0,33.7,0.0,0.77,9.4,41.2,Good
28.9,39.7,20.6,15.7,0.19,2.8,44.8,Good
25.5,22.4,8.2,18.8,1.11,46.0,54.9,Satisfactory
109.1,160.0,84.6,35.5,2.73,169.7,264.7,Poor
71.7,141.6,61.1,46.6,0.99,74.5,136.3,Moderate
0.0,11.2,26.6,15.2,0.0,16.1,31.2,Good
0.0,36.4,18.5,0.0,0.08,35.4,42.7,Good
68.8,88.1,15.0,19.3,0.0,35.1,130.4,Moderate
60.5,69.6,31.8,5.0,0.64,15.1,103.6,Moderate
39.4,67.8,23.5,13.5,2.15,12.8,106.3,Moderate
61.9,85.2,54.4,17.7,1.03,33.9,110.1,Moderate
37.2,74.6,16.0,13.4,1.46,25.9,74.5,Satisfactory
19.2,49.4,0.0,0.0,0.47,39.0,47.9,Good
20.4,21.3,18.6,12.2,0.54,0.0,36.8,Good
103.5,144.9,34.9,24.0,1.56,77.0,247.0,Poor
69.9,133.9,29.3,28.1,1.04,17.8,137.3,Moderate
32.0,50.4,18.9,8.0,0.52,49.0,56.5,Satisfactory
169.3,255.3,115.1,41.8,2.22,97.0,334.6,Very Poor
2.3,3.9,25.5,0.0,1.12,25.2,59.1,Satisfactory
96.5,126.9,54.6,31.5,0.97,47.1,223.6,Poor
0.0,12.7,0.0,11.5,0.67,1.1,35.4,Good
0.0,21.5,17.2,0.0,0.41,9.7,23.6,Good
126.0,197.5,92.7,48.7,1.87,125.1,306.4,Very Poor
130.1,173.4,87.4,42.7,2.81,138.6,311.0,Very Poor
0.0,9.3,31.9,9.9,0.91,55.2,58.3,Satisfactory
164.7,354.6,82.7,59.6,2.23,140.6,335.9,Very Poor
104.0,208.4,56.5,50.3,3.08,98.2,247.1,Poor
65.8,120.3,57.4,14.0,1.35,61.8,117.1,Moderate
68.3,125.9,38.8,45.9,1.29,58.3,128.7,Moderate
28.5,70.9,18.2,10.6,0.38,26.2,63.3,Satisfactory
12.1,26.3,8.9,23.6,1.15,5.7,56.9,Satisfactory
1.9,1.0,0.0,12.2,0.67,0.0,36.4,Good
119.4,161.5,100.3,43.7,2.87,99.7,297.3,Poor
138.9,276.3,84.9,36.5,2.55,79.0,313.0,Very Poor
12.3,16.3,19.2,14.7,0.04,0.0,20.9,Good
10.4,7.4,5.2,7.8,0.66,3.9,31.6,Good
113.5,159.3,75.3,49.7,1.75,102.8,279.1,Poor
18.7,32.7,26.6,0.0,0.8,18.3,42.7,Good
7.0,37.2,7.2,24.3,0.77,24.6,39.5,Good
66.5,134.5,23.8,22.5,0.82,6.9,122.9,Moderate
76.1,157.8,22.5,0.0,0.38,66.3,152.8,Moderate
23.2,20.8,45.3,4.4,0.51,0.0,61.0,Satisfactory
0.0,0.0,0.0,0.0,0.09,4.0,7.0,Good
133.3,193.4,106.3,38.9,2.28,105.4,313.8,Very Poor
81.9,100.0,62.2,30.1,1.41,48.2,170.3,Moderate
23.9,47.2,2.4,10.6,0.0,3.3,47.1,Good
113.8,137.1,78.0,46.9,2.55,65.2,273.0,Poor
77.1,105.2,44.1,39.9,1.37,72.7,157.4,Moderate
35.4,76.2,110.9,5.2,2.42,59.3,131.8,Moderate
0.0,0.0,3.5,9.3,0.0,30.0,28.8,Good
55.4,79.2,57.4,18.7,1.94,78.7,102.5,Moderate
119.2,154.1,89.5,57.0,2.28,124.9,296.7,Poor
130.7,229.3,91.2,59.8,3.13,127.4,306.9,Very Poor
138.6,215.1,101.1,58.7,2.34,105.4,309.4,Very Poor
34.2,74.0,25.1,17.2,0.27,36.7,65.0,Satisfactory
59.5,103.1,19.0,21.2,0.0,49.9,104.8,Moderate
127.3,263.5,71.4,35.8,2.34,99.4,302.4,Very Poor
46.6,95.6,0.0,13.3,0.16,74.7,98.4,Satisfactory
44.1,88.1,31.0,16.6,1.48,49.6,89.0,Satisfactory
51.3,78.1,11.0,38.1,1.6,47.0,85.8,Satisfactory
37.8,55.7,9.4,17.3,0.76,0.0,60.3,Satisfactory
20.6,28.8,20.3,0.0,0.6,0.0,37.6,Good
68.6,92.8,31.0,20.2,2.08,34.6,120.1,Moderate
66.9,105.3,45.8,37.5,0.63,57.2,123.5,Moderate
51.0,30.1,18.1,18.5,0.35,36.2,86.3,Satisfactory
75.3,93.4,61.2,27.6,1.27,69.5,153.2,Moderate
1.0,8.3,46.0,0.3,0.49,29.2,55.1,Satisfactory
65.1,107.2,10.0,10.0,1.0,28.3,116.9,Moderate
7.4,0.0,16.8,23.5,0.37,19.5,31.5,Good
107.3,171.0,41.0,44.2,1.95,76.1,258.3,Poor
37.0,40.5,11.2,12.1,0.99,33.9,65.4,Satisfactory
55.5,58.3,26.6,18.2,0.41,60.6,95.6,Satisfactory
143.7,216.4,100.8,60.5,3.18,95.4,319.3,Very Poor
140.9,187.8,94.8,25.3,2.06,104.3,315.2,Very Poor
53.8,100.9,40.7,36.5,2.39,55.3,103.0,Moderate
10.5,12.5,9.9,13.4,0.0,41.4,41.6,Good
9.8,16.7,11.4,0.0,1.11,15.8,56.7,Satisfactory
21.6,55.8,40.7,0.0,0.79,22.9,57.1,Satisfactory
27.4,38.3,0.0,14.4,0.18,0.0,44.5,Good
55.5,42.8,47.9,17.1,0.54,44.1,91.1,Satisfactory
28.1,38.7,30.4,13.0,0.63,16.1,48.7,Good
88.5,165.6,37.0,18.5,0.83,55.0,197.8,Moderate
88.3,149.2,47.0,18.2,2.23,41.1,197.1,Moderate
30.1,68.0,5.9,13.1,1.5,2.6,70.4,Satisfactory
4.4,1.9,34.6,15.9,1.05,39.4,56.5,Satisfactory
91.3,124.0,65.5,30.5,2.15,41.4,209.2,Poor
108.5,159.8,44.1,18.6,1.92,44.0,263.8,Poor
61.8,93.6,56.3,16.1,1.14,90.0,108.5,Moderate
41.2,50.9,56.7,1.2,0.93,55.1,67.1,Satisfactory
164.4,300.6,63.0,54.6,2.55,125.4,335.5,Very Poor
27.3,54.6,32.5,20.4,1.37,42.4,68.9,Satisfactory
55.1,78.9,24.4,14.5,0.39,58.5,93.8,Satisfactory
80.8,116.2,37.7,11.8,0.4,52.6,171.6,Moderate
0.0,0.0,29.6,7.3,0.4,26.1,34.4,Good
42.6,43.3,50.6,10.7,0.73,22.4,70.1,Satisfactory
17.4,33.2,31.2,9.4,0.0,0.0,44.0,Good
59.1,94.9,37.9,28.2,1.05,87.0,101.7,Moderate
78.0,157.5,34.3,30.5,2.6,44.7,158.9,Moderate
26.3,51.2,0.0,17.2,1.52,18.9,73.3,Satisfactory
55.1,84.3,28.0,8.1,0.29,51.7,94.7,Satisfactory
101.1,212.6,96.6,58.0,1.97,82.7,236.5,Poor
37.5,84.8,36.6,38.3,1.08,97.6,96.7,Satisfactory
73.8,136.5,22.9,18.3,0.88,23.1,145.5,Moderate
17.0,30.2,10.7,0.0,0.0,7.9,28.1,Good
117.1,163.2,54.0,25.2,0.96,94.0,295.6,Poor
25.3,34.5,35.6,6.7,1.92,58.8,96.8,Satisfactory
62.5,104.2,29.2,22.6,0.91,3.5,106.1,Moderate
13.6,6.1,19.6,20.9,1.5,6.9,76.3,Satisfactory
53.4,111.1,0.0,20.8,0.9,30.6,113.6,Moderate
66.2,104.9,81.9,17.7,1.28,62.1,123.2,Moderate
46.2,57.9,26.8,18.3,1.05,0.0,80.1,Satisfactory
103.4,183.3,59.0,39.5,1.82,63.0,251.4,Poor
35.8,42.9,16.4,7.5,0.05,17.8,64.4,Satisfactory
6.1,13.4,6.2,1.9,0.12,0.0,13.0,Good
30.8,66.8,22.4,14.2,0.25,68.9,74.6,Satisfactory
142.9,191.7,90.6,30.6,2.43,112.6,316.3,Very Poor
13.6,19.7,0.0,0.0,0.0,34.6,28.2,Good
0.0,26.6,6.6,5.4,0.0,4.7,31.1,Good
55.3,82.2,24.8,19.0,0.57,45.2,98.0,Satisfactory
24.1,24.8,28.7,14.5,0.59,7.6,41.1,Good
16.8,49.5,0.0,23.1,0.0,23.7,50.9,Satisfactory
135.2,183.5,107.2,21.8,2.89,60.1,308.8,Very Poor
50.6,62.7,0.0,4.0,1.39,0.0,81.2,Satisfactory
18.4,33.9,59.4,29.9,1.18,18.8,74.1,Satisfactory
74.8,139.9,35.8,39.8,1.72,78.7,153.7,Moderate
34.0,45.1,33.2,39.1,0.0,34.4,58.7,Satisfactory
20.5,36.8,0.6,0.0,0.96,34.2,48.0,Good
36.7,65.9,7.5,19.1,0.52,18.9,62.0,Satisfactory
47.7,56.5,12.0,35.2,1.51,73.4,75.9,Satisfactory
0.0,1.4,30.6,2.0,0.89,27.1,51.6,Satisfactory
48.4,71.3,67.1,29.4,1.45,48.5,81.7,Satisfactory
18.0,49.2,23.7,0.0,0.0,36.6,45.1,Good
123.7,214.0,93.9,50.9,3.01,90.3,302.0,Very Poor
88.6,152.4,22.3,26.5,2.51,46.0,192.9,Moderate
57.3,94.2,18.5,11.6,1.21,43.4,96.3,Satisfactory
47.8,46.9,37.2,25.6,1.15,42.7,80.5,Satisfactory
46.3,94.1,36.3,18.4,0.43,38.0,95.1,Satisfactory
86.4,143.4,22.6,6.7,1.03,41.2,191.6,Moderate
52.8,96.6,57.1,36.3,2.0,42.1,102.3,Moderate
127.9,269.4,71.2,40.1,2.73,134.6,307.9,Very Poor
25.0,62.2,25.7,19.3,1.26,59.4,66.2,Satisfactory
49.2,77.0,42.0,11.8,1.37,64.1,79.3,Satisfactory
115.3,166.0,108.3,48.2,2.66,81.3,280.3,Poor
0.0,14.1,76.6,37.1,0.75,32.9,98.8,Satisfactory
76.1,112.0,36.7,19.0,1.37,11.0,146.6,Moderate
43.7,91.4,39.9,12.8,0.61,31.8,90.3,Satisfactory
0.0,0.0,19.8,9.2,0.44,0.0,24.2,Good
17.3,7.7,19.2,17.3,1.47,26.0,71.2,Satisfactory
38.6,68.1,51.7,29.2,1.55,48.7,80.2,Satisfactory
47.8,65.2,38.0,8.5,1.34,25.0,77.3,Satisfactory
2.8,0.0,19.1,0.0,0.0,0.0,23.6,Good
0.0,0.0,19.0,0.5,0.52,0.0,26.5,Good
44.1,95.5,5.8,8.6,0.24,15.2,94.6,Satisfactory
65.2,84.6,31.2,10.0,0.95,68.2,114.7,Moderate
52.3,96.2,40.2,4.1,1.05,17.9,96.5,Satisfactory
31.9,46.2,22.3,12.8,0.64,11.3,52.0,Satisfactory
137.4,205.3,105.6,32.2,2.88,133.6,314.8,Very Poor
0.0,0.0,0.0,2.0,0.98,22.6,46.0,Good
11.8,32.0,0.0,22.1,0.77,36.8,37.3,Good
46.2,63.7,31.4,0.0,0.18,12.0,72.8,Satisfactory
53.8,66.2,16.2,13.9,0.73,27.6,87.5,Satisfactory
145.3,232.3,90.1,54.0,1.94,113.2,316.1,Very Poor
48.5,88.7,55.6,10.7,1.46,71.0,89.3,Satisfactory
47.9,75.7,0.0,12.4,0.91,52.0,82.0,Satisfactory
53.7,80.1,43.0,27.9,1.2,43.6,90.6,Satisfactory
39.5,61.5,52.2,10.8,1.5,6.9,76.9,Satisfactory
27.3,54.5,15.3,0.0,0.79,33.3,56.1,Satisfactory
43.2,91.8,22.8,0.0,0.71,28.3,94.7,Satisfactory
51.2,82.2,50.9,22.9,1.22,36.2,86.6,Satisfactory
30.6,61.9,22.8,6.3,1.03,59.6,60.1,Satisfactory
84.2,137.6,94.4,41.2,2.0,120.3,178.1,Moderate
18.6,34.8,26.6,11.6,1.4,38.7,67.7,Satisfactory
169.8,307.0,99.5,37.9,2.82,116.2,332.6,Very Poor
19.0,34.9,33.2,14.9,1.02,38.8,52.4,Satisfactory
46.9,103.4,36.6,37.5,0.0,19.9,96.0,Satisfactory
7.6,17.9,40.9,0.0,0.0,5.6,45.1,Good
147.0,255.1,88.4,23.2,2.48,142.9,321.9,Very Poor
89.8,137.3,0.0,7.7,0.6,47.7,199.5,Moderate
49.9,52.2,55.0,25.2,1.27,55.4,85.2,Satisfactory
40.8,61.2,0.2,21.8,0.5,28.6,65.6,Satisfactory
72.8,167.9,64.0,34.6,0.85,42.0,136.7,Moderate
58.7,97.0,51.7,19.1,1.66,80.3,93.0,Satisfactory
48.0,101.5,70.2,13.0,1.04,20.2,101.6,Moderate
80.5,122.4,73.9,30.5,2.04,60.3,170.5,Moderate
83.6,101.5,42.5,27.9,1.71,41.2,181.8,Moderate
14.7,45.8,5.3,7.1,0.18,0.0,44.6,Good
11.9,47.0,0.0,19.1,0.25,32.2,47.3,Good
38.4,77.5,11.5,28.2,0.78,39.4,81.2,Satisfactory
57.4,120.8,43.2,24.7,1.6,35.0,111.5,Moderate
66.2,98.9,25.0,16.3,1.41,19.5,125.5,Moderate
11.4,17.1,0.0,9.5,0.32,22.8,22.4,Good
75.7,135.6,17.0,30.6,0.72,35.0,155.5,Moderate
43.4,66.8,17.1,14.9,0.36,27.4,77.3,Satisfactory
75.4,139.6,57.8,25.1,1.3,69.9,151.1,Moderate
40.6,83.2,8.7,11.3,0.12,2.0,83.4,Satisfactory
94.8,156.0,81.5,51.9,2.49,105.1,218.8,Poor
27.8,33.2,13.5,12.2,1.09,34.8,55.2,Satisfactory
16.0,43.4,16.2,0.9,0.0,3.3,42.0,Good
49.2,78.6,27.1,18.0,0.97,60.7,74.7,Satisfactory
59.9,111.5,44.5,0.0,0.0,46.4,108.4,Moderate
20.2,31.9,18.6,18.9,0.0,17.9,30.3,Good
14.8,31.6,12.7,11.6,1.29,5.4,65.4,Satisfactory
5.9,9.3,45.7,0.3,1.1,72.4,73.6,Satisfactory
67.7,87.0,4.6,2.2,1.56,28.1,130.1,Moderate
40.4,53.4,38.5,14.3,0.07,38.3,74.0,Satisfactory
43.4,89.8,31.1,3.1,0.96,55.7,87.3,Satisfactory
46.5,90.3,7.7,13.6,0.21,13.8,91.8,Satisfactory
81.0,124.9,26.0,8.8,0.16,13.4,164.0,Moderate
16.0,23.2,17.5,26.9,0.0,38.2,41.1,Good
83.2,102.8,74.6,32.1,1.81,56.4,173.0,Moderate
13.8,45.3,0.0,0.0,0.42,0.0,42.9,Good
51.0,63.3,0.0,0.0,0.04,29.6,84.4,Satisfactory
32.7,61.5,33.8,9.9,1.34,12.5,70.5,Satisfactory
0.0,0.0,0.6,16.4,0.06,33.0,38.1,Good
70.0,149.5,34.7,33.5,1.66,74.5,131.3,Moderate
38.0,31.8,42.1,15.9,1.81,55.5,88.7,Satisfactory
18.5,16.4,3.6,0.0,0.38,10.0,25.9,Good
5.9,15.7,20.9,12.8,0.51,0.0,26.9,Good
101.9,157.3,52.5,19.3,1.67,30.2,238.1,Poor
50.1,81.4,0.0,34.4,0.99,19.5,83.9,Satisfactory
81.5,101.2,45.9,19.1,0.84,67.9,173.5,Moderate
65.5,124.0,64.6,12.4,1.11,45.7,121.7,Moderate
96.9,199.3,68.1,17.2,1.73,62.5,225.4,Poor
39.6,64.1,2.0,5.4,0.0,0.0,66.7,Satisfactory
54.2,85.1,0.0,27.7,0.3,60.1,93.1,Satisfactory
26.8,41.5,29.5,9.2,0.0,0.0,45.3,Good
66.8,115.8,47.9,22.6,1.81,37.9,123.2,Moderate
13.7,38.9,0.0,7.0,0.6,44.9,43.4,Good
8.0,28.0,16.4,18.7,0.5,0.0,24.0,Good
56.9,118.2,40.6,25.6,0.55,11.9,114.7,Moderate
140.4,249.0,107.3,56.9,2.91,126.9,317.2,Very Poor
30.8,52.9,0.0,16.5,0.0,20.7,50.4,Satisfactory
29.1,54.2,3.3,14.8,0.36,22.9,51.3,Satisfactory
27.4,33.8,0.0,16.8,0.0,0.0,42.9,Good
14.9,18.9,33.7,20.9,0.97,48.2,48.4,Good
59.4,81.1,49.3,16.9,1.35,71.9,100.1,Moderate
0.0,0.0,28.1,11.0,1.4,38.6,73.3,Satisfactory
97.5,163.9,59.5,17.2,1.93,52.2,225.5,Poor
125.9,181.9,117.2,25.8,2.34,117.4,306.3,Very Poor
39.5,72.9,48.9,22.4,1.28,15.7,72.7,Satisfactory
72.0,92.9,61.8,15.3,2.42,47.1,140.6,Moderate
13.1,31.1,24.8,0.0,1.09,15.3,52.5,Satisfactory
36.0,56.2,24.7,2.2,1.75,23.7,90.0,Satisfactory
32.5,55.6,9.2,17.9,0.87,33.4,54.2,Satisfactory
56.4,84.3,19.4,25.9,1.64,59.4,97.9,Satisfactory
96.5,156.7,76.5,39.1,1.01,59.9,220.7,Poor
27.8,51.5,0.0,20.4,0.1,16.1,50.5,Satisfactory
37.2,59.5,21.2,31.3,0.4,50.4,63.1,Satisfactory
43.2,79.8,18.4,0.0,0.09,22.7,82.3,Satisfactory
13.1,21.8,0.0,0.0,1.25,37.6,61.7,Satisfactory
105.8,160.0,51.5,9.8,1.45,60.0,254.5,Poor
176.3,304.6,83.3,34.6,2.76,94.0,347.8,Very Poor
12.3,28.2,9.6,0.0,1.19,0.0,59.7,Satisfactory
107.3,197.9,95.2,33.4,3.05,90.7,259.8,Poor
100.1,189.2,43.4,40.7,1.21,44.3,235.7,Poor
5.0,0.0,10.8,8.4,0.84,25.5,41.2,Good
74.0,130.1,45.0,16.1,0.84,78.3,148.5,Moderate
39.5,81.6,42.3,13.6,0.54,46.9,82.8,Satisfactory
49.1,132.5,45.8,21.2,0.9,55.1,123.2,Moderate
0.0,31.7,15.2,1.1,1.16,15.4,54.2,Satisfactory
77.0,113.8,66.4,18.1,1.58,37.7,158.8,Moderate
16.0,31.2,54.1,15.1,1.13,67.0,70.9,Satisfactory
126.9,170.2,81.9,38.7,2.79,80.1,309.1,Very Poor
91.2,114.7,62.1,29.8,1.06,70.0,200.5,Poor
72.9,133.8,37.4,32.5,1.57,18.6,145.5,Moderate
12.5,8.3,56.2,28.9,0.71,45.4,78.5,Satisfactory
11.9,0.0,9.4,3.3,0.16,12.7,20.6,Good
0.0,0.0,19.3,0.0,0.0,29.8,31.3,Good
40.9,56.6,4.1,6.6,1.17,63.5,66.8,Satisfactory
14.2,30.4,32.6,11.5,1.5,17.5,76.9,Satisfactory
12.4,5.0,11.8,5.4,0.48,16.7,26.4,Good
62.1,143.0,41.0,2.1,1.13,47.4,122.9,Moderate
19.9,50.0,2.2,0.0,0.4,28.7,49.6,Good
74.9,137.3,43.6,30.8,0.25,116.0,151.2,Moderate
45.0,88.5,42.2,15.3,0.77,25.5,86.1,Satisfactory
0.0,0.0,14.9,5.6,0.43,4.6,30.9,Good
69.2,89.1,12.8,0.6,1.06,21.4,133.6,Moderate
26.9,35.1,0.0,10.8,0.68,5.5,42.5,Good
164.2,275.9,69.7,38.3,2.58,88.7,334.0,Very Poor
66.2,113.3,22.1,3.8,0.33,27.5,122.5,Moderate
36.6,60.9,0.0,0.8,1.02,31.5,61.4,Satisfactory
33.6,46.5,48.3,26.9,1.67,41.1,85.4,Satisfactory
46.3,79.3,15.6,0.0,0.29,36.9,72.7,Satisfactory
97.4,148.4,52.0,38.3,2.05,37.0,226.4,Poor
13.9,49.6,27.6,0.0,0.0,7.3,50.9,Satisfactory
108.6,200.9,56.9,12.1,1.46,86.2,261.8,Poor
28.1,42.3,16.6,0.0,0.24,0.0,50.1,Satisfactory
63.5,74.6,36.9,5.1,0.82,37.5,115.7,Moderate
44.3,55.9,41.3,16.9,0.77,46.3,78.8,Satisfactory
79.7,127.0,20.5,32.8,1.5,76.3,163.6,Moderate
17.0,41.3,58.7,14.1,0.0,6.5,72.0,Satisfactory
22.4,26.7,43.7,18.9,0.47,32.2,59.5,Satisfactory
32.7,55.5,4.3,0.0,1.38,18.1,70.2,Satisfactory
0.0,0.0,46.2,0.0,0.0,6.2,61.6,Satisfactory
78.3,131.3,60.1,33.2,2.76,108.7,158.9,Moderate
24.5,56.0,25.4,5.9,1.25,56.4,56.5,Satisfactory
41.6,89.9,33.3,17.4,0.7,10.7,86.5,Satisfactory
60.8,90.1,23.0,0.6,1.21,30.9,102.8,Moderate
164.2,249.2,84.7,50.1,1.86,114.0,334.3,Very Poor
162.9,277.1,73.1,45.4,2.68,88.6,335.8,Very Poor
178.5,293.8,77.3,25.8,2.29,82.2,350.1,Very Poor
0.0,0.0,0.5,6.7,0.87,25.0,44.5,Good
79.6,139.5,52.7,15.3,1.6,55.4,172.8,Moderate
90.9,142.4,77.1,20.1,0.77,81.3,198.9,Moderate
123.3,167.7,87.0,50.9,2.3,104.5,302.5,Very Poor
29.8,67.8,18.5,14.4,0.56,24.1,63.0,Satisfactory
79.0,132.5,42.1,20.3,1.83,85.7,162.1,Moderate
58.0,93.7,62.1,5.5,1.1,24.4,94.0,Satisfactory
41.8,66.3,11.0,16.7,0.0,33.2,69.7,Satisfactory
60.4,101.8,40.5,14.7,1.71,39.5,100.0,Satisfactory
58.1,78.8,24.2,24.8,1.57,69.4,95.5,Satisfactory
116.3,176.5,82.5,46.1,2.18,144.6,285.6,Poor
17.2,4.1,5.6,16.3,0.19,0.0,31.4,Good
23.3,37.4,47.7,14.3,0.94,4.9,56.6,Satisfactory
19.2,29.6,18.0,9.6,0.61,20.8,30.6,Good
18.6,0.0,8.6,0.0,1.83,0.0,90.1,Satisfactory
86.3,181.2,59.6,15.4,1.43,71.2,193.9,Moderate
91.5,152.6,50.5,17.6,1.94,78.1,208.0,Poor
41.7,78.5,34.4,4.3,0.57,25.7,74.1,Satisfactory
25.7,32.7,3.6,34.2,1.47,19.4,74.1,Satisfactory
50.3,108.1,19.8,0.6,1.2,60.8,113.1,Moderate
88.3,128.2,29.9,13.4,1.17,66.6,192.4,Moderate
91.2,194.1,58.2,13.8,2.24,52.9,206.7,Poor
28.3,63.6,47.8,12.3,0.88,50.2,65.7,Satisfactory
23.6,47.3,20.3,3.4,0.9,12.4,44.8,Good
37.5,39.5,7.9,18.3,0.0,18.8,60.5,Satisfactory
126.8,213.8,84.7,42.1,2.91,114.5,301.6,Very Poor
135.5,243.4,91.0,43.9,2.38,114.4,313.4,Very Poor
7.1,13.5,45.9,6.3,0.59,24.7,55.0,Satisfactory
86.7,128.1,36.2,30.3,0.71,53.8,188.0,Moderate
165.5,217.4,55.0,24.0,2.66,122.3,336.1,Very Poor
140.2,241.5,79.9,52.9,1.82,91.9,310.1,Very Poor
126.5,193.1,74.1,42.1,1.89,137.3,304.1,Very Poor
41.2,50.5,35.6,25.3,1.78,79.8,96.5,Satisfactory
87.0,181.1,79.6,38.1,2.33,91.8,195.1,Moderate
132.5,244.2,108.3,28.9,1.97,66.4,307.5,Very Poor
21.2,43.0,14.2,0.0,0.76,19.8,45.2,Good
19.2,16.9,0.0,2.0,0.63,16.8,29.5,Good
78.1,117.1,68.8,20.7,1.3,49.7,163.0,Moderate
65.3,90.5,43.4,14.2,1.58,41.2,120.5,Moderate
130.2,218.6,87.7,36.3,1.75,96.3,306.0,Very Poor
0.0,11.9,22.3,0.0,0.33,38.7,39.7,Good
16.8,11.6,3.9,13.6,0.25,0.0,33.3,Good
172.0,245.4,113.6,32.9,3.13,138.0,338.1,Very Poor
36.4,50.1,37.9,24.9,0.47,0.0,60.7,Satisfactory
85.8,126.7,74.7,29.8,1.37,55.0,185.4,Moderate
74.7,90.3,44.5,33.6,1.07,36.7,149.2,Moderate
52.6,90.2,17.3,10.2,0.63,55.4,89.1,Satisfactory
59.7,100.7,2.2,0.0,1.16,29.1,102.1,Moderate
92.7,175.6,44.7,34.4,1.03,14.4,208.3,Poor
129.2,229.9,91.9,56.0,1.88,120.1,308.9,Very Poor
54.3,36.8,16.8,7.4,1.22,22.7,87.9,Satisfactory
29.8,54.0,26.3,26.9,0.47,61.3,61.9,Satisfactory
141.2,251.9,72.2,40.5,2.02,129.0,321.4,Very Poor
75.4,136.7,2.9,34.4,1.07,25.2,155.3,Moderate
107.0,129.6,51.0,11.5,1.6,86.0,256.7,Poor
57.5,70.2,39.2,14.3,1.19,56.8,97.9,Satisfactory
9.4,16.9,6.8,2.3,0.0,0.0,14.9,Good
45.9,94.0,43.3,30.4,1.04,58.4,91.8,Satisfactory
85.8,109.1,45.8,29.4,0.56,29.9,183.6,Moderate
49.7,91.3,23.8,15.1,1.07,31.2,91.0,Satisfactory
27.7,39.2,18.3,8.2,0.0,7.4,48.9,Good
78.8,115.9,78.5,36.4,1.61,54.8,154.9,Moderate
0.0,0.0,7.2,0.0,0.0,24.5,29.7,Good
130.0,213.9,93.5,36.6,3.07,113.0,308.6,Very Poor
72.1,102.9,46.9,28.3,1.95,53.8,131.7,Moderate
69.2,109.0,51.5,28.5,1.31,31.5,130.9,Moderate
98.4,140.1,103.2,43.6,3.33,96.6,227.7,Poor
113.6,209.0,65.8,39.1,1.92,123.9,280.7,Poor
21.3,44.5,49.5,6.5,0.04,71.5,67.5,Satisfactory
78.4,137.1,44.5,16.5,1.39,44.9,161.5,Moderate
120.5,179.8,106.8,39.0,2.01,106.6,300.6,Very Poor
0.0,25.7,19.9,2.0,0.0,12.9,27.5,Good
6.2,9.3,6.9,0.0,0.85,21.0,40.0,Good
116.0,225.6,36.5,34.6,1.76,72.9,285.3,Poor
127.6,252.5,96.3,25.0,2.42,144.4,303.6,Very Poor
65.9,79.0,33.8,3.9,1.44,67.7,119.6,Moderate
76.9,141.3,43.4,23.2,1.85,93.2,154.4,Moderate
20.0,35.0,0.0,0.0,0.54,7.3,35.6,Good
0.0,0.0,11.3,0.0,1.06,0.0,52.2,Satisfactory
21.2,32.9,40.8,14.3,1.1,15.4,50.7,Satisfactory
3.4,36.3,15.1,0.0,1.3,11.7,67.3,Satisfactory
1.3,9.0,6.7,6.3,0.71,0.0,33.4,Good
35.0,39.4,9.9,11.9,0.31,53.8,53.1,Satisfactory
43.9,76.0,30.1,11.2,0.79,97.0,96.2,Satisfactory
25.6,51.8,29.7,7.4,0.0,7.8,59.9,Satisfactory
13.4,42.4,33.6,8.2,0.0,0.0,44.4,Good
39.2,43.1,28.5,16.7,0.28,58.9,63.5,Satisfactory
44.5,61.0,72.4,23.6,1.5,42.9,93.0,Satisfactory
31.5,76.4,0.0,0.1,0.54,0.0,71.9,Satisfactory
0.0,43.9,13.1,4.8,0.56,39.9,42.5,Good
0.0,23.6,0.0,0.8,0.21,2.4,27.3,Good
66.6,99.5,19.0,7.4,0.49,21.9,120.7,Moderate
50.8,109.6,27.7,29.8,1.15,71.4,99.2,Satisfactory
69.8,98.2,53.1,6.6,0.42,0.0,131.8,Moderate
104.2,141.7,94.8,54.1,1.85,131.6,247.4,Poor
63.8,102.9,43.9,5.1,0.65,31.5,104.1,Moderate
26.3,78.5,46.9,18.1,0.72,17.1,80.9,Satisfactory
94.5,137.8,71.5,56.5,2.72,122.9,215.3,Poor
61.9,96.6,45.7,18.0,0.36,19.1,106.7,Moderate
0.0,18.4,4.3,26.4,1.96,8.6,100.1,Moderate
12.2,14.0,19.4,14.3,0.06,38.3,33.3,Good
0.0,2.0,12.4,0.0,0.76,25.6,40.8,Good
166.7,256.3,75.8,65.1,2.66,82.5,340.0,Very Poor
80.5,147.2,43.1,35.8,1.56,78.7,161.9,Moderate
23.9,24.9,15.6,10.9,0.0,47.5,53.4,Satisfactory
49.9,78.4,28.6,18.3,0.64,45.8,84.0,Satisfactory
36.8,34.0,25.0,7.7,0.94,0.0,62.7,Satisfactory
18.6,12.8,19.8,11.9,1.26,28.6,58.2,Satisfactory
64.0,105.7,35.2,5.4,1.93,38.9,112.9,Moderate
151.3,313.5,83.9,40.8,2.7,131.4,319.5,Very Poor
17.1,20.0,0.0,1.8,0.61,0.0,26.3,Good
43.4,86.7,40.3,23.5,1.45,79.0,85.6,Satisfactory
43.9,81.0,0.0,0.0,1.05,35.4,79.9,Satisfactory
95.1,162.1,67.4,52.4,1.86,66.0,219.1,Poor
59.8,109.4,39.5,37.0,1.99,55.1,108.0,Moderate
101.8,206.3,76.4,31.2,2.19,83.3,243.4,Poor
19.1,27.9,30.3,7.3,0.31,8.3,37.0,Good
0.0,4.0,11.4,13.5,0.41,11.7,17.7,Good
164.9,268.8,91.5,36.8,2.35,114.6,331.2,Very Poor
85.0,163.5,39.1,31.3,1.2,85.8,179.5,Moderate
2.8,10.2,24.3,0.0,0.64,8.1,31.5,Good
81.0,133.2,40.3,37.7,2.31,48.7,165.5,Moderate
18.6,60.7,0.0,0.0,0.9,3.6,60.9,Satisfactory
61.1,80.5,38.2,19.9,0.73,36.3,102.6,Moderate
34.7,39.5,16.4,5.3,1.2,44.0,59.6,Satisfactory
0.0,2.2,25.1,0.0,0.0,46.6,44.8,Good
56.2,48.0,22.3,0.8,1.01,29.7,93.2,Satisfactory
53.8,110.5,47.4,8.7,2.54,63.8,104.7,Moderate
100.5,171.1,68.2,15.2,1.22,84.2,226.7,Poor
39.0,52.5,22.6,8.5,0.29,80.8,86.4,Satisfactory
109.6,127.7,51.1,19.4,2.05,67.5,263.9,Poor
15.9,25.3,10.1,11.3,1.53,59.0,76.2,Satisfactory
44.0,83.5,30.6,29.9,1.97,52.4,99.6,Satisfactory
34.7,53.8,42.5,7.7,0.87,19.9,59.0,Satisfactory
53.3,80.0,2.9,11.0,0.63,27.8,83.8,Satisfactory
62.1,125.6,32.5,10.1,0.0,62.8,113.1,Moderate
124.3,157.3,109.2,51.7,2.56,116.2,301.5,Very Poor
134.8,239.7,95.4,40.4,3.01,108.2,308.1,Very Poor
40.4,71.1,9.9,14.6,0.9,38.7,73.8,Satisfactory
38.4,40.0,22.5,20.5,0.2,10.2,68.4,Satisfactory
87.0,141.9,38.1,14.7,1.39,53.3,189.4,Moderate
103.2,156.1,104.9,24.5,3.13,93.8,246.5,Poor
119.5,162.0,68.5,33.2,2.72,54.4,301.1,Very Poor
39.9,69.5,47.6,9.1,0.13,24.7,71.4,Satisfactory
31.2,71.5,21.4,11.1,0.78,36.7,73.6,Satisfactory
33.1,51.7,26.3,12.6,0.76,35.6,55.4,Satisfactory
44.9,50.2,93.7,15.6,0.88,79.7,107.5,Moderate
37.3,33.7,5.5,23.0,1.4,24.7,72.2,Satisfactory
41.8,86.4,39.7,21.7,1.43,61.2,89.7,Satisfactory
157.5,282.6,104.5,47.6,2.67,128.1,329.1,Very Poor
12.9,1.9,4.3,4.7,0.58,40.4,40.3,Good
49.6,62.0,51.9,10.1,1.23,46.9,85.0,Satisfactory
0.0,3.9,17.0,0.0,0.18,25.1,26.6,Good
158.7,241.3,90.7,48.4,2.59,73.9,330.8,Very Poor
37.3,78.6,19.4,3.7,0.0,0.0,82.6,Satisfactory
20.8,32.4,19.6,0.0,1.11,42.1,54.1,Satisfactory
127.7,193.7,65.8,30.6,2.71,103.5,301.9,Very Poor
72.4,106.3,50.1,12.2,2.01,80.7,138.6,Moderate
9.2,9.1,0.0,9.4,0.22,34.4,31.1,Good
29.6,27.3,42.9,7.0,0.9,27.4,49.9,Good
162.3,222.9,75.3,39.2,2.91,96.7,332.6,Very Poor
35.7,31.6,37.2,24.4,0.38,30.1,60.4,Satisfactory
12.3,32.1,0.0,2.7,0.71,65.0,64.3,Satisfactory
49.9,87.0,38.4,35.6,1.89,44.5,95.7,Satisfactory
43.1,62.4,58.6,12.3,2.09,59.8,105.0,Moderate
27.8,21.4,33.4,21.5,0.8,0.0,45.5,Good
29.8,92.3,0.0,9.4,0.19,13.5,91.2,Satisfactory
58.1,105.0,27.4,14.2,0.44,46.6,104.7,Moderate
73.6,139.3,41.7,34.2,1.08,78.9,143.6,Moderate
21.5,9.4,25.3,14.8,0.66,3.4,33.4,Good
144.3,244.0,94.0,36.5,2.5,81.9,318.4,Very Poor
100.2,169.2,72.2,24.1,2.3,64.6,236.3,Poor
53.6,98.3,26.0,0.8,1.91,25.6,98.8,Satisfactory
41.1,66.4,0.0,3.1,0.48,9.6,63.9,Satisfactory
35.8,89.6,14.8,16.7,0.73,11.4,94.0,Satisfactory
29.6,38.9,18.9,0.0,1.71,9.2,85.7,Satisfactory
69.0,123.3,39.9,27.9,1.17,69.1,132.2,Moderate
61.3,110.4,28.0,24.9,2.02,6.2,106.3,Moderate
19.2,5.8,17.5,5.6,0.03,0.0,33.2,Good
107.1,127.0,58.9,22.1,1.18,49.8,255.8,Poor
4.6,10.7,6.0,5.6,0.0,50.9,48.4,Good
64.6,111.1,38.0,37.1,1.66,70.1,114.3,Moderate
84.9,126.4,33.0,41.4,1.5,71.0,185.6,Moderate
119.4,189.3,47.4,36.8,2.18,84.9,297.3,Poor
122.0,217.8,93.5,45.2,3.11,125.5,301.6,Very Poor
0.1,0.0,16.0,13.2,0.33,15.3,20.5,Good
3.4,0.0,19.1,0.0,0.24,24.3,25.9,Good
56.4,83.6,39.6,37.9,1.49,20.6,89.8,Satisfactory
42.3,19.8,33.9,3.1,0.9,43.6,74.9,Satisfactory
47.7,88.5,26.8,31.4,1.27,46.4,91.8,Satisfactory
70.2,110.6,15.9,11.8,0.32,70.7,139.2,Moderate
0.3,9.8,19.6,14.1,0.53,73.7,70.6,Satisfactory
129.6,207.2,64.5,29.1,2.14,91.6,304.5,Very Poor
52.4,83.7,16.5,11.4,1.02,0.0,80.1,Satisfactory
133.6,260.4,100.3,42.0,2.79,143.3,304.1,Very Poor
50.3,113.2,18.6,13.7,0.86,0.0,105.3,Moderate
92.6,157.7,64.4,24.4,2.16,65.2,208.8,Poor
36.7,84.5,11.0,3.0,1.18,33.2,83.1,Satisfactory
52.8,93.7,51.1,29.7,0.7,59.6,90.9,Satisfactory
23.9,25.6,26.1,4.9,1.19,27.5,55.5,Satisfactory
0.0,17.8,0.0,7.8,0.0,0.0,17.8,Good
31.1,39.6,36.4,21.5,0.54,5.1,51.8,Satisfactory
0.7,0.0,0.0,7.1,0.55,0.0,30.4,Good
6.6,0.0,19.5,32.7,0.41,83.8,85.1,Satisfactory
116.1,234.5,71.2,36.5,2.66,75.5,287.2,Poor
51.9,84.4,25.5,0.0,1.28,53.7,87.2,Satisfactory
92.3,168.0,80.1,30.8,2.84,123.3,203.7,Poor
32.9,57.6,17.0,11.0,0.03,38.7,57.4,Satisfactory
75.8,144.0,18.5,13.0,1.35,105.6,149.1,Moderate
51.0,61.7,11.1,13.6,0.1,53.9,85.2,Satisfactory
29.4,49.8,0.0,2.4,0.0,0.0,43.5,Good
158.8,210.2,105.5,54.7,2.0,88.2,337.5,Very Poor
33.8,63.2,34.5,6.8,0.0,8.6,63.3,Satisfactory
0.0,0.0,24.8,8.5,0.36,32.6,34.0,Good
37.0,53.7,21.6,23.6,1.49,54.2,69.1,Satisfactory
63.7,92.5,38.5,0.7,1.43,5.7,110.2,Moderate
74.0,112.9,68.0,15.0,1.4,39.6,148.0,Moderate
11.2,23.2,20.1,0.2,0.32,13.8,27.6,Good
14.3,49.1,40.7,17.6,1.03,15.5,52.7,Satisfactory
38.0,91.4,0.0,0.0,1.01,9.5,89.4,Satisfactory
50.2,60.2,27.7,13.4,1.13,54.2,86.5,Satisfactory
63.5,98.5,20.1,13.9,1.04,50.7,106.2,Moderate
14.8,36.6,22.6,13.8,1.16,42.1,62.2,Satisfactory
70.9,154.2,39.0,10.9,1.04,34.3,133.7,Moderate
37.7,82.9,19.6,14.3,1.41,43.0,83.8,Satisfactory
19.5,7.1,20.0,19.0,0.35,67.1,70.8,Satisfactory
13.1,32.9,0.0,0.0,0.74,6.7,38.5,Good
11.6,21.9,26.6,1.3,0.26,54.4,55.6,Satisfactory
69.0,124.9,47.9,25.7,2.54,78.7,134.7,Moderate
54.0,76.2,13.9,10.2,0.74,67.1,83.7,Satisfactory
59.5,111.4,39.0,26.5,1.24,76.2,109.2,Moderate
74.9,116.4,42.2,22.9,0.51,67.8,143.9,Moderate
53.4,88.7,0.0,17.9,0.7,0.0,97.1,Satisfactory
40.7,60.1,26.1,15.0,0.69,47.7,66.7,Satisfactory
45.5,42.3,13.3,15.6,1.5,16.0,79.0,Satisfactory
33.3,47.5,38.3,9.6,0.42,25.4,55.4,Satisfactory
53.6,90.4,30.9,27.1,0.8,31.3,92.2,Satisfactory
134.0,185.8,78.8,38.7,3.32,45.6,311.9,Very Poor
32.0,44.6,32.6,18.8,1.13,0.0,60.8,Satisfactory
63.2,102.9,61.9,22.1,0.52,88.4,108.5,Moderate
36.2,56.5,36.2,0.6,0.47,32.7,66.1,Satisfactory
39.7,68.6,24.3,12.3,1.14,62.5,69.7,Satisfactory
28.0,48.3,32.7,10.4,1.2,16.4,60.4,Satisfactory
55.7,86.2,0.0,15.6,0.86,33.4,95.9,Satisfactory
73.3,157.6,78.6,11.2,1.63,66.3,146.8,Moderate
25.1,41.6,50.3,1.3,1.42,82.3,81.2,Satisfactory
76.8,123.2,11.3,0.0,1.39,0.0,155.4,Moderate
80.4,131.5,11.2,7.6,0.69,0.0,172.9,Moderate
157.2,254.7,84.1,46.8,2.17,90.1,330.7,Very Poor
9.1,0.0,2.4,13.0,0.05,12.6,16.3,Good
23.3,38.0,43.9,23.7,1.2,71.4,71.1,Satisfactory
55.0,119.6,28.2,17.9,1.52,32.1,111.1,Moderate
26.7,21.6,14.7,0.0,0.0,19.7,47.2,Good
37.5,52.2,27.0,13.2,1.22,19.5,66.6,Satisfactory
17.8,17.6,30.7,0.0,0.9,35.9,47.5,Good
41.7,57.9,13.3,15.2,0.63,18.5,66.3,Satisfactory
55.1,66.6,45.1,29.4,1.79,4.1,94.8,Satisfactory
106.7,126.3,37.4,21.5,1.18,69.5,249.9,Poor
107.3,152.9,57.3,7.9,1.88,62.6,256.3,Poor
82.9,167.9,58.1,12.2,1.32,123.9,178.5,Moderate
54.4,106.4,31.6,17.0,0.82,0.2,104.3,Moderate
102.2,155.6,38.4,21.5,1.05,48.6,236.8,Poor
95.3,99.5,44.5,37.8,2.22,82.3,218.4,Poor
73.4,106.0,62.0,36.6,1.28,85.8,146.9,Moderate
26.3,60.5,31.1,14.6,0.64,0.0,61.9,Satisfactory
117.4,223.9,58.0,35.3,1.76,58.7,289.1,Poor
142.6,208.5,94.6,52.3,3.28,111.6,313.5,Very Poor
35.1,78.9,30.1,17.8,1.52,22.4,80.6,Satisfactory
34.3,38.6,6.4,13.0,0.0,38.6,60.4,Satisfactory
133.9,233.4,61.6,51.8,2.18,109.6,310.0,Very Poor
52.3,52.5,23.1,2.3,0.94,3.9,87.2,Satisfactory
0.0,0.0,16.4,0.0,0.33,0.0,22.4,Good
58.1,98.4,1.3,29.0,1.23,25.3,102.1,Moderate
72.9,88.5,67.3,15.4,1.03,46.8,145.3,Moderate
1.6,10.2,2.7,0.0,0.06,14.4,10.8,Good
19.0,28.1,22.5,9.8,1.15,54.0,56.6,Satisfactory
103.8,119.7,50.6,43.3,0.44,68.9,251.7,Poor
124.9,172.1,83.3,40.6,2.33,134.6,305.2,Very Poor
132.5,142.0,72.1,39.0,2.38,152.5,301.3,Very Poor
128.4,212.1,89.8,51.5,2.69,96.7,299.7,Poor
0.0,11.8,38.2,30.0,0.47,5.7,44.2,Good
51.4,57.0,38.1,23.9,0.05,38.5,87.0,Satisfactory
37.6,49.8,27.2,2.0,0.0,0.0,66.4,Satisfactory
30.3,44.1,0.0,1.7,0.0,0.3,49.6,Good
17.3,26.4,23.9,19.5,0.89,24.4,44.5,Good
58.4,105.0,80.8,10.7,0.98,82.1,104.1,Moderate
34.8,65.6,5.0,2.7,1.33,52.5,67.4,Satisfactory
0.0,0.0,0.0,17.8,0.07,0.0,22.3,Good
48.2,65.6,19.7,25.7,1.28,36.4,83.9,Satisfactory
91.3,160.2,39.7,15.6,1.97,72.9,205.0,Poor
73.0,78.5,73.7,19.4,0.77,43.9,146.3,Moderate
23.1,43.5,0.0,9.1,0.0,0.0,41.6,Good
131.1,167.3,91.5,7.1,2.24,102.2,313.1,Very Poor
56.4,74.6,57.9,18.0,1.31,48.9,91.8,Satisfactory
54.9,80.3,44.5,18.9,0.04,42.9,94.8,Satisfactory
0.9,15.8,22.6,24.5,0.15,0.0,29.6,Good
54.1,74.5,0.0,14.9,0.62,35.2,93.0,Satisfactory
30.9,35.0,12.1,25.0,0.65,33.7,53.0,Satisfactory
37.2,79.9,39.4,5.6,1.53,37.8,77.9,Satisfactory
91.3,154.3,44.7,26.0,1.54,80.0,198.1,Moderate
9.6,23.3,8.8,0.0,0.01,0.0,24.9,Good
61.9,115.4,65.5,21.0,1.83,60.3,109.7,Moderate
14.0,50.6,21.3,20.6,0.88,0.0,51.9,Satisfactory
59.0,95.3,42.9,6.4,0.69,66.5,98.2,Satisfactory
0.0,0.0,17.0,0.0,0.24,21.7,25.6,Good
145.4,196.6,105.7,41.0,2.02,106.6,323.8,Very Poor
11.1,37.3,33.6,15.7,1.61,39.9,79.4,Satisfactory
42.0,110.5,35.8,16.1,1.15,49.2,106.6,Moderate
71.1,121.8,73.3,28.9,1.92,92.8,137.0,Moderate
24.3,57.9,1.1,6.5,0.42,0.0,64.9,Satisfactory
68.0,103.1,12.6,20.1,1.57,34.4,134.5,Moderate
43.5,90.1,48.9,23.1,1.78,81.3,91.9,Satisfactory
119.3,194.2,82.2,54.2,2.69,162.1,298.1,Poor
19.2,31.8,28.9,7.1,0.0,0.0,34.8,Good
93.1,174.0,31.9,22.8,1.63,28.3,207.7,Poor
28.4,36.3,19.7,18.3,1.7,67.8,79.3,Satisfactory
56.4,109.9,19.3,5.0,0.62,39.7,108.4,Moderate
95.1,144.7,69.5,25.4,1.45,68.8,213.4,Poor
153.7,194.7,97.6,41.3,2.75,93.5,328.0,Very Poor
16.4,22.9,5.3,12.6,0.16,46.9,51.3,Satisfactory
39.6,66.2,18.2,10.7,1.84,28.8,93.1,Satisfactory
142.8,176.1,75.2,31.9,2.2,53.0,319.2,Very Poor
21.4,55.2,21.1,3.8,1.27,51.2,60.0,Satisfactory
56.5,139.0,14.5,42.2,0.66,23.2,127.0,Moderate
76.2,98.7,71.3,25.4,1.63,74.5,157.6,Moderate
8.9,19.7,43.9,2.1,0.33,0.0,53.2,Satisfactory
38.2,75.1,7.9,9.1,0.1,12.5,76.2,Satisfactory
18.5,36.6,23.8,21.7,1.23,41.7,63.3,Satisfactory
132.8,142.6,83.9,39.4,2.3,119.4,313.8,Very Poor
41.4,63.6,31.3,2.8,0.66,0.0,69.5,Satisfactory
124.3,202.6,97.1,57.5,2.55,137.2,302.7,Very Poor
59.0,118.8,23.7,0.0,0.98,6.1,113.9,Moderate
44.3,97.6,26.6,6.1,0.0,34.6,96.8,Satisfactory
0.0,20.3,43.5,5.6,1.44,16.8,70.8,Satisfactory
107.8,150.1,43.6,21.4,2.08,57.4,258.2,Poor
64.7,106.9,20.3,14.8,1.0,15.2,117.7,Moderate
1.7,4.5,26.9,32.9,0.96,18.2,48.6,Good
11.0,21.0,20.7,18.1,0.35,47.8,50.5,Satisfactory
144.2,214.2,92.9,35.6,3.47,151.6,318.5,Very Poor
121.9,211.6,96.6,45.0,3.39,103.7,304.6,Very Poor
116.0,140.9,82.3,57.4,2.27,95.2,292.9,Poor
61.6,69.7,13.7,0.0,0.77,12.2,105.4,Moderate
28.0,29.1,21.8,29.0,1.55,50.7,76.3,Satisfactory
81.7,126.5,61.8,12.0,0.75,6.2,175.2,Moderate
12.8,30.5,26.3,13.9,0.05,0.9,29.0,Good
43.7,60.3,20.7,8.6,1.07,36.6,71.9,Satisfactory
116.4,192.7,89.6,45.5,1.89,129.9,285.4,Poor
79.8,144.8,46.6,35.5,1.9,52.6,163.6,Moderate
59.3,90.6,33.4,27.3,0.49,57.8,97.2,Satisfactory
57.6,53.7,24.0,18.4,0.58,14.0,98.5,Satisfactory
31.2,38.6,12.6,32.4,0.94,38.3,53.3,Satisfactory
81.3,72.2,41.8,21.2,0.62,41.9,165.2,Moderate
178.5,330.2,73.5,24.7,1.76,84.6,342.3,Very Poor
74.8,101.3,52.2,37.4,0.97,73.4,149.3,Moderate
123.5,231.7,101.2,34.5,2.55,115.6,301.9,Very Poor
143.7,219.3,115.5,28.7,2.58,91.8,320.0,Very Poor
32.1,24.8,44.3,13.7,1.15,68.3,69.1,Satisfactory
6.8,5.1,0.0,15.3,0.17,18.6,16.0,Good
29.1,50.9,23.9,5.8,0.0,74.9,80.1,Satisfactory
32.5,49.5,10.3,0.6,0.99,20.3,51.7,Satisfactory
155.2,235.0,112.0,59.3,3.02,104.9,317.4,Very Poor
137.9,227.8,68.1,49.6,2.96,123.6,316.6,Very Poor
35.7,66.9,29.6,24.0,1.16,76.5,83.2,Satisfactory
43.6,63.6,16.0,10.0,0.62,47.2,68.0,Satisfactory
86.1,152.1,40.2,16.2,1.31,69.8,191.3,Moderate
0.0,0.0,26.5,11.4,0.58,33.4,32.0,Good
12.9,21.2,5.5,27.9,0.24,29.7,34.8,Good
5.0,23.6,39.8,23.1,0.35,67.3,64.4,Satisfactory
9.3,10.4,28.3,10.0,2.53,48.5,105.4,Moderate
20.9,34.1,49.4,25.2,0.95,28.5,62.6,Satisfactory
43.0,49.1,18.8,24.0,1.98,43.6,96.7,Satisfactory
33.9,42.0,27.9,0.7,0.17,0.0,57.6,Satisfactory
9.0,23.0,15.0,25.4,0.68,62.5,64.9,Satisfactory
19.1,30.8,36.6,19.7,0.61,63.2,69.9,Satisfactory
111.3,204.4,81.6,29.8,1.47,85.7,275.5,Poor
32.4,56.2,40.0,0.0,1.8,22.2,89.0,Satisfactory
22.7,38.5,41.0,21.7,0.75,51.8,49.3,Good
32.1,77.9,52.6,14.7,1.67,31.8,82.8,Satisfactory
33.8,61.1,14.3,13.1,0.88,22.8,58.2,Satisfactory
104.9,204.8,85.4,44.9,2.63,161.7,245.8,Poor
31.5,57.3,22.4,17.2,1.13,60.7,56.2,Satisfactory
120.9,249.3,102.3,43.4,2.19,98.7,298.9,Poor
74.3,119.3,65.2,29.5,1.84,72.7,152.4,Moderate
22.7,38.8,0.0,4.2,0.26,0.0,36.0,Good
97.9,170.0,53.9,11.4,2.38,72.4,224.4,Poor
16.9,57.0,22.8,5.6,1.29,53.5,64.9,Satisfactory
50.9,98.3,31.5,25.6,1.15,31.6,102.4,Moderate
0.0,0.0,27.4,12.5,1.34,13.8,67.9,Satisfactory
34.3,31.8,11.0,6.9,0.09,4.8,58.1,Satisfactory
36.9,64.5,11.5,14.3,0.0,0.0,62.9,Satisfactory
58.3,64.7,30.4,15.9,0.83,45.2,94.8,Satisfactory
46.0,76.9,0.0,12.7,1.46,0.0,77.9,Satisfactory
47.4,84.9,14.7,7.8,0.29,49.6,88.0,Satisfactory
78.5,112.4,19.6,30.6,1.01,84.8,160.4,Moderate
46.2,86.3,50.9,41.4,1.23,53.1,87.7,Satisfactory
6.5,44.0,0.0,2.8,0.34,53.3,49.3,Good
22.6,45.9,36.6,6.8,1.47,15.6,73.3,Satisfactory
66.9,105.6,70.1,8.2,2.09,115.1,121.6,Moderate
30.2,70.0,43.7,5.6,0.54,46.9,70.0,Satisfactory
143.7,251.4,91.5,34.7,3.28,97.3,321.6,Very Poor
74.9,112.5,25.8,15.4,1.4,69.2,152.6,Moderate
9.1,4.6,0.0,10.8,1.05,40.3,54.7,Satisfactory
28.4,61.0,17.0,12.5,0.2,0.0,58.9,Satisfactory
131.8,184.1,116.9,44.8,3.23,101.3,308.2,Very Poor
42.9,59.5,42.1,15.8,0.66,78.0,77.7,Satisfactory
155.3,247.4,91.1,20.5,2.65,134.6,328.7,Very Poor
77.3,115.0,34.2,26.1,0.77,43.1,157.8,Moderate
0.0,0.0,18.5,7.7,0.05,0.0,25.0,Good
122.5,178.3,77.5,41.9,3.37,77.3,307.8,Very Poor
20.7,24.5,27.7,0.0,0.53,7.3,32.4,Good
69.1,127.7,6.7,31.5,0.0,19.6,128.8,Moderate
29.6,55.3,9.5,5.9,0.0,0.0,57.5,Satisfactory
44.3,72.0,40.1,32.9,1.42,88.8,91.9,Satisfactory
136.2,222.2,77.7,30.7,2.5,140.3,315.9,Very Poor
19.3,15.1,35.6,7.8,1.65,19.6,85.9,Satisfactory
45.7,43.1,24.7,16.5,0.28,13.2,77.8,Satisfactory
65.9,119.0,29.0,15.3,1.99,7.0,122.1,Moderate
165.3,241.4,77.7,47.8,3.04,132.4,339.5,Very Poor
99.8,154.0,55.1,30.5,1.77,32.9,229.4,Poor
44.1,80.0,32.9,2.8,1.53,75.7,80.5,Satisfactory
143.0,273.0,95.7,46.0,2.91,107.6,317.6,Very Poor
60.1,100.4,10.3,29.9,0.55,6.1,102.3,Moderate
139.8,271.6,91.1,48.1,3.35,92.5,314.9,Very Poor
32.9,63.3,36.5,20.4,0.91,45.5,60.9,Satisfactory
80.4,102.9,58.2,23.7,1.33,62.4,168.7,Moderate
4.4,9.7,24.4,28.8,0.1,20.0,40.5,Good
97.2,202.0,86.5,41.3,1.66,103.8,226.8,Poor
88.8,186.2,46.4,19.4,2.19,55.1,196.9,Moderate
41.2,76.8,34.2,31.8,1.53,55.9,79.8,Satisfactory
135.7,221.1,111.5,36.1,2.97,138.7,308.0,Very Poor
33.5,60.7,29.4,4.3,0.0,34.1,64.2,Satisfactory
18.7,35.9,23.5,20.8,0.48,0.0,34.6,Good
100.2,179.1,80.3,53.0,3.27,133.8,231.4,Poor
54.9,106.7,21.8,17.3,1.55,74.7,106.8,Moderate
139.2,237.4,92.7,44.7,2.51,111.6,316.2,Very Poor
83.3,146.4,42.3,34.8,0.88,43.4,178.8,Moderate
0.0,4.6,4.7,15.4,0.71,14.6,34.0,Good
51.0,82.7,62.8,25.3,1.42,73.7,82.8,Satisfactory
69.6,99.6,27.0,6.0,1.48,51.7,132.6,Moderate
44.7,75.7,30.0,9.7,0.01,44.4,79.5,Satisfactory
0.0,7.1,27.9,6.8,0.0,9.0,36.2,Good
11.3,26.6,2.3,0.0,0.17,34.6,33.5,Good
53.0,107.0,33.1,12.7,0.81,29.7,103.7,Moderate
52.6,62.7,58.7,19.3,0.99,13.8,89.6,Satisfactory
118.3,154.4,73.4,45.6,2.43,94.7,296.6,Poor
47.2,73.4,39.7,23.8,1.7,61.9,86.4,Satisfactory
55.9,109.9,53.2,17.9,0.3,32.5,103.2,Moderate
54.9,63.8,29.9,10.3,0.93,35.4,88.5,Satisfactory
51.9,104.3,35.1,12.5,1.55,71.8,102.4,Moderate
48.9,64.6,30.8,17.3,1.12,39.8,77.9,Satisfactory
47.7,71.6,10.6,10.4,1.32,29.0,80.8,Satisfactory
129.2,184.9,84.6,50.7,1.87,102.7,308.0,Very Poor
20.7,39.0,6.1,20.8,0.03,41.6,44.0,Good
23.7,56.5,24.7,10.9,1.52,33.0,78.7,Satisfactory
47.2,65.2,74.9,21.6,2.36,82.8,104.0,Moderate
0.0,0.0,13.5,17.7,1.15,1.3,60.1,Satisfactory
55.7,111.4,49.7,14.4,1.46,84.6,108.5,Moderate
41.0,32.1,14.2,3.9,0.0,0.0,66.1,Satisfactory
158.9,255.8,72.5,52.8,2.66,123.9,328.6,Very Poor
39.4,69.7,8.4,10.9,0.0,14.4,70.9,Satisfactory
40.1,131.4,55.3,29.0,1.76,28.5,120.1,Moderate
12.3,20.3,41.5,18.2,0.28,33.6,50.8,Satisfactory
128.6,181.4,85.2,42.9,1.9,133.0,306.3,Very Poor
18.8,40.2,6.5,0.0,0.65,44.8,47.0,Good
49.3,95.0,58.8,29.4,0.67,11.9,91.8,Satisfactory
44.3,70.5,56.5,39.8,1.36,105.7,114.4,Moderate
0.0,0.0,22.5,2.5,0.0,40.6,44.3,Good
135.1,171.9,69.6,45.1,2.39,103.2,314.7,Very Poor
49.7,91.3,63.4,30.5,2.33,73.4,109.6,Moderate
142.8,209.9,83.1,44.1,3.1,142.3,319.7,Very Poor
81.7,130.4,19.1,11.8,1.9,65.3,174.3,Moderate
19.3,43.4,26.9,18.2,1.37,19.9,69.2,Satisfactory
12.5,35.2,9.1,16.5,0.05,30.9,35.2,Good
14.5,20.0,0.0,3.5,0.12,4.7,25.3,Good
82.9,163.3,47.6,21.4,1.72,76.5,180.5,Moderate
65.8,97.7,44.0,23.4,0.81,9.9,116.4,Moderate
133.5,207.3,97.5,32.5,3.19,102.4,314.1,Very Poor
31.3,43.0,22.2,11.8,1.01,31.6,52.0,Satisfactory
135.2,185.0,86.7,60.1,2.17,73.8,313.6,Very Poor
48.9,99.7,49.2,0.0,0.61,68.3,98.3,Satisfactory
36.5,46.4,43.8,0.0,0.96,52.7,56.4,Satisfactory
113.5,245.1,96.0,37.8,3.24,134.1,279.2,Poor
69.8,126.7,66.1,10.7,0.81,68.6,131.1,Moderate
29.5,43.1,37.8,14.7,0.77,58.5,54.6,Satisfactory
71.4,144.9,15.4,1.9,1.23,33.7,137.9,Moderate
0.0,5.8,0.0,19.3,0.0,0.0,29.2,Good
3.5,3.7,0.0,0.0,1.74,10.0,81.4,Satisfactory
47.9,73.2,22.1,3.5,0.0,50.7,78.5,Satisfactory
105.0,171.6,42.2,7.3,1.35,73.0,248.5,Poor
35.9,55.5,38.5,16.0,0.0,43.6,60.9,Satisfactory
170.8,236.8,64.5,48.1,3.62,90.1,336.8,Very Poor
117.8,180.3,72.1,48.2,3.06,120.7,287.4,Poor
95.8,201.3,55.3,36.3,2.52,45.9,222.7,Poor
16.3,22.3,0.0,1.4,0.0,6.0,25.9,Good
72.5,114.6,0.0,16.7,0.47,27.1,145.8,Moderate
71.8,115.6,49.2,39.9,1.45,65.7,139.4,Moderate
45.9,71.5,28.5,12.4,1.01,50.0,78.3,Satisfactory
125.4,214.4,90.5,22.4,2.88,123.2,306.4,Very Poor
132.9,228.8,87.6,45.4,3.2,80.0,309.0,Very Poor
104.7,176.3,51.3,20.1,1.73,48.8,246.0,Poor
74.9,85.8,28.0,3.3,0.21,14.9,147.3,Moderate
25.3,38.3,38.2,16.3,0.76,12.6,52.3,Satisfactory
16.3,38.3,37.6,9.2,0.57,47.8,49.9,Good
10.1,0.0,8.9,12.2,1.26,0.0,61.9,Satisfactory
61.1,97.5,60.4,22.0,0.95,47.1,108.9,Moderate
139.7,196.1,84.3,46.9,2.78,115.8,315.5,Very Poor
32.7,59.7,0.0,34.3,1.27,18.4,62.7,Satisfactory
29.3,52.5,26.4,22.3,0.79,0.0,51.8,Satisfactory
18.2,22.8,33.5,0.0,0.0,3.9,40.7,Good
146.8,214.0,91.4,51.8,2.27,125.6,320.8,Very Poor
39.0,93.6,26.6,16.6,1.11,10.0,97.9,Satisfactory
94.8,177.6,86.6,48.1,3.43,72.8,214.5,Poor
65.9,99.6,29.8,24.4,1.13,26.3,115.6,Moderate
83.5,127.0,69.9,21.2,1.69,69.2,178.2,Moderate
68.0,92.7,70.6,33.3,1.59,98.3,126.0,Moderate
44.5,103.1,26.9,4.8,0.72,6.9,104.5,Moderate
19.8,35.0,42.7,11.5,0.94,8.1,58.9,Satisfactory
41.8,57.5,5.9,16.3,1.35,34.1,76.2,Satisfactory
30.7,52.2,10.2,18.4,0.93,32.0,54.6,Satisfactory
66.6,111.2,21.0,6.0,1.35,9.2,121.3,Moderate
0.0,13.8,33.1,4.7,0.7,29.9,39.5,Good
0.9,10.2,24.6,9.7,1.84,5.6,94.4,Satisfactory
66.4,104.0,35.1,15.0,0.35,45.3,127.9,Moderate
10.4,8.0,3.6,1.1,0.0,23.1,20.6,Good
38.3,43.2,50.0,0.0,0.07,40.4,67.3,Satisfactory
100.5,152.8,100.0,52.8,2.48,135.0,238.5,Poor
10.9,51.9,20.5,2.8,0.0,40.4,52.5,Satisfactory
70.4,79.8,58.5,11.7,1.81,67.6,136.6,Moderate
69.3,94.6,43.2,2.3,1.35,22.0,132.1,Moderate
7.8,12.9,25.4,0.0,0.02,18.7,38.9,Good
123.0,175.1,83.5,37.1,2.61,81.9,302.1,Very Poor
71.9,72.1,33.6,16.6,0.87,30.7,138.9,Moderate
36.1,82.6,44.9,20.8,0.94,65.4,83.9,Satisfactory
68.1,134.8,30.0,13.5,0.98,28.1,127.7,Moderate
69.9,106.9,38.1,28.7,1.65,72.8,129.8,Moderate
46.0,63.7,75.8,28.8,1.56,57.0,90.6,Satisfactory
57.2,97.5,0.0,0.0,0.83,40.9,99.0,Satisfactory
36.0,58.4,16.0,15.2,1.15,59.1,55.5,Satisfactory
132.8,235.1,96.1,35.9,3.42,129.9,305.8,Very Poor
56.5,62.7,47.0,30.5,1.53,70.2,91.0,Satisfactory
30.8,52.2,13.5,6.2,0.0,9.0,52.3,Satisfactory
50.5,51.8,69.3,38.7,0.94,92.2,91.7,Satisfactory
29.1,39.0,0.0,0.0,0.0,18.8,50.3,Satisfactory
31.0,40.2,29.3,1.2,0.43,0.0,52.7,Satisfactory
51.2,83.3,50.1,20.5,0.85,47.9,85.9,Satisfactory
24.5,58.1,13.0,13.0,0.0,0.0,59.0,Satisfactory
55.1,77.7,34.0,15.7,1.26,42.4,90.4,Satisfactory
99.4,116.9,55.1,27.9,2.4,33.7,229.6,Poor
126.6,256.1,90.7,34.4,2.34,134.9,304.9,Very Poor
25.5,55.5,19.5,29.1,0.0,31.5,51.6,Satisfactory
100.2,203.3,56.9,42.0,2.36,96.0,235.2,Poor
154.4,227.5,88.0,33.1,3.19,115.9,327.7,Very Poor
6.5,22.8,9.4,0.0,0.0,3.0,24.4,Good
118.9,204.1,75.8,39.4,2.46,153.3,299.6,Poor
54.6,98.9,35.4,39.3,1.29,40.0,97.6,Satisfactory
73.2,126.5,62.3,19.6,1.48,78.7,142.2,Moderate
65.7,75.0,60.3,46.5,1.86,74.5,120.5,Moderate
20.5,45.6,29.7,17.8,0.68,36.2,42.0,Good
54.4,70.8,80.4,12.4,1.01,99.3,100.6,Moderate
13.1,0.0,18.7,11.4,0.0,12.2,22.4,Good
54.2,111.2,6.6,3.8,0.29,0.0,106.1,Moderate
72.6,142.9,57.5,14.8,1.54,84.4,138.2,Moderate
117.3,209.8,55.3,35.7,1.2,80.9,292.8,Poor
47.8,85.4,29.4,3.7,0.95,0.6,88.5,Satisfactory
0.0,12.5,22.3,11.5,0.01,0.0,29.9,Good
117.6,216.5,100.9,31.4,1.68,98.7,297.2,Poor
7.9,19.5,0.0,7.9,0.74,61.0,63.6,Satisfactory
136.5,249.3,73.6,46.5,2.99,117.8,309.6,Very Poor
65.4,81.1,62.3,23.7,2.35,75.0,116.4,Moderate
17.8,16.1,22.5,14.5,0.66,45.3,43.7,Good
64.3,139.4,12.8,0.0,0.62,24.9,127.9,Moderate
46.9,61.3,1.4,4.2,0.45,63.7,78.7,Satisfactory
74.8,146.7,0.0,6.9,1.09,47.9,147.4,Moderate
11.9,7.3,13.7,18.0,0.0,35.0,32.7,Good
94.5,158.6,32.3,21.3,1.97,65.8,211.8,Poor
87.2,162.6,61.1,39.6,1.59,80.3,195.0,Moderate
17.3,8.6,24.4,15.5,0.61,4.2,24.7,Good
8.1,20.8,41.8,7.2,0.25,9.8,52.6,Satisfactory
47.5,101.1,34.9,18.3,0.0,47.7,98.7,Satisfactory
56.1,76.3,26.8,30.8,0.84,67.8,94.2,Satisfactory
70.3,140.3,47.9,30.3,1.67,57.9,133.0,Moderate
0.0,14.8,18.9,15.2,0.2,1.9,20.4,Good
0.0,27.8,16.1,21.7,0.66,18.5,30.1,Good
50.4,80.4,34.9,1.4,1.07,62.7,88.7,Satisfactory
83.6,131.0,20.5,19.3,1.13,54.1,180.2,Moderate
75.9,113.7,80.0,19.3,1.6,59.4,153.2,Moderate
67.4,112.7,89.5,21.2,1.91,32.8,123.7,Moderate
15.5,28.3,0.0,7.7,0.0,21.5,25.2,Good
144.2,179.3,75.2,41.3,2.11,100.5,315.0,Very Poor
5.3,6.7,39.3,7.9,0.43,39.5,52.5,Satisfactory
38.7,40.3,28.5,5.5,0.61,6.8,64.7,Satisfactory
63.1,98.8,46.2,0.0,0.76,40.7,110.1,Moderate
52.6,60.1,12.5,8.9,1.72,53.2,89.7,Satisfactory
49.1,65.3,36.2,29.1,1.4,6.6,82.6,Satisfactory
82.8,156.5,32.8,15.2,1.68,107.3,173.4,Moderate
36.7,65.1,36.5,16.7,1.36,60.8,68.7,Satisfactory
80.6,174.0,52.0,38.0,2.32,34.8,168.8,Moderate
118.2,181.4,86.3,24.9,2.16,127.9,285.9,Poor
73.6,158.6,21.1,30.3,2.2,83.5,143.2,Moderate
19.7,43.9,0.0,0.0,0.0,0.0,44.4,Good
129.8,233.3,65.4,52.4,3.48,97.1,306.1,Very Poor
28.3,65.8,4.2,0.0,0.68,31.0,65.9,Satisfactory
71.6,97.2,59.9,18.3,1.58,38.0,140.9,Moderate
126.8,158.8,87.5,44.4,3.09,121.8,304.7,Very Poor
71.2,108.7,49.8,31.1,1.38,57.2,143.3,Moderate
96.8,139.9,57.9,27.4,2.15,71.9,222.5,Poor
52.8,97.8,19.2,6.5,0.34,7.2,95.2,Satisfactory
14.5,0.0,35.6,16.9,0.58,53.1,50.2,Satisfactory
126.9,239.9,91.6,31.3,2.65,117.7,304.8,Very Poor
146.3,251.0,80.2,38.3,3.05,96.9,323.0,Very Poor
16.7,32.0,29.0,26.6,0.49,27.0,39.4,Good
12.5,23.1,19.5,11.2,0.89,0.0,43.0,Good
22.0,39.8,31.0,13.3,0.43,67.5,65.9,Satisfactory
0.0,0.0,0.0,0.0,0.0,27.3,25.3,Good
51.8,123.8,54.1,10.8,1.49,47.8,117.9,Moderate
93.5,151.6,29.8,14.9,0.47,39.9,207.8,Poor
90.1,112.6,31.5,43.6,1.17,60.5,201.5,Poor
120.7,222.9,99.9,42.3,2.57,157.0,303.4,Very Poor
36.1,38.5,9.6,9.9,1.75,46.6,79.8,Satisfactory
66.3,136.1,15.1,9.3,1.59,29.6,118.4,Moderate
18.4,14.3,5.7,16.5,0.42,0.0,34.1,Good
135.9,208.9,80.1,44.0,2.54,135.4,312.9,Very Poor
46.4,98.2,28.2,13.9,0.36,45.1,98.1,Satisfactory
32.0,50.1,43.4,17.2,0.82,40.0,54.8,Satisfactory
32.4,36.7,23.2,8.6,0.8,23.3,55.5,Satisfactory
21.9,34.1,8.6,10.6,0.0,33.3,40.1,Good
47.9,60.4,21.6,30.8,0.21,15.2,77.8,Satisfactory
1.1,0.0,29.4,18.2,0.83,25.5,42.0,Good
14.5,25.0,17.4,0.0,0.0,38.1,43.8,Good
49.9,74.6,37.2,19.7,0.88,30.2,86.0,Satisfactory
45.8,39.7,11.7,7.2,0.49,29.8,71.9,Satisfactory
43.7,105.6,48.0,21.8,0.88,35.5,106.0,Moderate
15.1,23.8,13.6,14.0,0.79,6.8,40.1,Good
97.3,126.2,83.8,21.9,1.63,27.2,224.2,Poor
44.1,54.4,51.1,8.7,0.62,51.3,68.6,Satisfactory
53.7,88.0,34.4,7.8,2.49,37.1,106.7,Moderate
60.8,90.2,33.3,23.0,0.65,49.3,100.5,Moderate
13.8,36.7,5.3,16.7,0.71,32.9,40.8,Good
116.4,230.7,107.3,50.6,2.4,142.6,282.4,Poor
67.6,79.9,58.5,24.1,1.32,72.8,124.4,Moderate
21.9,16.5,4.7,0.0,0.0,0.0,38.9,Good
24.4,41.9,6.4,5.2,0.78,21.7,43.4,Good
143.2,248.4,92.3,47.6,3.23,96.7,315.3,Very Poor
0.0,2.7,0.0,10.6,0.31,37.7,35.7,Good
91.9,151.6,90.7,46.9,2.83,104.7,210.0,Poor
40.2,64.4,72.3,38.0,1.42,91.0,88.9,Satisfactory
96.3,219.4,47.0,10.7,1.72,42.7,218.7,Poor
18.2,28.1,19.0,24.7,0.74,19.2,37.5,Good
78.3,142.9,46.6,10.7,1.45,69.7,159.9,Moderate
44.7,91.4,38.7,32.7,0.97,93.1,93.8,Satisfactory
39.2,115.7,40.8,23.1,0.87,23.0,112.8,Moderate
40.8,38.6,20.3,25.0,0.93,24.4,70.4,Satisfactory
8.7,0.0,3.4,11.4,1.45,24.9,70.8,Satisfactory
59.4,123.9,11.8,27.8,1.91,45.4,109.7,Moderate
90.6,134.3,60.8,18.9,1.58,47.1,201.5,Poor
66.9,91.6,23.2,23.5,0.8,65.9,125.3,Moderate
28.1,61.8,28.4,14.7,1.16,20.8,60.5,Satisfactory
102.4,161.8,71.4,28.3,2.81,99.6,239.9,Poor
34.3,48.0,50.6,4.0,0.63,5.9,66.2,Satisfactory
44.9,87.7,26.9,12.2,0.37,0.0,87.2,Satisfactory
57.9,125.2,43.3,26.0,1.49,62.6,118.0,Moderate
59.9,108.7,76.0,41.6,2.03,4.6,110.5,Moderate
118.2,216.4,65.2,39.5,2.56,69.3,289.3,Poor
11.9,25.9,13.1,0.0,0.0,0.2,28.3,Good
72.0,167.0,25.9,21.4,1.43,55.1,144.8,Moderate
50.8,69.1,20.8,14.4,1.45,23.6,86.3,Satisfactory
41.1,76.3,18.4,19.1,0.48,39.5,76.0,Satisfactory
22.3,32.4,15.0,6.0,1.21,0.0,60.4,Satisfactory
34.2,68.0,22.4,16.8,0.56,23.1,72.3,Satisfactory
47.7,89.5,24.5,7.1,0.5,24.0,87.7,Satisfactory
46.9,85.4,15.6,19.9,0.65,30.9,89.2,Satisfactory
43.9,53.9,22.4,4.0,0.17,0.0,70.9,Satisfactory
0.0,11.9,9.8,0.0,0.35,8.4,17.5,Good
47.4,70.7,20.9,19.0,0.5,28.8,80.9,Satisfactory
129.2,229.1,98.0,53.8,1.97,92.3,304.5,Very Poor
63.4,99.2,68.2,17.6,1.14,91.3,113.4,Moderate
148.7,280.1,87.6,49.2,2.47,115.4,317.6,Very Poor
28.2,25.3,20.0,0.0,1.11,33.3,50.6,Satisfactory
76.7,111.8,50.9,29.4,0.84,76.0,153.2,Moderate
17.6,13.4,7.7,22.3,0.0,48.8,48.1,Good
0.0,1.5,0.0,3.9,0.16,52.0,48.5,Good
20.1,44.6,6.0,0.0,0.69,0.0,41.4,Good
48.9,95.3,18.3,21.9,0.46,79.7,93.2,Satisfactory
98.5,178.9,49.7,4.5,1.67,72.0,228.8,Poor
83.9,108.3,32.3,12.3,1.16,14.5,181.5,Moderate
51.5,128.0,35.4,4.3,0.96,50.0,116.9,Moderate
79.2,142.5,45.9,31.4,2.03,68.9,168.9,Moderate
74.4,133.7,63.7,20.1,1.35,38.8,148.8,Moderate
0.0,16.9,0.0,10.3,0.92,30.1,49.0,Good
13.8,19.7,10.8,8.1,0.3,12.3,20.6,Good
32.9,55.3,8.0,27.1,1.12,2.5,58.2,Satisfactory
150.4,295.5,112.0,46.2,1.93,117.3,324.2,Very Poor
86.3,113.2,38.8,16.2,1.5,73.7,188.1,Moderate
3.1,1.5,28.1,6.0,0.79,44.1,42.3,Good
23.1,27.6,33.7,0.0,0.55,15.0,44.6,Good
27.1,30.6,40.2,2.2,0.53,0.0,53.3,Satisfactory
74.4,126.0,47.5,30.5,2.3,73.2,146.0,Moderate
9.6,3.6,30.9,8.5,0.31,11.5,43.3,Good
49.9,101.3,71.9,25.7,1.67,64.1,92.0,Satisfactory
110.1,210.0,54.5,20.0,1.87,38.9,267.5,Poor
66.4,118.0,38.2,0.0,1.1,24.1,120.8,Moderate
51.2,77.2,46.3,24.8,1.8,73.8,90.0,Satisfactory
87.8,199.5,61.9,29.1,2.09,83.0,189.4,Moderate
56.3,61.2,57.9,29.6,2.14,68.6,97.7,Satisfactory
19.4,5.8,10.5,28.7,0.18,61.9,65.5,Satisfactory
96.0,113.3,65.7,25.3,1.36,40.5,212.5,Poor
55.9,57.9,61.8,44.1,2.22,45.6,97.0,Satisfactory
89.2,136.6,42.4,12.9,0.78,52.9,198.3,Moderate
52.4,88.6,31.9,23.3,0.66,38.6,78.4,Satisfactory
33.0,56.0,12.4,24.0,1.11,51.5,50.8,Satisfactory
9.8,11.3,6.8,14.5,0.0,50.5,52.0,Satisfactory
41.2,61.6,26.2,27.7,0.82,44.0,66.8,Satisfactory
53.6,140.5,62.1,31.8,1.81,87.2,130.3,Moderate
129.5,180.1,82.3,34.8,2.51,108.5,302.3,Very Poor
77.3,132.8,92.7,41.0,1.43,65.2,158.6,Moderate
6.2,10.6,14.7,0.0,0.38,18.3,19.4,Good
162.7,216.7,107.5,43.2,2.75,108.1,336.5,Very Poor
36.8,56.4,38.2,11.0,1.15,0.0,61.4,Satisfactory
0.0,0.0,11.3,0.0,0.52,42.3,43.2,Good
94.2,194.5,44.5,18.8,1.95,79.2,216.3,Poor
78.0,137.1,58.4,16.2,2.63,58.3,159.1,Moderate
11.1,8.4,0.0,0.0,1.33,29.7,69.5,Satisfactory
19.1,29.6,0.0,0.0,0.0,5.6,30.9,Good
33.1,68.5,28.5,6.8,0.0,15.1,66.9,Satisfactory
0.0,0.0,10.1,0.0,0.0,0.0,12.2,Good
114.7,189.1,94.1,43.3,2.24,117.6,284.3,Poor
94.1,177.4,58.9,35.1,1.63,78.5,211.3,Poor
68.8,137.4,68.5,11.8,1.07,69.6,127.3,Moderate
57.8,77.2,26.8,8.8,0.6,35.6,96.7,Satisfactory
68.9,131.4,55.8,12.6,1.83,96.1,133.7,Moderate
84.9,123.4,52.8,32.3,1.22,70.8,186.9,Moderate
66.2,75.0,53.5,23.7,1.88,55.9,125.9,Moderate
52.4,66.5,55.6,23.5,1.01,31.4,87.4,Satisfactory
61.5,128.3,27.6,0.0,0.13,30.9,118.4,Moderate
63.3,95.8,61.1,23.2,0.87,73.2,112.6,Moderate
84.2,154.4,77.6,45.2,2.24,109.2,180.1,Moderate
8.2,14.0,2.4,0.0,0.55,26.4,25.2,Good
108.4,165.1,21.6,30.0,1.68,65.7,259.4,Poor
38.2,58.1,14.8,12.1,0.24,8.2,60.2,Satisfactory
34.6,55.2,36.5,11.3,1.01,0.0,57.5,Satisfactory
63.5,95.8,33.6,14.2,0.83,20.7,110.2,Moderate
86.5,121.2,64.4,35.6,0.72,53.4,185.9,Moderate
49.4,52.3,56.8,22.3,0.47,27.4,84.1,Satisfactory
50.8,129.8,25.9,10.7,0.9,30.1,120.2,Moderate
38.2,72.7,21.0,28.2,1.43,37.2,68.9,Satisfactory
107.5,173.4,80.8,38.1,2.63,62.3,255.0,Poor
85.0,97.4,55.4,39.0,2.19,63.8,182.0,Moderate
4.7,15.3,18.3,11.9,0.99,52.3,52.6,Satisfactory
51.4,105.6,43.1,14.9,0.51,7.1,103.6,Moderate
162.7,263.6,83.7,57.2,1.19,85.5,330.1,Very Poor
65.3,125.2,33.7,30.0,1.24,33.6,120.6,Moderate
69.9,137.9,48.5,7.6,1.4,40.5,135.7,Moderate
48.4,85.0,73.8,16.5,2.19,63.2,105.9,Moderate
40.7,87.4,19.6,10.2,0.0,17.4,84.0,Satisfactory
58.4,102.8,28.0,6.0,0.45,10.0,103.6,Moderate
28.5,48.1,28.3,8.1,1.0,24.3,51.6,Satisfactory
63.9,85.2,36.3,24.8,0.54,16.1,112.2,Moderate
0.0,35.0,31.4,6.1,0.79,0.0,47.3,Good
39.5,43.6,0.2,18.9,0.29,37.0,64.2,Satisfactory
56.4,57.9,40.8,32.6,2.86,74.6,108.0,Moderate
58.1,95.2,23.3,27.3,0.76,15.6,103.3,Moderate
0.0,0.0,2.6,31.1,1.26,44.9,62.2,Satisfactory
72.0,105.8,42.7,15.8,0.82,30.0,139.3,Moderate
54.2,130.3,0.0,19.1,1.2,57.9,120.0,Moderate
102.9,221.1,92.0,60.8,1.58,96.2,247.3,Poor
39.9,61.9,3.1,21.5,0.05,17.0,64.2,Satisfactory
52.2,117.8,26.5,0.0,0.03,35.2,107.9,Moderate
84.1,130.9,22.5,3.0,0.36,15.2,179.5,Moderate
61.6,136.5,44.7,0.0,0.69,61.1,122.6,Moderate
77.2,134.0,12.8,7.7,0.22,43.6,153.1,Moderate
66.5,150.7,27.1,41.5,1.82,80.0,131.5,Moderate
54.4,133.7,28.7,25.4,0.99,46.7,117.4,Moderate
40.1,66.9,0.0,23.4,0.25,0.0,65.9,Satisfactory
16.0,37.0,48.3,9.0,1.11,14.4,67.8,Satisfactory
38.9,67.0,22.9,33.5,0.23,37.7,67.0,Satisfactory
15.7,35.2,21.1,10.2,0.0,21.0,30.2,Good
46.6,87.4,43.0,38.4,1.61,99.6,100.8,Moderate
136.8,203.1,89.3,43.3,3.0,106.2,309.8,Very Poor
75.9,118.4,20.7,10.7,1.01,1.7,148.7,Moderate
16.6,24.4,2.8,0.0,0.14,0.0,28.4,Good
96.8,148.5,28.7,41.1,2.35,65.4,226.6,Poor
31.0,73.4,5.6,14.0,0.86,24.7,72.1,Satisfactory
51.4,107.3,28.1,14.7,0.0,0.0,104.0,Moderate
109.4,214.4,58.3,27.2,1.89,54.1,260.3,Poor
56.9,83.4,35.2,34.2,2.4,65.0,102.6,Moderate
20.5,36.2,0.0,0.0,0.37,14.6,37.3,Good
132.8,256.3,97.0,34.2,3.02,99.5,310.1,Very Poor
15.8,45.8,0.0,0.0,0.25,24.4,46.3,Good
21.8,51.7,3.5,0.0,0.24,35.6,50.6,Satisfactory
18.6,41.8,36.6,4.3,0.0,13.7,39.0,Good
130.6,251.9,113.1,42.1,2.84,92.8,307.1,Very Poor
0.0,0.0,7.4,9.0,0.05,16.7,15.7,Good
29.1,18.4,12.6,13.6,0.3,8.0,47.9,Good
63.7,90.1,47.8,22.1,1.44,58.4,113.2,Moderate
18.5,22.2,0.0,4.2,0.72,86.6,88.2,Satisfactory
41.8,44.8,51.2,28.5,0.9,62.3,67.6,Satisfactory
50.5,83.5,36.6,9.0,1.2,41.2,84.5,Satisfactory
29.8,76.0,32.5,7.9,0.42,25.2,82.6,Satisfactory
106.9,199.9,82.4,46.6,3.04,98.6,254.4,Poor
111.2,237.1,63.9,33.9,1.79,105.4,270.7,Poor
0.0,9.2,31.1,0.0,0.16,0.0,36.4,Good
8.2,32.5,17.9,0.0,0.89,15.4,44.8,Good
46.1,34.9,29.2,29.4,1.03,0.0,77.7,Satisfactory
103.0,124.7,75.8,37.4,1.95,114.1,239.1,Poor
24.6,48.6,14.1,23.0,1.88,79.4,94.3,Satisfactory
149.8,239.0,113.7,38.8,1.91,101.9,320.1,Very Poor
92.4,153.3,50.5,16.5,2.15,27.4,207.2,Poor
131.2,229.6,87.5,40.3,2.44,97.8,311.0,Very Poor
49.8,92.4,61.6,28.1,1.26,75.6,94.0,Satisfactory
101.2,173.5,88.7,12.0,2.03,73.6,233.6,Poor
0.0,19.0,8.1,0.0,1.23,0.0,62.3,Satisfactory
130.0,244.6,100.1,60.7,2.77,123.1,308.7,Very Poor
88.3,170.6,68.2,19.4,1.48,69.8,190.3,Moderate
163.9,259.3,68.1,38.0,2.75,123.5,334.3,Very Poor
115.0,158.0,93.2,40.6,2.89,139.7,285.4,Poor
34.2,70.2,0.0,0.0,0.59,14.8,71.5,Satisfactory
20.6,46.9,30.9,6.9,0.0,13.8,44.5,Good
73.2,107.1,35.8,26.4,0.0,46.8,140.0,Moderate
62.4,118.6,32.2,0.0,0.71,18.2,107.5,Moderate
113.6,149.4,104.7,48.6,2.06,107.2,284.8,Poor
37.4,74.2,5.2,11.0,0.2,29.4,74.7,Satisfactory
27.6,55.0,10.8,8.9,0.21,33.0,53.2,Satisfactory
93.7,158.9,117.4,47.1,2.12,117.4,211.1,Poor
140.7,193.9,102.9,32.4,2.09,117.3,320.7,Very Poor
154.0,264.9,83.3,33.1,1.54,104.7,329.7,Very Poor
0.0,1.6,22.6,0.0,0.45,6.7,30.4,Good
79.2,147.6,41.6,25.1,1.52,66.6,171.5,Moderate
49.4,47.0,23.1,0.0,0.4,4.6,83.5,Satisfactory
104.0,169.9,95.7,63.2,2.84,101.5,242.2,Poor
59.8,108.4,64.0,33.1,1.81,51.8,106.2,Moderate
46.0,72.1,8.4,18.8,1.58,50.2,81.5,Satisfactory
143.8,214.1,71.7,30.1,2.64,66.8,322.0,Very Poor
34.4,64.4,28.8,15.3,1.12,31.5,67.2,Satisfactory
86.9,115.7,50.6,35.7,1.2,71.2,191.4,Moderate
29.2,17.0,43.1,10.1,0.3,37.1,55.8,Satisfactory
60.4,104.0,18.1,18.5,0.71,53.5,98.8,Satisfactory
11.3,43.4,40.2,25.8,0.2,49.3,44.5,Good
16.2,38.5,3.7,0.0,0.43,2.9,40.4,Good
43.8,43.1,25.6,2.1,0.94,55.5,72.3,Satisfactory
23.4,70.6,4.9,12.6,0.74,12.2,72.5,Satisfactory
0.0,1.9,5.1,0.0,0.92,47.0,50.0,Good
43.4,53.6,21.7,8.3,0.32,40.9,73.6,Satisfactory
54.8,87.7,36.3,33.0,1.66,43.8,88.8,Satisfactory
105.8,187.8,94.3,55.7,2.52,122.5,255.1,Poor
61.7,94.2,10.1,0.0,0.66,33.6,103.2,Moderate
80.9,112.4,32.3,23.0,1.85,74.8,171.0,Moderate
33.1,37.8,0.0,14.5,0.46,14.1,53.2,Satisfactory
14.9,0.0,25.0,23.2,1.12,25.1,56.3,Satisfactory
80.9,135.6,59.8,21.1,1.93,31.3,169.0,Moderate
89.7,128.3,62.0,28.9,1.46,75.8,196.1,Moderate
37.4,55.4,34.8,21.7,0.8,82.5,80.4,Satisfactory
34.8,41.0,6.9,8.5,0.79,59.6,66.2,Satisfactory
4.2,26.9,1.6,4.4,1.25,11.7,58.6,Satisfactory
68.0,122.7,62.3,3.3,1.61,82.2,124.1,Moderate
3.7,0.0,31.6,20.0,1.6,31.9,78.2,Satisfactory
21.5,47.7,9.4,0.0,0.0,0.0,50.3,Satisfactory
26.9,9.4,8.4,3.3,1.03,45.8,46.9,Good
48.6,71.0,24.8,16.3,1.18,40.9,79.0,Satisfactory
74.4,101.4,16.1,2.1,1.0,32.8,147.3,Moderate
46.2,79.9,4.5,14.7,0.21,0.0,79.7,Satisfactory
0.0,0.0,31.9,11.1,0.69,43.4,48.0,Good
57.4,106.6,30.3,17.5,1.53,30.6,103.2,Moderate
9.7,19.1,14.2,24.6,0.31,32.3,33.2,Good
159.1,272.5,89.9,33.1,1.92,112.1,328.4,Very Poor
67.2,114.6,59.7,15.8,1.18,45.4,123.5,Moderate
41.4,45.3,20.3,0.0,0.42,7.9,71.5,Satisfactory
43.9,69.2,41.3,13.1,0.84,24.5,70.2,Satisfactory
66.9,80.5,72.0,33.5,1.57,65.0,121.5,Moderate
100.1,167.4,98.5,47.2,2.08,95.3,231.1,Poor
3.5,0.0,0.6,3.7,0.44,8.7,25.7,Good
67.0,128.0,21.5,0.0,0.84,34.8,120.0,Moderate
0.0,0.0,10.7,0.0,0.14,25.7,24.6,Good
54.5,52.5,32.8,0.0,1.22,12.8,95.5,Satisfactory
131.0,162.3,70.9,47.5,2.44,108.1,313.3,Very Poor
43.7,70.8,3.9,19.1,0.26,63.1,70.4,Satisfactory
101.4,183.1,39.3,21.8,1.06,60.0,237.6,Poor
27.0,36.9,16.4,14.0,0.0,21.2,45.6,Good
111.4,176.6,59.3,42.8,1.84,73.0,272.0,Poor
15.0,0.0,0.0,10.3,0.3,8.3,25.7,Good
103.3,220.6,86.5,42.5,2.16,110.5,248.6,Poor
61.0,129.3,30.2,24.0,1.44,86.0,120.5,Moderate
74.2,111.7,48.8,27.6,0.16,65.2,148.6,Moderate
123.8,233.7,59.1,32.2,1.36,63.9,300.2,Very Poor
11.3,19.0,7.1,11.0,0.0,12.7,19.4,Good
44.0,53.6,37.7,18.9,1.36,39.0,74.7,Satisfactory
45.1,64.1,51.8,0.0,0.77,58.4,74.9,Satisfactory
79.1,94.9,41.7,37.1,2.27,62.3,159.5,Moderate
31.5,60.2,35.6,3.9,0.46,45.2,63.1,Satisfactory
20.6,0.0,8.0,14.7,0.3,32.3,34.8,Good
133.8,177.6,66.3,63.4,2.17,82.8,310.0,Very Poor
131.5,188.6,98.3,54.0,3.05,103.9,309.0,Very Poor
50.2,53.8,58.6,10.0,0.75,19.6,81.7,Satisfactory
74.1,139.1,45.9,11.2,0.99,34.7,153.1,Moderate
2.1,0.0,44.9,0.0,0.47,0.0,54.9,Satisfactory
0.0,16.8,29.4,19.6,0.07,16.5,37.3,Good
144.4,238.4,89.7,57.0,2.96,124.0,320.9,Very Poor
38.2,41.8,0.0,5.1,0.93,0.0,64.8,Satisfactory
118.4,215.0,102.2,46.0,1.62,90.5,297.5,Poor
58.8,116.8,77.2,22.6,2.81,65.5,108.3,Moderate
29.3,71.1,12.8,11.7,0.89,15.8,65.8,Satisfactory
8.5,41.4,14.6,13.3,0.64,2.7,41.7,Good
89.0,158.1,41.2,27.9,1.88,54.1,197.9,Moderate
0.0,1.9,26.1,0.0,0.28,42.4,43.9,Good
110.4,176.4,79.0,47.9,2.82,93.1,264.5,Poor
18.1,45.4,39.2,0.0,0.0,0.0,52.6,Satisfactory
77.1,90.8,0.8,21.2,0.95,35.2,152.9,Moderate
23.8,52.9,25.1,16.9,1.0,38.1,54.4,Satisfactory
55.4,111.4,53.1,13.3,0.9,20.7,110.1,Moderate
36.1,78.4,16.6,0.0,0.0,18.4,78.8,Satisfactory
13.5,32.2,12.2,7.2,0.04,34.6,33.3,Good
54.9,79.3,27.4,12.1,0.22,50.7,89.5,Satisfactory
40.0,48.8,1.5,13.4,0.23,48.0,66.8,Satisfactory
30.9,87.7,7.8,9.5,0.41,9.8,85.2,Satisfactory
56.3,72.2,13.3,30.4,1.54,91.9,95.0,Satisfactory
62.6,118.7,17.2,7.7,1.31,34.8,115.9,Moderate
51.5,64.8,71.8,26.9,1.76,47.7,93.6,Satisfactory
60.8,97.2,81.8,28.3,1.89,34.5,109.0,Moderate
17.5,22.2,39.8,24.3,0.2,56.8,59.9,Satisfactory
47.3,46.4,59.2,17.5,1.69,69.8,84.0,Satisfactory
94.6,150.7,63.9,33.9,0.99,75.5,212.9,Poor
17.3,13.1,0.0,13.9,0.77,0.0,35.9,Good
48.8,65.9,43.2,39.0,0.41,89.7,88.1,Satisfactory
0.0,0.0,12.2,11.3,0.0,0.0,14.8,Good
24.3,43.4,22.9,24.8,0.34,10.0,49.2,Good
42.6,39.6,6.9,3.5,0.28,35.3,70.4,Satisfactory
178.9,313.1,87.5,38.1,2.81,120.2,343.6,Very Poor
121.0,237.7,79.9,19.7,1.91,91.8,298.1,Poor
32.3,36.8,50.9,26.0,1.06,34.1,62.3,Satisfactory
119.0,207.2,38.5,25.8,1.37,43.3,296.3,Poor
86.3,151.5,69.3,26.7,2.4,113.0,189.4,Moderate
111.2,140.8,92.2,48.6,2.99,119.2,270.6,Poor
65.3,125.0,60.0,36.3,1.37,54.8,115.3,Moderate
0.0,0.0,0.0,25.4,0.13,18.1,33.1,Good
55.3,125.2,41.8,27.0,1.58,70.3,112.4,Moderate
35.3,63.7,24.2,34.2,1.29,45.2,68.1,Satisfactory
48.6,134.0,18.9,31.4,0.81,1.9,124.1,Moderate
13.0,54.8,17.2,0.0,0.89,5.1,50.8,Satisfactory
96.8,165.9,52.0,24.5,1.8,56.7,220.2,Poor
16.8,28.9,12.5,16.9,0.3,15.3,27.1,Good
140.6,237.4,81.1,51.9,2.77,91.9,319.8,Very Poor
55.0,108.9,4.8,25.5,0.8,27.7,106.5,Moderate
30.6,45.2,0.0,12.5,0.0,3.3,60.2,Satisfactory
99.1,130.7,61.8,37.3,1.46,104.8,228.6,Poor
136.7,186.7,71.2,41.1,2.72,101.4,320.2,Very Poor
76.4,117.3,39.0,18.3,1.3,29.3,151.6,Moderate
48.4,100.5,60.8,27.7,2.29,52.8,103.9,Moderate
61.1,124.1,74.4,14.3,0.91,60.1,118.8,Moderate
78.8,154.5,29.4,20.4,1.82,73.9,166.2,Moderate
57.6,96.1,25.5,4.4,0.88,83.6,96.4,Satisfactory
51.8,51.0,54.5,29.8,2.33,91.2,106.7,Moderate
73.2,123.4,2.0,6.2,0.26,0.0,144.0,Moderate
26.0,64.0,4.5,8.7,0.89,16.8,62.7,Satisfactory
19.9,49.3,19.2,11.4,0.67,13.3,48.4,Good
81.3,141.2,63.5,24.1,1.58,55.5,170.6,Moderate
31.6,61.2,23.4,11.6,0.43,35.4,59.9,Satisfactory
19.6,27.0,13.2,17.8,0.49,1.8,33.9,Good
37.8,73.0,36.2,21.3,1.56,56.5,79.7,Satisfactory
63.4,101.4,29.0,8.6,1.25,0.0,109.6,Moderate
2.6,0.0,19.2,23.1,1.16,12.8,60.2,Satisfactory
23.8,80.1,18.1,4.6,0.0,0.1,77.7,Satisfactory
53.9,103.7,0.0,26.8,0.87,43.7,100.0,Satisfactory
62.9,119.8,71.0,24.1,1.26,49.4,111.8,Moderate
69.5,121.0,19.6,12.2,0.91,42.2,131.5,Moderate
30.4,31.9,35.0,23.1,1.31,50.1,65.1,Satisfactory
14.4,25.3,0.0,15.9,0.27,0.0,22.9,Good
114.7,185.2,54.2,42.1,2.56,105.5,280.3,Poor
136.6,260.5,87.6,48.1,2.43,100.3,316.9,Very Poor
89.2,165.2,65.9,10.2,1.66,61.3,202.3,Poor
54.5,121.0,34.8,3.8,1.02,30.4,114.8,Moderate
63.5,82.6,37.3,25.5,1.17,47.3,112.0,Moderate
49.7,58.3,16.8,18.2,1.12,54.9,82.4,Satisfactory
151.5,258.2,72.2,45.6,2.8,91.8,325.0,Very Poor
47.5,78.1,13.0,3.4,0.63,34.5,77.2,Satisfactory
152.8,265.5,105.5,15.8,3.06,128.7,323.9,Very Poor
47.8,118.9,38.5,4.9,0.91,18.7,115.1,Moderate
44.8,49.8,30.3,5.4,0.85,50.0,74.5,Satisfactory
92.1,126.5,55.9,39.2,1.85,66.2,208.9,Poor
51.0,62.9,43.1,0.0,1.04,28.0,82.1,Satisfactory
76.3,146.1,73.6,29.5,1.23,81.0,156.0,Moderate
18.7,20.9,23.4,3.8,0.32,20.6,32.0,Good
65.5,116.4,58.5,28.4,1.94,75.8,120.5,Moderate
69.0,116.5,53.0,11.6,0.6,0.3,131.1,Moderate
0.0,1.6,52.4,0.3,0.14,0.0,69.3,Satisfactory
70.5,82.0,61.4,43.8,1.84,77.8,137.8,Moderate
80.1,147.3,58.6,35.0,1.12,80.5,164.0,Moderate
34.7,46.5,44.7,17.9,1.4,13.3,73.2,Satisfactory
65.6,153.9,20.1,21.6,0.09,26.6,130.6,Moderate
63.9,121.1,54.6,7.1,1.37,51.4,112.1,Moderate
31.2,48.5,18.9,0.0,0.69,13.2,52.3,Satisfactory
0.0,25.1,19.5,0.0,0.0,16.1,22.3,Good
75.7,139.2,18.9,18.3,0.49,39.1,149.6,Moderate
48.3,68.4,30.5,6.4,0.12,18.3,82.7,Satisfactory
136.1,236.7,74.6,44.6,3.55,137.0,315.1,Very Poor
93.9,158.9,31.7,26.7,1.15,43.9,210.9,Poor
54.1,114.9,33.4,1.8,0.0,18.6,114.2,Moderate
24.7,57.8,23.1,0.1,1.05,2.3,62.0,Satisfactory
120.9,190.8,76.8,26.2,3.22,109.5,294.0,Poor
25.5,65.6,13.6,3.1,0.16,0.0,61.7,Satisfactory
29.3,64.3,8.2,20.1,1.03,70.1,74.1,Satisfactory
13.4,56.5,29.2,7.7,0.46,43.9,58.2,Satisfactory
27.8,39.1,34.9,8.8,1.72,65.9,86.0,Satisfactory
72.7,168.5,27.5,11.9,1.27,27.9,145.9,Moderate
46.5,89.8,17.6,22.7,1.19,64.4,92.5,Satisfactory
99.8,177.2,41.7,44.0,1.29,48.0,233.6,Poor
96.1,154.6,41.7,11.1,1.1,50.0,221.9,Poor
65.0,77.2,37.4,7.8,0.31,51.0,115.1,Moderate
52.6,76.9,42.2,22.2,0.84,4.4,91.3,Satisfactory
64.7,95.1,63.1,31.6,1.76,70.6,116.7,Moderate
41.2,74.4,43.3,22.2,1.19,57.3,74.1,Satisfactory
0.0,0.0,0.0,1.2,0.06,0.0,5.2,Good
55.6,82.3,25.0,13.5,0.63,36.8,92.5,Satisfactory
25.2,54.2,26.5,33.0,1.01,27.8,53.4,Satisfactory
0.0,2.1,0.0,6.9,0.51,0.0,25.1,Good
29.3,39.8,3.9,0.0,0.45,61.2,58.9,Satisfactory
67.1,93.5,0.0,8.7,1.25,29.1,121.1,Moderate
50.8,85.8,34.8,10.0,1.21,64.7,78.0,Satisfactory
76.5,163.0,99.2,43.6,2.24,91.6,159.9,Moderate
61.1,113.5,24.0,11.1,0.32,36.7,106.6,Moderate
92.9,153.0,82.8,39.1,2.14,58.9,210.4,Poor
51.6,100.1,67.4,13.9,2.38,83.0,104.5,Moderate
138.0,221.1,90.2,44.2,3.53,102.6,313.8,Very Poor
161.3,257.6,84.9,58.8,2.3,107.0,332.5,Very Poor
51.4,88.6,47.2,29.4,0.41,37.2,90.6,Satisfactory
108.3,219.0,62.1,16.7,1.66,94.2,260.5,Poor
18.2,54.7,16.5,0.9,0.0,0.0,57.0,Satisfactory
81.5,155.3,18.1,8.2,0.61,49.1,174.4,Moderate
4.1,23.9,12.3,0.0,0.33,10.5,23.8,Good
26.0,39.9,21.5,7.2,1.5,17.8,79.3,Satisfactory
54.1,75.8,29.4,10.0,0.0,6.1,92.6,Satisfactory
118.4,226.0,77.2,47.5,1.27,25.0,288.3,Poor
17.1,12.4,14.7,0.0,0.0,9.1,29.1,Good
34.0,52.4,16.2,26.1,0.96,47.2,54.0,Satisfactory
17.6,41.4,0.0,9.5,2.0,28.9,108.2,Moderate
29.4,43.4,17.2,23.8,1.27,3.5,64.5,Satisfactory
79.2,118.5,42.0,29.6,1.77,66.6,164.4,Moderate
74.5,122.5,36.8,23.5,1.93,68.0,146.5,Moderate
29.2,73.3,7.3,8.3,1.02,3.6,74.5,Satisfactory
76.6,106.8,42.2,27.1,2.11,46.3,151.3,Moderate
19.1,21.3,23.5,20.2,1.05,27.3,53.0,Satisfactory
20.1,61.8,24.1,30.8,0.11,13.3,57.8,Satisfactory
114.7,175.0,33.3,15.5,1.39,63.7,285.0,Poor
51.0,63.2,14.3,5.1,1.35,0.0,89.9,Satisfactory
42.2,59.2,28.8,11.0,0.9,0.0,68.7,Satisfactory
0.0,18.4,6.2,14.5,0.63,0.0,29.6,Good
148.0,201.5,107.4,36.2,2.7,94.3,320.6,Very Poor
17.1,29.9,0.0,0.0,0.0,13.4,32.7,Good
51.2,71.2,60.3,4.0,1.38,20.6,82.7,Satisfactory
117.1,199.9,73.8,34.1,2.18,107.8,289.7,Poor
76.4,117.1,45.5,31.6,1.28,78.4,152.5,Moderate
54.6,89.5,4.3,19.7,0.0,1.6,89.4,Satisfactory
0.0,0.0,10.5,0.0,0.7,33.4,34.9,Good
136.6,169.3,81.7,54.0,2.43,95.3,319.6,Very Poor
18.2,33.7,29.1,0.0,0.0,5.6,35.6,Good
32.2,59.2,52.0,6.1,0.4,0.0,64.2,Satisfactory
40.3,91.7,30.2,0.4,0.98,0.0,93.8,Satisfactory
56.5,103.3,36.5,18.4,0.41,0.0,103.2,Moderate
34.0,41.1,23.5,5.6,0.0,0.0,53.2,Satisfactory
65.9,97.3,14.8,4.2,0.24,38.3,118.1,Moderate
43.9,87.4,46.7,8.2,1.37,28.7,87.7,Satisfactory
74.7,110.5,35.8,9.5,1.88,9.1,153.4,Moderate
40.2,81.1,74.4,7.2,0.76,55.2,93.5,Satisfactory
49.8,82.3,19.0,10.4,0.27,0.0,80.3,Satisfactory
51.5,87.6,11.0,11.7,0.91,26.2,87.9,Satisfactory
38.2,35.1,30.5,27.7,0.7,11.6,63.4,Satisfactory
89.8,135.3,69.4,24.5,1.92,57.1,199.6,Moderate
70.8,134.8,65.8,35.2,1.84,42.2,141.0,Moderate
55.0,87.6,36.3,12.0,0.21,41.1,93.3,Satisfactory
32.5,77.1,13.0,1.4,0.27,0.0,76.6,Satisfactory
79.5,155.3,74.8,23.4,1.8,80.9,172.0,Moderate
80.9,147.5,47.2,34.4,2.17,85.3,170.0,Moderate
59.8,90.2,33.0,10.2,1.12,52.2,100.9,Moderate
115.3,163.5,56.6,59.1,2.9,122.1,281.0,Poor
84.7,149.0,54.4,22.0,1.37,24.7,184.2,Moderate
83.2,113.7,43.0,17.5,1.42,66.3,178.7,Moderate
31.2,21.2,14.1,0.0,1.1,0.0,53.9,Satisfactory
28.1,26.7,28.2,14.3,0.53,27.6,46.1,Good
46.6,93.5,36.6,27.9,0.28,25.5,98.8,Satisfactory
36.9,61.1,0.0,27.3,0.48,41.6,60.7,Satisfactory
64.1,83.1,25.8,8.8,0.37,58.9,118.2,Moderate
101.7,177.8,48.3,19.2,0.65,86.1,236.9,Poor
94.1,183.0,42.8,44.6,1.58,71.0,211.8,Poor
59.4,103.8,30.4,13.3,2.16,52.7,101.5,Moderate
4.9,17.0,33.8,0.0,0.0,0.0,47.0,Good
117.9,207.0,81.2,28.7,1.99,62.9,292.1,Poor
49.9,118.3,15.3,8.2,0.89,22.5,108.9,Moderate
102.0,140.8,43.2,40.5,1.0,70.2,240.8,Poor
52.8,95.6,1.9,13.1,0.55,0.0,93.1,Satisfactory
40.8,60.6,4.3,1.6,0.0,0.0,71.4,Satisfactory
12.3,13.4,14.0,0.0,0.23,8.1,19.2,Good
118.1,155.0,39.9,18.4,2.08,32.0,291.2,Poor
19.5,46.6,14.9,27.3,0.48,0.8,45.8,Good
55.3,119.0,70.2,21.9,1.09,64.0,110.1,Moderate
120.0,238.8,85.5,45.5,2.59,126.1,297.9,Poor
34.1,66.7,42.4,14.6,1.81,67.8,90.0,Satisfactory
43.1,110.5,0.5,12.2,1.32,27.7,102.6,Moderate
128.7,226.2,95.4,51.7,2.11,95.9,309.0,Very Poor
58.6,58.7,32.6,7.2,0.84,65.5,94.7,Satisfactory
3.0,0.0,37.8,22.4,0.0,21.9,54.2,Satisfactory
78.6,172.9,64.0,33.2,1.83,58.6,162.5,Moderate
6.2,0.0,7.8,0.0,0.11,11.7,12.9,Good
50.7,106.2,35.6,15.5,1.0,58.7,107.8,Moderate
44.7,65.6,20.3,19.4,0.05,8.6,74.5,Satisfactory
63.1,132.1,48.5,10.9,1.68,46.6,116.9,Moderate
52.7,73.8,72.4,26.4,1.67,88.7,85.9,Satisfactory
40.4,77.8,15.7,15.4,1.66,52.2,81.7,Satisfactory
15.2,9.4,23.1,27.2,0.03,64.8,64.1,Satisfactory
58.2,67.1,18.3,0.0,0.73,7.9,97.6,Satisfactory
54.3,69.7,55.8,32.8,0.98,63.7,80.4,Satisfactory
27.3,56.3,29.6,1.2,0.0,18.3,52.3,Satisfactory
28.8,26.2,1.0,15.6,1.27,2.6,64.9,Satisfactory
40.4,101.3,57.0,31.1,0.49,107.0,108.6,Moderate
59.3,129.1,53.9,36.0,1.58,44.2,123.8,Moderate
112.4,187.6,79.4,48.3,1.47,48.8,269.1,Poor
176.9,335.6,105.0,36.6,3.41,96.0,340.2,Very Poor
8.6,0.0,21.4,3.1,0.03,3.3,32.9,Good
22.5,3.0,4.2,7.0,1.28,35.6,61.4,Satisfactory
78.0,143.3,70.7,14.4,0.36,36.8,150.1,Moderate
84.2,171.4,14.1,18.5,0.93,47.4,184.4,Moderate
0.0,0.0,24.4,14.0,0.41,58.6,57.2,Satisfactory
0.0,7.4,0.0,2.0,1.31,6.9,62.9,Satisfactory
28.8,59.2,17.6,19.8,1.31,59.4,63.2,Satisfactory
29.9,61.9,3.8,8.8,0.44,0.0,64.8,Satisfactory
23.3,42.4,44.5,0.0,0.66,42.2,55.7,Satisfactory
147.3,190.1,112.8,49.3,3.32,127.5,320.9,Very Poor
52.3,70.8,18.7,0.0,0.73,29.2,86.4,Satisfactory
88.6,166.1,25.0,22.6,2.71,72.5,196.3,Moderate
130.9,226.3,87.4,56.8,2.66,77.1,309.7,Very Poor
25.9,46.6,46.9,18.8,1.16,44.5,58.9,Satisfactory
15.3,34.6,13.7,0.0,0.94,12.1,47.2,Good
101.9,215.3,97.4,49.6,2.23,94.5,240.3,Poor
24.4,25.8,0.0,1.1,1.26,23.8,63.4,Satisfactory
81.7,123.0,40.9,22.8,0.41,55.0,171.1,Moderate
39.5,62.9,43.8,8.8,0.82,45.1,67.5,Satisfactory
149.7,282.8,81.7,40.5,2.65,115.0,322.4,Very Poor
129.4,211.1,98.0,45.8,3.14,110.0,302.1,Very Poor
124.8,165.1,88.6,49.1,2.31,111.5,301.8,Very Poor
49.2,64.2,17.0,5.0,1.72,54.2,80.6,Satisfactory
116.7,193.7,105.4,52.3,2.88,137.1,290.4,Poor
42.3,87.4,61.5,19.4,1.81,74.5,86.5,Satisfactory
15.6,33.1,24.1,5.7,0.47,42.7,44.1,Good
112.5,227.3,71.3,26.5,0.65,31.0,277.2,Poor
120.6,185.0,89.7,42.3,2.59,92.7,300.4,Very Poor
35.6,42.4,41.8,12.7,1.35,65.8,70.2,Satisfactory
142.7,251.0,102.8,50.1,2.46,127.9,317.7,Very Poor
29.3,41.3,14.5,16.0,0.8,22.1,50.7,Satisfactory
157.4,278.0,71.3,57.0,2.38,96.2,323.4,Very Poor
29.0,42.5,16.7,19.9,1.2,22.0,59.6,Satisfactory
0.5,0.0,16.0,1.0,0.24,0.0,23.4,Good
59.8,128.2,46.6,7.1,3.13,62.0,121.9,Moderate
53.2,89.8,36.8,24.6,0.45,64.2,92.3,Satisfactory
43.7,76.9,0.0,6.9,1.58,0.0,78.6,Satisfactory
80.8,154.2,28.0,6.5,0.8,29.4,169.8,Moderate
67.9,100.0,29.2,10.7,1.22,31.8,132.1,Moderate
17.9,40.4,16.1,5.4,0.11,2.2,41.2,Good
40.1,89.7,29.5,12.0,0.85,89.0,90.6,Satisfactory
54.9,125.4,23.6,24.6,0.67,15.8,118.1,Moderate
70.7,81.1,30.5,54.2,0.73,65.2,139.1,Moderate
62.7,140.5,41.7,16.1,0.96,28.9,124.3,Moderate
96.3,140.4,38.7,24.5,1.49,64.3,221.1,Poor
96.9,118.9,39.3,38.4,1.33,39.7,221.7,Poor
20.2,29.9,25.9,17.5,0.77,33.9,36.4,Good
14.0,6.2,8.8,12.8,0.43,41.2,37.8,Good
0.0,4.6,13.4,13.4,0.25,26.0,23.1,Good
44.7,60.9,70.3,26.4,0.89,42.4,88.0,Satisfactory
0.0,0.0,14.9,5.9,0.11,19.0,22.2,Good
139.9,211.3,84.6,42.0,2.02,101.6,309.1,Very Poor
52.9,75.5,51.8,14.4,1.12,25.2,88.8,Satisfactory
31.0,69.7,23.6,2.3,0.12,0.0,71.3,Satisfactory
60.5,110.0,26.5,36.4,0.66,58.2,106.0,Moderate
130.6,190.7,88.2,21.7,3.01,98.9,301.7,Very Poor
46.6,68.6,33.2,25.8,0.79,50.1,79.7,Satisfactory
16.3,42.0,5.2,20.0,1.77,30.7,87.8,Satisfactory
42.9,89.4,23.2,8.6,0.37,22.4,88.4,Satisfactory
68.2,95.0,54.2,31.9,1.88,63.8,126.8,Moderate
31.4,73.1,8.1,0.0,0.13,0.0,71.1,Satisfactory
78.7,124.1,63.6,29.1,2.21,76.5,159.2,Moderate
78.5,121.9,44.1,16.2,0.93,68.2,166.3,Moderate
123.8,255.2,86.5,31.1,3.01,88.1,303.0,Very Poor
158.1,201.0,75.4,38.9,0.82,151.8,331.0,Very Poor
26.7,48.9,0.0,12.6,1.73,12.3,86.5,Satisfactory
136.2,186.0,121.0,50.3,2.7,120.1,311.2,Very Poor
68.0,104.6,13.5,11.2,0.71,58.9,128.7,Moderate
31.1,29.3,29.7,21.9,0.79,24.3,53.3,Satisfactory
40.3,84.8,39.4,1.1,1.17,42.5,86.6,Satisfactory
77.8,114.8,66.0,21.3,1.96,83.8,160.6,Moderate
75.4,109.7,41.2,15.8,1.48,21.8,147.9,Moderate
41.8,85.1,22.9,13.3,0.85,28.9,84.5,Satisfactory
9.9,31.7,14.9,28.6,0.44,4.0,43.7,Good
100.9,194.9,60.0,15.0,1.74,38.5,235.8,Poor
63.5,127.3,56.3,19.9,1.43,83.4,121.4,Moderate
51.0,66.8,17.1,24.5,1.45,16.5,85.9,Satisfactory
114.7,210.7,38.3,24.1,1.58,67.1,285.0,Poor
129.1,228.8,68.3,22.1,2.73,114.8,307.9,Very Poor
112.8,203.8,98.7,31.4,1.91,110.0,281.4,Poor
61.0,101.8,21.2,6.3,0.0,37.0,101.3,Moderate
43.9,32.0,44.3,19.2,0.7,46.3,70.3,Satisfactory
153.0,213.9,41.6,39.5,2.63,106.1,329.8,Very Poor
109.5,139.6,59.3,59.1,2.52,101.2,264.9,Poor
78.7,149.7,45.0,20.4,1.36,35.0,162.6,Moderate
33.7,72.8,0.0,0.0,0.0,0.0,73.9,Satisfactory
12.7,13.4,23.6,21.1,0.13,29.7,29.0,Good
60.5,89.9,14.7,8.8,0.73,49.4,100.4,Moderate
48.7,84.3,16.5,4.7,0.03,36.4,82.6,Satisfactory
61.3,117.3,13.9,11.6,0.23,8.0,116.2,Moderate
49.8,100.3,45.4,25.5,1.17,12.4,101.1,Moderate
55.4,99.3,41.1,0.0,1.24,36.9,101.6,Moderate
65.4,107.9,52.3,19.5,2.39,62.6,115.4,Moderate
117.7,180.0,115.7,47.1,2.87,108.1,292.3,Poor
146.8,240.3,81.5,46.0,2.24,134.3,318.1,Very Poor
11.5,27.3,7.3,19.9,0.0,18.4,25.0,Good
72.2,99.9,16.5,15.1,0.24,21.7,140.3,Moderate
114.3,193.1,46.2,41.4,1.78,52.1,282.4,Poor
13.9,15.2,26.0,16.9,1.28,23.4,63.2,Satisfactory
94.7,162.1,49.5,18.8,1.83,34.0,218.0,Poor
90.4,160.7,65.1,19.9,1.27,47.4,202.9,Poor
58.0,88.7,49.2,26.2,2.0,97.2,95.0,Satisfactory
12.8,3.4,18.4,3.2,0.0,72.5,73.3,Satisfactory
20.2,21.6,15.9,4.4,0.0,0.0,36.1,Good
31.5,88.3,26.7,24.9,1.67,61.0,85.1,Satisfactory
16.7,37.4,24.3,16.0,1.2,8.4,56.1,Satisfactory
70.6,139.2,44.8,32.9,1.91,68.8,135.2,Moderate
23.5,31.5,44.5,13.0,0.58,17.2,57.5,Satisfactory
55.9,108.8,46.7,45.5,2.12,34.2,105.7,Moderate
49.3,81.5,16.2,6.2,0.66,32.3,82.1,Satisfactory
45.9,47.0,0.0,11.1,1.3,13.8,78.6,Satisfactory
65.1,62.8,26.2,13.9,0.0,73.5,117.9,Moderate
52.7,55.3,17.5,44.0,1.73,78.2,88.7,Satisfactory
143.5,252.0,78.9,43.5,2.78,112.2,313.6,Very Poor
100.8,185.2,47.4,31.8,1.01,35.5,233.6,Poor
73.5,117.1,79.7,30.0,0.35,86.1,140.6,Moderate
0.0,11.7,44.1,20.4,0.0,12.5,55.9,Satisfactory
35.3,47.7,11.9,18.3,0.57,0.0,60.7,Satisfactory
140.8,187.8,125.9,40.4,3.04,95.1,315.7,Very Poor
78.6,124.6,60.8,6.7,1.78,87.8,160.4,Moderate
54.6,88.2,58.2,10.2,0.41,11.7,91.6,Satisfactory
87.6,137.5,52.6,17.0,1.32,16.4,192.7,Moderate
47.3,95.4,10.3,6.5,0.0,3.3,95.5,Satisfactory
27.3,53.9,29.7,21.5,1.29,48.9,58.2,Satisfactory
107.7,159.4,38.6,6.5,1.19,54.2,258.1,Poor
22.8,19.1,36.2,20.8,2.03,57.5,101.1,Moderate
0.7,15.1,8.3,11.6,0.22,10.9,14.7,Good
25.3,50.2,34.2,4.5,0.88,16.8,54.3,Satisfactory
9.0,27.4,0.0,0.0,1.16,25.9,58.2,Satisfactory
118.9,190.0,75.6,51.9,2.2,97.1,298.5,Poor
67.9,113.0,54.4,17.5,2.25,17.0,123.8,Moderate
31.8,61.1,28.5,29.7,1.61,43.7,81.6,Satisfactory
112.3,166.3,37.2,16.9,0.39,53.7,278.7,Poor
60.8,129.8,30.2,19.1,1.02,32.6,117.3,Moderate
155.7,236.4,99.1,41.0,3.33,102.9,332.0,Very Poor
26.7,42.6,8.9,0.0,0.25,0.0,46.2,Good
37.4,99.4,13.4,21.6,0.62,33.4,98.2,Satisfactory
25.7,28.0,36.3,1.9,0.26,58.9,55.3,Satisfactory
21.1,22.6,23.4,11.8,0.68,39.6,37.4,Good
47.5,66.7,18.7,12.4,0.0,0.0,82.3,Satisfactory
9.5,25.9,25.3,6.3,0.0,49.9,48.4,Good
123.9,248.6,63.1,52.3,3.01,107.3,305.4,Very Poor
20.1,61.7,11.0,11.4,1.8,28.8,90.0,Satisfactory
46.6,67.9,32.6,6.7,1.33,29.8,75.8,Satisfactory
0.0,1.9,2.0,50.8,0.87,32.2,61.6,Satisfactory
109.4,213.9,29.8,14.9,1.06,46.1,265.6,Poor
141.5,244.9,116.6,43.9,3.62,139.8,315.2,Very Poor
0.0,3.1,13.3,6.6,0.62,0.0,32.3,Good
74.4,126.2,47.8,24.8,1.3,83.0,145.9,Moderate
66.9,94.6,58.9,45.8,1.52,87.2,128.0,Moderate
131.3,228.5,97.6,31.1,2.25,97.9,315.4,Very Poor
1.7,11.0,14.1,16.9,0.7,0.0,32.4,Good
38.1,92.6,13.5,11.0,0.36,23.7,93.2,Satisfactory
142.2,257.9,87.7,38.1,2.32,112.7,315.5,Very Poor
55.1,124.9,37.6,26.8,1.48,52.8,113.1,Moderate
131.2,206.6,104.5,31.4,2.84,95.5,304.9,Very Poor
104.3,157.4,60.2,22.1,2.14,73.9,245.0,Poor
55.2,78.3,12.3,0.0,0.95,25.3,93.8,Satisfactory
21.1,24.2,6.7,19.8,0.05,38.0,36.7,Good
102.4,152.7,67.0,46.6,1.03,70.8,249.5,Poor
79.4,171.4,26.4,37.3,0.56,56.7,168.1,Moderate
34.9,59.3,41.2,5.5,0.23,40.5,58.7,Satisfactory
63.8,111.2,47.6,30.7,2.16,59.3,114.8,Moderate
53.3,89.6,21.1,17.4,1.75,25.3,92.0,Satisfactory
80.2,137.6,33.4,20.3,2.19,67.8,163.9,Moderate
25.6,60.9,42.9,14.2,2.08,51.5,100.2,Moderate
4.9,3.5,37.1,20.7,0.68,0.0,44.4,Good
103.1,166.3,52.8,19.0,1.51,68.8,246.8,Poor
6.0,13.1,38.1,0.0,1.48,31.9,69.5,Satisfactory
122.4,190.8,80.0,44.2,3.01,106.0,299.0,Poor
39.3,40.2,68.4,28.5,2.02,54.0,95.0,Satisfactory
53.7,63.6,37.0,15.4,1.23,48.4,88.2,Satisfactory
0.0,0.0,17.9,16.8,0.0,40.6,41.0,Good
46.8,77.0,39.8,7.3,1.68,49.7,81.0,Satisfactory
125.2,181.4,47.2,33.1,2.19,57.3,307.4,Very Poor
176.4,286.7,88.3,42.2,3.04,134.1,343.1,Very Poor
47.1,101.1,42.8,17.9,2.03,40.8,102.8,Moderate
0.0,12.4,12.3,19.3,0.93,43.7,50.9,Satisfactory
0.0,12.8,0.0,6.7,0.08,11.4,14.2,Good
35.9,36.6,23.9,27.4,0.7,70.4,74.7,Satisfactory
37.2,44.1,11.2,17.5,0.11,33.2,65.6,Satisfactory
62.5,93.6,41.7,22.5,1.52,33.7,110.7,Moderate
27.2,44.2,53.3,8.1,0.29,45.2,64.7,Satisfactory
2.4,0.0,37.9,11.8,0.23,14.9,48.9,Good
32.2,64.6,25.2,15.6,0.84,49.7,66.0,Satisfactory
11.8,44.5,15.2,11.9,0.57,23.9,45.1,Good
133.3,240.6,75.9,71.5,2.68,98.5,314.4,Very Poor
32.6,79.5,31.0,26.9,1.79,12.3,93.4,Satisfactory
64.8,76.6,28.5,12.3,0.91,46.8,117.9,Moderate
63.9,107.4,37.2,2.6,0.5,55.0,112.6,Moderate
61.6,97.2,44.9,15.1,1.84,32.9,105.0,Moderate
80.7,152.9,100.8,59.6,2.22,119.2,172.0,Moderate
60.3,105.2,13.8,11.5,0.26,0.0,106.5,Moderate
77.9,133.8,50.8,31.7,2.04,71.5,163.1,Moderate
25.1,37.6,0.0,0.0,0.58,6.9,41.3,Good
10.8,42.1,30.9,0.0,0.09,32.0,43.9,Good
0.0,0.0,16.2,23.0,0.02,0.0,28.5,Good
98.6,151.7,41.0,10.0,1.91,61.6,229.3,Poor
37.0,34.4,18.0,0.0,2.2,7.7,103.1,Moderate
6.6,12.6,46.9,18.0,0.77,16.0,63.2,Satisfactory
59.7,95.8,40.5,12.1,0.7,65.0,102.3,Moderate
43.4,74.7,0.0,16.5,0.63,30.6,72.0,Satisfactory
102.4,155.9,39.9,33.6,1.56,72.0,241.3,Poor
54.8,94.8,0.0,8.7,0.81,18.4,92.7,Satisfactory
160.4,323.9,73.6,38.2,2.27,61.6,331.5,Very Poor
60.7,91.7,28.3,22.3,0.92,40.8,105.7,Moderate
40.7,61.4,9.0,7.3,0.37,42.1,65.2,Satisfactory
83.4,155.4,20.1,29.1,1.63,75.4,176.0,Moderate
78.1,127.6,58.4,22.8,0.79,84.3,163.1,Moderate
146.2,241.1,112.3,53.9,2.67,83.8,320.6,Very Poor
125.5,267.3,119.5,26.4,2.85,94.0,298.5,Poor
38.0,55.4,44.8,0.0,1.29,37.0,67.8,Satisfactory
112.7,188.5,69.7,31.1,2.88,139.5,273.9,Poor
54.6,89.6,6.3,12.0,1.2,0.0,95.0,Satisfactory
109.6,191.0,96.0,43.2,2.66,131.8,267.6,Poor
56.4,94.1,18.2,16.2,0.0,15.2,98.9,Satisfactory
136.5,213.1,95.4,53.6,2.24,93.9,312.8,Very Poor
47.4,93.2,58.0,32.3,2.14,45.7,101.3,Moderate
77.9,129.3,68.7,35.6,0.82,71.2,160.3,Moderate
24.6,30.4,10.5,17.8,1.27,42.9,66.0,Satisfactory
12.4,5.6,15.1,0.0,0.65,29.4,34.0,Good
98.5,136.4,37.9,31.3,2.17,74.8,228.4,Poor
75.0,120.5,50.8,26.8,1.57,78.5,149.4,Moderate
89.3,147.4,87.1,29.5,1.45,47.0,193.2,Moderate
12.1,26.2,17.9,0.7,0.45,40.6,40.4,Good
119.6,140.7,49.7,20.6,2.03,20.2,294.3,Poor
107.5,143.8,55.4,12.5,0.96,98.5,256.5,Poor
59.1,124.4,37.7,10.7,1.63,71.7,117.3,Moderate
11.4,28.8,40.8,9.3,0.43,22.8,46.7,Good
78.8,125.4,77.3,29.7,1.82,93.0,160.8,Moderate
132.7,186.4,66.7,68.5,3.37,153.3,309.9,Very Poor
89.0,117.4,13.9,18.1,0.83,94.6,202.2,Poor
51.0,71.9,46.1,20.2,1.93,40.4,96.4,Satisfactory
118.3,226.4,84.7,38.6,2.53,150.7,293.0,Poor
67.0,100.6,85.5,22.5,1.37,68.2,128.4,Moderate
0.0,4.1,43.3,7.3,0.0,2.6,54.8,Satisfactory
13.0,7.3,24.4,0.0,0.0,5.3,34.8,Good
79.4,166.9,42.8,32.9,1.14,104.7,162.2,Moderate
55.9,79.1,55.4,15.1,2.37,82.9,108.7,Moderate
121.4,187.2,91.0,55.3,3.22,113.9,296.5,Poor
45.2,58.9,5.3,24.6,0.1,30.6,76.1,Satisfactory
152.8,259.6,87.5,44.9,2.55,76.3,322.9,Very Poor
0.0,0.0,7.4,6.1,0.56,11.4,24.7,Good
14.0,16.0,35.8,17.6,1.1,26.1,55.7,Satisfactory
38.8,70.3,11.7,5.8,0.89,34.2,75.0,Satisfactory
42.9,66.8,55.8,36.5,1.15,73.9,76.5,Satisfactory
40.7,65.6,32.5,6.0,0.4,32.3,70.2,Satisfactory
90.9,118.5,27.8,22.3,2.12,78.1,202.9,Poor
122.7,166.5,89.6,33.3,2.47,105.7,298.0,Poor
25.2,45.5,14.3,29.8,0.42,40.0,44.0,Good
129.4,233.4,105.9,61.6,2.57,110.8,313.9,Very Poor
40.7,73.2,0.0,16.9,0.53,25.4,72.4,Satisfactory
61.6,88.0,50.8,27.9,1.04,53.7,103.6,Moderate
58.9,64.2,5.9,27.6,0.85,45.0,99.8,Satisfactory
12.3,20.4,27.7,7.5,1.06,27.4,51.1,Satisfactory
68.1,98.8,40.0,29.2,1.51,70.9,132.5,Moderate
132.6,270.3,66.9,39.0,3.0,86.6,316.1,Very Poor
78.3,103.7,42.0,31.0,0.98,108.3,164.9,Moderate
63.3,133.3,31.1,26.1,1.14,15.0,120.2,Moderate
69.0,80.5,61.8,13.1,1.08,24.8,128.2,Moderate
56.1,101.2,46.5,15.0,1.86,51.4,102.8,Moderate
61.9,128.3,41.7,27.3,1.15,22.1,121.9,Moderate
78.1,110.8,57.0,29.3,1.42,70.4,161.9,Moderate
56.7,103.7,14.4,18.4,1.17,31.2,104.1,Moderate
155.5,269.1,89.8,33.6,2.33,121.9,334.7,Very Poor
11.2,6.0,1.9,0.0,1.04,0.0,51.0,Satisfactory
48.5,64.9,13.5,8.1,0.46,34.1,81.4,Satisfactory
79.9,116.0,42.2,17.5,1.14,41.9,163.6,Moderate
95.1,182.0,58.3,40.8,1.75,60.6,217.1,Poor
77.5,128.4,53.4,29.9,3.05,42.4,155.9,Moderate
10.3,0.0,15.7,1.3,0.09,17.8,18.1,Good
84.2,168.6,68.3,28.8,1.48,49.6,179.5,Moderate
88.8,153.4,34.6,40.3,1.35,43.0,194.6,Moderate
67.7,91.8,9.8,0.0,0.43,36.5,126.5,Moderate
9.1,31.8,3.7,6.5,1.03,12.0,51.0,Satisfactory
167.6,245.1,96.6,63.6,2.88,70.3,339.1,Very Poor
34.0,26.7,22.5,6.3,0.67,55.7,54.6,Satisfactory
52.9,77.9,13.1,0.9,1.09,57.5,87.9,Satisfactory
5.3,43.8,0.0,7.5,0.45,27.7,44.5,Good
0.0,21.7,31.1,0.0,0.53,3.1,39.3,Good
117.8,237.5,46.9,27.8,2.24,64.1,290.2,Poor
45.6,78.8,67.4,21.8,1.49,64.7,83.2,Satisfactory
26.4,39.3,0.0,10.9,0.45,18.1,46.6,Good
79.0,135.6,56.5,23.5,1.49,58.6,164.7,Moderate
103.5,178.4,88.5,44.6,2.76,98.1,241.3,Poor
90.5,118.9,51.9,21.5,1.08,74.5,199.8,Moderate
0.0,9.9,48.4,0.7,0.67,53.8,62.9,Satisfactory
12.0,32.7,20.5,0.9,0.0,0.0,35.7,Good
114.4,193.8,102.4,44.4,3.09,102.3,280.5,Poor
92.3,164.1,61.2,37.1,1.51,54.7,211.6,Poor
64.7,92.7,68.9,0.0,0.57,75.5,117.1,Moderate
29.2,59.0,31.7,13.5,0.85,44.9,58.9,Satisfactory
2.0,0.0,22.8,11.6,1.38,0.0,67.5,Satisfactory
0.0,1.2,2.9,0.0,0.67,24.1,35.1,Good
26.7,40.1,0.0,9.9,0.51,16.2,44.1,Good
0.0,0.0,54.8,14.1,0.69,35.3,69.6,Satisfactory
17.6,33.4,18.4,22.8,0.86,61.8,59.8,Satisfactory
111.5,165.5,44.3,26.9,2.02,50.8,276.8,Poor
17.9,0.0,22.0,8.9,0.77,34.0,42.4,Good
57.4,90.3,9.3,0.0,0.0,56.9,96.5,Satisfactory
62.1,77.2,40.0,42.5,1.43,16.2,110.8,Moderate
35.9,61.9,34.1,32.0,0.41,35.9,59.8,Satisfactory
19.7,24.5,18.9,8.8,0.57,1.3,29.8,Good
78.8,147.9,52.4,28.7,1.57,44.5,162.6,Moderate
49.5,70.0,14.2,13.3,0.42,33.7,85.6,Satisfactory
145.1,241.0,105.9,46.0,2.98,106.0,315.9,Very Poor
93.2,139.1,70.6,34.5,0.83,69.9,210.0,Poor
100.3,159.4,40.2,37.1,1.26,34.6,235.8,Poor
80.6,125.2,56.4,27.6,1.38,96.8,169.6,Moderate
33.8,31.1,43.4,0.0,0.77,47.2,57.4,Satisfactory
39.4,68.2,0.0,5.8,0.69,24.3,66.2,Satisfactory
101.9,133.8,63.1,41.3,2.12,87.4,240.4,Poor
81.4,128.2,55.8,31.8,1.5,49.8,173.3,Moderate
51.7,124.1,48.5,28.5,1.84,76.8,111.9,Moderate
128.4,192.5,83.0,31.0,3.5,139.7,307.8,Very Poor
127.5,227.2,79.4,32.8,3.41,74.3,302.8,Very Poor
56.3,95.9,3.4,18.8,1.08,12.7,94.6,Satisfactory
123.2,258.8,56.5,20.9,1.6,85.8,296.5,Poor
88.8,131.3,44.3,41.5,2.27,63.7,194.3,Moderate
36.3,62.4,18.9,15.2,0.96,10.1,62.7,Satisfactory
74.0,138.2,19.6,30.9,0.49,43.8,145.7,Moderate
125.9,161.1,98.5,52.5,2.61,82.8,305.7,Very Poor
39.3,79.0,0.0,6.7,1.2,13.9,76.0,Satisfactory
97.0,195.9,45.6,22.2,1.96,38.1,217.0,Poor
93.0,156.4,21.8,29.2,1.89,38.0,212.5,Poor
39.8,86.5,22.1,0.0,0.58,40.5,89.6,Satisfactory
72.1,121.0,33.9,7.5,0.73,20.8,140.5,Moderate
63.4,99.5,49.2,39.7,1.43,58.9,113.3,Moderate
140.5,190.1,86.0,44.8,1.38,110.3,310.3,Very Poor
17.6,18.4,20.7,20.6,0.95,0.0,47.8,Good
0.0,0.0,8.3,21.1,1.07,32.0,55.0,Satisfactory
75.1,119.8,23.9,45.0,0.06,25.6,146.1,Moderate
0.0,5.3,21.3,18.2,0.17,12.3,26.1,Good
135.6,240.2,75.8,40.9,3.09,81.6,306.1,Very Poor
110.6,170.3,76.6,35.3,2.99,86.4,267.8,Poor
59.9,82.3,54.8,10.9,1.19,80.1,107.6,Moderate
25.8,40.8,40.7,5.3,0.92,24.6,54.6,Satisfactory
118.5,168.8,89.0,25.8,2.1,117.6,291.9,Poor
140.7,203.5,91.2,48.4,3.26,116.4,320.6,Very Poor
36.2,40.5,31.4,8.6,0.16,20.6,63.7,Satisfactory
58.6,119.7,0.0,4.2,0.4,28.9,115.1,Moderate
135.4,217.3,113.4,23.5,3.37,109.1,314.8,Very Poor
84.9,158.6,47.1,36.3,1.02,64.9,185.4,Moderate
37.9,85.2,2.0,23.5,0.32,0.0,81.6,Satisfactory
60.4,134.0,52.6,15.4,1.31,98.7,119.3,Moderate
53.7,114.5,10.6,30.6,1.8,35.9,117.0,Moderate
11.5,3.0,0.0,0.0,1.39,4.4,69.0,Satisfactory
19.7,28.9,32.5,3.4,0.75,63.0,64.3,Satisfactory
147.6,257.2,75.8,46.1,2.7,130.2,324.6,Very Poor
131.4,211.7,64.2,37.9,2.36,86.0,311.0,Very Poor
61.2,108.2,48.6,42.4,2.67,114.8,117.1,Moderate
46.5,79.2,58.2,14.5,0.43,38.8,82.0,Satisfactory
150.1,278.4,77.3,46.5,3.41,139.7,317.3,Very Poor
41.9,80.2,22.5,3.9,1.95,49.6,94.9,Satisfactory
119.0,204.6,78.8,27.5,3.16,103.2,297.9,Poor
70.4,140.7,28.9,26.5,1.0,24.1,138.0,Moderate
130.4,232.1,111.0,47.6,2.78,130.1,306.3,Very Poor
37.1,44.4,20.5,0.0,1.17,38.8,65.8,Satisfactory
150.2,300.2,70.1,54.0,2.83,121.3,328.3,Very Poor
119.9,235.8,92.9,34.6,2.55,119.9,298.6,Poor
72.5,150.7,19.5,4.8,0.0,19.1,145.0,Moderate
40.9,86.2,17.2,4.3,0.79,21.7,81.6,Satisfactory
82.3,139.6,70.3,33.2,1.73,40.4,174.6,Moderate
89.9,181.9,36.5,22.7,1.77,88.2,199.4,Moderate
117.9,175.4,38.8,6.8,1.57,99.0,294.7,Poor
33.0,34.3,0.0,8.0,1.02,21.9,56.9,Satisfactory
11.6,17.7,58.3,19.3,0.37,11.6,76.7,Satisfactory
21.3,56.7,35.3,15.2,0.75,72.8,74.9,Satisfactory
13.5,19.5,30.7,14.0,0.08,33.9,36.6,Good
132.2,258.5,110.4,53.1,2.28,117.4,309.6,Very Poor
78.4,119.1,28.1,26.3,0.95,82.3,162.8,Moderate
14.6,20.1,0.4,0.0,0.93,7.3,47.0,Good
128.4,211.0,79.2,48.0,2.28,102.9,312.8,Very Poor
0.0,0.0,40.4,5.6,0.01,38.4,50.7,Satisfactory
63.8,98.0,52.2,29.5,1.99,87.6,111.3,Moderate
88.0,161.5,36.6,31.0,0.71,59.6,185.6,Moderate
60.8,94.4,19.7,21.3,1.28,31.8,98.6,Satisfactory
13.8,28.1,16.2,10.5,0.5,29.6,29.1,Good
37.8,89.0,3.2,19.4,0.0,32.5,87.2,Satisfactory
3.0,0.0,0.0,3.8,0.0,47.0,52.4,Satisfactory
67.3,111.6,18.1,11.6,0.47,26.6,120.8,Moderate
39.7,39.0,31.1,7.2,0.99,56.6,70.9,Satisfactory
61.0,86.8,3.2,4.2,0.91,36.7,104.4,Moderate
140.9,257.0,90.9,44.6,2.97,65.2,320.7,Very Poor
57.2,86.0,0.0,13.7,1.24,54.9,93.2,Satisfactory
36.0,34.6,14.7,18.3,0.91,44.8,60.6,Satisfactory
66.0,124.7,48.5,25.8,1.22,83.2,126.0,Moderate
135.7,199.9,88.4,53.8,2.32,85.5,311.5,Very Poor
0.0,0.0,0.0,5.1,0.81,15.3,42.2,Good
24.6,60.5,33.5,22.2,0.4,25.2,64.6,Satisfactory
28.2,55.2,17.5,16.8,1.41,44.0,69.6,Satisfactory
88.3,147.8,20.8,34.0,0.79,89.6,192.4,Moderate
66.8,110.0,33.2,24.1,0.96,43.8,123.1,Moderate
58.7,97.7,54.0,46.2,0.97,88.8,101.0,Moderate
63.8,118.0,68.4,37.3,2.11,65.9,110.5,Moderate
81.8,140.5,56.7,12.9,2.05,49.3,175.1,Moderate
61.1,111.9,62.4,20.1,1.93,59.5,102.8,Moderate
58.4,106.1,76.4,42.5,1.29,61.2,102.9,Moderate
17.4,25.0,27.5,35.2,0.59,38.9,46.7,Good
23.6,40.4,0.0,14.5,0.0,34.4,36.2,Good
49.1,85.7,41.9,9.6,1.2,0.0,81.7,Satisfactory
67.8,100.3,14.1,12.3,0.65,38.6,126.0,Moderate
18.3,36.1,46.1,15.4,0.91,22.3,55.8,Satisfactory
94.9,186.0,60.5,27.3,1.47,89.2,215.3,Poor
11.9,4.4,0.0,14.0,0.0,17.0,20.3,Good
41.8,63.5,48.9,32.8,1.51,65.3,76.0,Satisfactory
31.9,53.6,23.0,28.3,1.13,12.4,54.5,Satisfactory
49.5,92.1,18.8,23.5,1.47,20.3,89.5,Satisfactory
3.3,3.7,17.4,20.0,0.77,24.8,32.5,Good
50.9,94.7,25.6,5.5,1.24,69.2,97.0,Satisfactory
32.7,51.7,6.2,3.1,1.77,36.6,92.0,Satisfactory
0.0,0.0,13.1,0.0,1.16,43.2,56.4,Satisfactory
42.8,100.2,36.6,28.0,1.48,45.2,99.7,Satisfactory
52.3,54.5,1.3,14.5,1.47,53.5,86.9,Satisfactory
16.7,22.9,0.0,0.0,0.0,31.3,29.4,Good
51.2,97.3,36.1,5.4,1.52,29.2,96.1,Satisfactory
133.4,222.0,101.9,57.5,2.31,135.0,308.8,Very Poor
7.1,6.9,2.7,14.2,0.49,5.2,26.7,Good
0.0,3.1,24.7,3.8,0.03,0.0,33.8,Good
132.2,217.9,67.4,44.7,2.79,104.7,313.8,Very Poor
76.7,136.3,0.0,26.8,0.33,24.8,155.1,Moderate
86.1,167.4,55.8,30.2,1.01,50.0,189.8,Moderate
89.6,143.5,34.6,36.8,1.43,98.7,194.2,Moderate
53.3,78.8,1.5,5.3,0.0,1.0,90.2,Satisfactory
31.5,24.9,47.7,5.5,0.47,38.9,58.5,Satisfactory
176.6,279.4,101.9,46.3,2.56,150.5,343.2,Very Poor
28.9,21.0,0.0,5.9,0.26,59.8,54.3,Satisfactory
0.0,0.0,10.8,0.0,0.54,0.0,26.9,Good
69.0,95.3,72.9,22.8,1.08,99.9,131.4,Moderate
78.1,149.9,32.1,23.3,1.87,62.5,163.0,Moderate
11.2,22.5,17.8,0.0,0.0,11.9,21.0,Good
24.7,51.3,14.2,0.0,0.37,42.6,52.2,Satisfactory
29.2,71.6,0.1,0.0,0.45,32.5,71.3,Satisfactory
110.9,170.6,97.1,55.6,2.76,109.4,272.3,Poor
68.2,98.1,39.9,44.3,2.65,57.9,127.7,Moderate
14.2,36.5,31.6,0.0,0.6,0.0,44.8,Good
2.7,9.8,19.9,16.4,0.0,51.8,56.6,Satisfactory
60.5,118.7,46.9,34.1,3.06,67.1,111.3,Moderate
145.5,215.3,69.2,37.3,3.02,74.9,322.3,Very Poor
1.8,6.9,47.9,14.6,0.72,46.6,57.2,Satisfactory
1.5,4.0,0.0,7.7,0.44,38.5,33.7,Good
76.5,124.9,59.6,19.0,2.0,34.4,149.7,Moderate
38.4,45.0,47.8,15.3,0.06,37.0,67.3,Satisfactory
54.0,88.4,14.1,31.2,1.16,91.9,90.5,Satisfactory
39.3,61.9,29.9,15.0,0.86,22.0,65.2,Satisfactory
128.4,238.0,75.4,40.1,2.23,113.7,304.8,Very Poor
134.7,231.5,50.1,48.9,2.41,119.2,308.6,Very Poor
101.9,202.8,40.8,19.8,1.94,49.6,244.1,Poor
125.9,195.5,89.0,54.5,3.12,103.4,303.0,Very Poor
37.3,70.2,21.6,21.1,0.92,14.9,67.3,Satisfactory
68.4,107.6,38.3,19.5,0.78,50.5,128.7,Moderate
114.1,199.5,63.0,5.9,2.02,62.4,279.0,Poor
30.9,43.8,5.9,18.9,1.28,38.8,67.2,Satisfactory
130.3,177.0,74.2,28.4,3.57,132.6,303.7,Very Poor
2.6,0.0,17.7,14.2,0.56,12.6,27.6,Good
60.7,119.6,33.2,9.3,1.25,13.5,111.8,Moderate
20.9,62.8,0.0,0.0,0.74,10.9,66.7,Satisfactory
107.9,152.2,103.5,49.1,1.84,109.2,260.8,Poor
128.1,207.5,92.2,66.1,2.45,141.4,304.0,Very Poor
46.3,85.9,38.9,32.9,0.99,24.7,85.3,Satisfactory
41.1,62.5,0.6,17.6,1.17,27.1,68.4,Satisfactory
108.6,180.6,113.4,35.6,2.78,127.0,261.7,Poor
0.0,0.0,20.1,12.7,0.05,11.0,29.1,Good
55.7,141.9,40.8,14.2,1.63,109.2,122.2,Moderate
134.2,225.0,77.2,38.0,2.57,87.4,310.8,Very Poor
124.2,212.7,92.8,25.8,2.53,156.3,300.0,Poor
31.9,59.2,30.1,28.5,0.65,33.4,62.2,Satisfactory
48.8,94.1,27.4,0.0,1.03,31.0,88.6,Satisfactory
109.5,153.3,87.5,37.6,2.69,105.9,261.4,Poor
31.8,61.7,57.1,21.3,1.27,31.7,72.0,Satisfactory
138.6,205.2,90.4,43.8,4.11,96.7,312.3,Very Poor
55.9,60.2,35.4,19.0,0.68,49.3,87.6,Satisfactory
37.9,50.6,23.4,20.9,1.48,24.1,76.3,Satisfactory
144.7,287.0,82.7,26.0,2.68,89.7,316.9,Very Poor
41.0,63.0,12.2,15.4,0.27,13.4,67.2,Satisfactory
14.8,33.6,0.0,2.8,0.87,7.9,45.9,Good
38.5,36.0,0.0,13.5,0.0,41.3,70.9,Satisfactory
44.3,72.6,63.7,20.3,2.55,67.4,103.3,Moderate
0.0,0.0,19.4,1.3,0.05,0.0,26.0,Good
68.0,118.8,3.3,26.2,0.39,12.9,127.4,Moderate
31.5,32.3,52.6,14.4,0.19,14.7,68.8,Satisfactory
54.0,102.9,34.4,21.0,1.4,20.7,101.6,Moderate
41.0,68.4,44.6,2.6,0.69,59.9,69.4,Satisfactory
48.8,87.7,19.2,9.1,1.32,14.0,88.6,Satisfactory
59.1,104.2,18.0,23.7,0.73,13.8,102.1,Moderate
33.8,59.9,49.2,19.1,1.67,60.2,80.9,Satisfactory
107.4,213.3,66.5,23.0,1.14,58.0,253.1,Poor
104.9,149.5,68.2,21.1,0.92,97.5,252.8,Poor
38.6,48.0,57.4,40.7,1.62,44.6,80.1,Satisfactory
26.0,69.3,55.1,21.5,0.36,52.9,68.6,Satisfactory
16.9,13.1,24.2,9.0,0.82,33.4,35.5,Good
72.4,103.1,26.4,28.6,0.97,46.3,142.2,Moderate
129.5,218.3,105.4,83.4,2.04,118.5,305.6,Very Poor
119.0,153.5,47.2,25.7,2.09,43.5,298.5,Poor
95.6,172.6,100.2,38.3,3.19,116.7,218.0,Poor
66.2,108.4,35.0,32.9,0.84,38.9,117.5,Moderate
0.0,0.0,0.0,0.0,0.68,0.0,33.0,Good
56.9,109.9,17.1,0.0,1.44,4.2,105.9,Moderate
61.5,92.5,36.3,7.6,0.46,22.8,100.9,Moderate
100.2,186.7,52.3,41.5,2.09,112.9,232.7,Poor
17.5,24.0,0.0,0.0,0.36,16.8,25.0,Good
0.0,0.0,5.3,1.1,0.0,0.9,6.7,Good
19.2,35.6,6.3,7.7,0.8,31.8,43.8,Good
34.8,57.1,0.0,6.0,0.71,0.5,57.8,Satisfactory
95.4,122.3,50.5,21.7,1.69,56.7,221.4,Poor
0.0,0.0,0.0,13.5,0.74,30.7,37.2,Good
54.1,73.2,29.8,8.8,1.52,21.1,90.8,Satisfactory
45.0,66.1,24.4,11.2,0.34,0.0,72.9,Satisfactory
30.4,53.6,26.8,0.0,1.02,48.9,54.9,Satisfactory
21.2,31.9,28.3,16.8,0.79,40.3,38.9,Good
28.3,23.8,20.3,19.3,0.76,18.6,42.7,Good
12.8,0.0,19.4,9.2,0.0,0.1,27.7,Good
42.7,52.4,30.5,16.3,0.88,41.9,77.7,Satisfactory
93.2,160.7,30.8,24.6,0.98,36.2,214.1,Poor
26.1,66.2,29.5,11.7,1.06,54.9,71.3,Satisfactory
53.6,71.9,35.7,17.9,1.87,25.8,94.4,Satisfactory
128.0,246.8,90.2,34.6,2.68,94.4,309.3,Very Poor
80.9,122.1,66.3,14.5,1.74,80.5,168.6,Moderate
51.6,77.4,21.6,1.2,0.62,25.6,87.3,Satisfactory
75.9,117.8,58.5,8.8,0.35,36.2,151.6,Moderate
87.2,193.5,48.4,5.1,1.09,36.7,193.0,Moderate
73.3,118.3,55.6,7.1,1.91,104.1,140.7,Moderate
137.8,235.9,82.1,39.7,2.6,110.8,310.1,Very Poor
40.7,55.7,25.7,6.9,0.17,37.8,65.7,Satisfactory
75.1,109.8,62.1,6.7,1.07,29.0,149.0,Moderate
86.6,159.5,38.0,14.0,2.91,86.3,190.3,Moderate
150.2,200.2,65.8,45.6,2.68,91.9,321.6,Very Poor
108.3,151.8,44.2,10.5,0.96,48.4,262.0,Poor
29.7,77.7,7.7,0.0,0.5,19.1,76.7,Satisfactory
81.0,104.0,42.9,32.5,2.16,96.7,173.1,Moderate
59.2,90.5,1.9,15.2,0.19,45.0,97.1,Satisfactory
171.6,256.4,115.0,39.4,2.84,90.6,342.2,Very Poor
66.1,121.5,20.9,19.4,0.65,37.3,121.0,Moderate
11.0,13.0,28.1,7.8,0.53,0.0,36.5,Good
0.0,11.3,43.3,0.0,0.75,29.3,55.7,Satisfactory
135.5,274.3,101.0,36.7,2.79,106.3,308.7,Very Poor
16.3,28.4,0.0,0.6,0.0,35.6,36.0,Good
105.6,200.3,57.3,34.6,1.91,36.6,253.9,Poor
26.1,47.8,0.0,27.3,0.42,0.0,46.3,Good
36.4,60.7,19.9,19.0,0.58,12.2,60.1,Satisfactory
37.0,47.8,7.2,0.0,0.13,16.1,57.6,Satisfactory
50.5,102.5,33.5,9.9,0.0,45.7,99.1,Satisfactory
46.5,72.9,41.6,10.9,0.68,41.9,77.2,Satisfactory
95.8,141.2,53.9,24.9,1.64,49.9,215.3,Poor
123.9,254.4,96.6,37.3,3.35,130.0,303.9,Very Poor
73.7,144.0,67.6,40.3,0.93,44.0,143.4,Moderate
40.3,56.8,20.0,25.3,0.91,41.9,70.6,Satisfactory
39.5,99.7,13.4,19.2,0.52,57.4,98.2,Satisfactory
0.0,15.3,37.3,0.0,0.0,34.0,44.8,Good
17.9,27.4,31.0,16.0,0.48,37.2,35.5,Good
120.8,222.5,86.0,41.5,2.04,68.4,303.1,Very Poor
46.9,78.1,28.1,22.5,0.72,51.0,75.1,Satisfactory
43.5,73.1,54.2,0.5,0.9,38.6,75.0,Satisfactory
25.7,30.6,27.8,10.9,2.23,56.0,103.0,Moderate
92.5,122.4,97.6,44.3,1.98,127.6,215.0,Poor
89.1,139.9,24.1,32.6,1.44,37.5,196.9,Moderate
131.5,254.1,76.2,41.8,2.63,71.4,308.4,Very Poor
51.1,107.6,28.6,36.1,1.36,54.1,105.9,Moderate
71.7,94.6,58.1,14.6,0.93,70.0,138.8,Moderate
21.4,34.5,12.9,12.1,0.41,0.0,30.4,Good
22.8,64.9,27.1,9.5,2.07,40.1,99.3,Satisfactory
9.0,27.1,40.8,9.4,1.18,22.9,55.8,Satisfactory
50.3,103.1,37.6,0.0,0.55,28.5,99.6,Satisfactory
86.6,146.7,56.4,30.5,1.87,47.4,194.1,Moderate
94.4,196.2,36.6,24.6,0.73,73.3,214.1,Poor
41.2,73.1,28.3,0.0,0.71,0.0,71.3,Satisfactory
133.6,250.3,79.1,44.4,2.1,110.0,319.3,Very Poor
168.9,282.3,76.0,47.6,2.38,128.1,342.3,Very Poor
31.6,81.4,0.0,13.5,0.0,6.6,84.3,Satisfactory
38.6,44.0,0.0,0.0,0.0,28.7,65.5,Satisfactory
0.0,20.3,0.0,6.5,0.39,12.1,19.4,Good
112.2,207.2,77.5,15.3,1.86,56.4,269.1,Poor
29.8,61.1,16.1,7.1,0.73,69.6,67.6,Satisfactory
165.2,341.2,93.9,51.5,2.65,135.7,336.5,Very Poor
26.3,31.2,29.9,7.9,0.15,4.0,39.3,Good
55.4,76.3,23.8,0.0,1.04,9.5,95.7,Satisfactory
33.1,55.7,33.1,18.7,0.46,43.5,59.2,Satisfactory
56.1,94.0,15.9,17.2,1.31,90.7,96.9,Satisfactory
56.1,68.5,62.2,11.9,0.86,15.8,98.3,Satisfactory
28.0,46.8,12.7,14.3,0.63,9.7,45.1,Good
20.4,27.5,10.0,6.2,0.0,27.6,32.8,Good
61.2,85.3,58.3,35.0,2.21,70.7,100.7,Moderate
45.3,47.3,21.8,14.6,0.49,22.3,70.7,Satisfactory
76.5,104.8,81.2,35.2,1.7,59.7,160.1,Moderate
112.2,222.1,88.6,40.0,2.66,70.8,269.3,Poor
49.0,78.8,6.4,21.8,0.56,47.9,82.8,Satisfactory
20.4,21.9,17.8,4.8,0.04,0.0,26.9,Good
74.4,170.2,63.0,28.3,1.19,84.9,147.6,Moderate
20.1,40.7,5.8,4.6,0.89,20.8,33.0,Good
63.5,95.8,59.8,24.0,0.59,21.0,116.1,Moderate
79.4,127.5,50.0,22.6,1.74,68.8,166.2,Moderate
20.8,34.2,13.4,0.0,0.36,0.7,32.3,Good
83.2,114.9,29.8,7.9,0.88,55.1,177.9,Moderate
22.5,21.9,41.5,0.0,0.0,32.2,51.6,Satisfactory
24.0,16.5,20.2,7.6,0.5,43.0,42.2,Good
48.9,93.8,59.1,22.3,1.57,62.4,92.0,Satisfactory
53.3,124.1,1.3,11.8,0.76,42.8,113.1,Moderate
18.6,16.7,25.8,0.0,0.6,31.0,31.6,Good
99.9,144.9,80.6,55.7,3.29,82.1,236.2,Poor
58.4,106.1,45.2,21.0,1.96,54.2,104.5,Moderate
37.7,32.9,41.9,14.0,1.35,41.8,66.3,Satisfactory
79.8,159.1,40.5,21.7,2.69,89.6,161.4,Moderate
18.8,0.1,25.4,0.8,0.87,16.2,43.1,Good
57.1,88.2,27.5,33.1,1.19,47.6,95.1,Satisfactory
70.3,158.3,57.7,37.9,1.22,36.4,136.0,Moderate
150.1,291.2,75.6,34.8,2.52,126.4,324.8,Very Poor
112.4,195.8,78.5,23.5,1.5,89.2,274.3,Poor
71.9,137.6,41.7,23.5,0.0,21.7,137.8,Moderate
70.8,108.2,60.3,31.7,0.0,52.1,131.6,Moderate
50.0,34.2,23.4,25.2,1.54,49.4,79.3,Satisfactory
23.9,31.9,10.2,0.0,0.84,3.2,42.9,Good
43.4,79.7,51.7,7.4,1.25,31.0,76.7,Satisfactory
177.7,308.9,83.6,34.1,2.48,86.4,343.8,Very Poor
35.2,48.0,17.1,25.9,0.28,39.5,58.2,Satisfactory
91.6,174.3,60.0,10.3,0.94,70.0,206.3,Poor
22.2,56.3,8.5,19.4,0.82,60.8,58.4,Satisfactory
101.0,162.0,1.2,11.7,1.35,49.9,234.8,Poor
0.0,7.6,32.1,0.0,0.0,4.5,41.9,Good
56.3,120.1,25.3,16.5,0.49,44.8,116.3,Moderate
48.0,82.8,31.5,18.6,0.95,9.3,83.7,Satisfactory
8.6,10.0,0.0,0.0,1.23,26.1,61.3,Satisfactory
4.7,0.0,1.1,13.2,0.83,27.8,42.0,Good
32.7,79.6,14.8,3.9,0.31,48.2,77.4,Satisfactory
57.3,124.7,59.7,18.5,1.6,67.5,113.7,Moderate
38.4,45.2,46.5,9.3,1.28,53.0,67.1,Satisfactory
49.8,117.9,3.7,17.5,0.98,16.3,113.7,Moderate
12.2,33.4,0.0,21.6,0.24,58.3,60.7,Satisfactory
27.0,49.1,10.9,0.0,0.0,0.0,54.6,Satisfactory
132.7,246.9,90.2,40.6,2.17,137.5,315.4,Very Poor
0.1,0.0,29.8,0.0,0.59,29.6,36.8,Good
38.8,60.1,22.8,13.3,0.0,13.3,62.2,Satisfactory
37.0,66.9,0.0,0.0,0.18,0.0,62.7,Satisfactory
145.2,252.4,99.8,55.1,3.26,67.4,320.7,Very Poor
67.4,70.1,25.7,32.3,1.8,67.7,122.1,Moderate
68.3,119.9,45.6,34.4,2.22,58.5,127.0,Moderate
14.8,0.0,29.9,23.9,0.05,0.0,37.0,Good
116.9,193.4,68.2,52.7,2.94,131.2,286.8,Poor
168.8,225.6,98.6,24.9,2.24,141.2,340.0,Very Poor
0.0,21.3,0.0,7.6,0.13,0.0,22.2,Good
13.7,31.2,0.0,0.0,0.24,49.8,52.2,Satisfactory
78.1,164.0,73.3,36.1,2.06,100.5,159.0,Moderate
32.0,67.0,51.4,9.2,0.69,38.5,66.3,Satisfactory
65.3,100.1,10.7,2.4,0.86,0.0,116.2,Moderate
7.3,38.0,44.7,7.5,0.3,31.1,55.6,Satisfactory
76.3,136.1,63.2,28.7,1.39,50.8,153.8,Moderate
115.7,217.6,114.5,42.7,3.14,114.6,284.8,Poor
72.5,130.8,41.5,21.5,0.92,50.3,143.8,Moderate
57.8,81.8,27.7,11.6,0.0,69.4,95.4,Satisfactory
49.3,116.8,46.2,22.6,1.47,93.9,113.2,Moderate
37.2,30.4,0.0,9.6,0.38,10.8,60.8,Satisfactory
42.3,115.3,27.1,25.8,1.57,30.2,112.6,Moderate
139.3,221.2,83.4,38.2,3.09,108.1,310.9,Very Poor
105.3,129.3,26.0,33.8,1.13,45.6,246.2,Poor
10.7,4.1,0.0,0.0,0.8,12.1,38.3,Good
142.8,236.0,75.3,37.8,2.82,147.9,321.8,Very Poor
89.7,121.5,73.0,33.9,0.41,43.9,199.9,Moderate
17.8,4.2,23.7,11.1,1.25,29.7,61.5,Satisfactory
15.0,11.5,31.2,6.3,0.58,40.2,39.2,Good
12.9,38.7,15.1,3.1,0.36,43.3,46.4,Good
24.9,44.6,2.5,17.1,1.4,17.7,72.6,Satisfactory
141.9,182.2,93.2,51.6,2.06,100.2,318.0,Very Poor
66.2,99.2,43.2,0.0,0.25,38.1,120.5,Moderate
35.3,51.5,7.1,18.0,0.0,44.5,55.7,Satisfactory
35.0,63.1,0.0,1.0,0.63,14.9,66.5,Satisfactory
17.2,45.6,14.5,25.0,1.12,24.1,56.0,Satisfactory
70.1,85.4,32.5,23.3,0.95,49.5,134.7,Moderate
56.1,81.6,16.5,18.6,0.99,66.7,93.4,Satisfactory
42.9,65.8,84.1,33.1,1.17,43.4,101.2,Moderate
52.2,76.1,18.1,12.4,0.68,66.4,83.9,Satisfactory
101.6,193.9,53.3,22.8,1.59,63.1,233.7,Poor
30.9,70.5,0.0,21.7,0.53,25.9,71.9,Satisfactory
31.7,61.1,4.4,5.8,1.14,21.4,64.7,Satisfactory
72.7,154.4,20.0,16.0,1.85,24.5,139.1,Moderate
0.0,25.1,15.2,15.7,0.21,0.0,21.2,Good
81.7,147.6,29.7,26.0,1.05,73.0,173.7,Moderate
108.6,223.4,123.1,52.3,2.56,103.7,261.2,Poor
73.1,105.1,55.3,26.2,1.27,39.3,144.6,Moderate
58.2,105.1,31.5,13.3,1.64,37.5,97.4,Satisfactory
141.3,281.9,94.8,46.6,2.61,96.8,317.9,Very Poor
48.6,57.7,0.0,8.0,0.0,23.8,82.9,Satisfactory
73.8,128.2,53.2,24.6,1.82,62.2,149.8,Moderate
35.6,64.7,28.4,20.3,1.15,0.0,61.3,Satisfactory
1.0,16.9,5.7,16.0,0.96,9.1,47.2,Good
117.9,223.0,100.0,21.0,2.56,137.7,291.7,Poor
15.2,18.9,14.6,0.0,0.0,29.5,32.2,Good
42.5,78.8,54.1,10.8,0.01,51.8,78.0,Satisfactory
79.5,124.3,71.6,24.5,1.04,33.2,162.8,Moderate
33.8,83.4,7.9,37.3,1.7,37.8,80.2,Satisfactory
55.0,52.4,0.0,0.0,0.26,3.5,97.9,Satisfactory
67.3,137.5,58.4,34.8,1.69,69.5,125.2,Moderate
25.8,39.6,18.0,7.8,0.24,13.9,41.3,Good
24.3,41.9,14.7,16.0,0.01,26.9,42.0,Good
44.2,117.2,7.2,8.8,1.28,26.3,104.8,Moderate
41.4,80.9,39.5,29.4,0.56,32.1,77.8,Satisfactory
36.5,36.6,0.0,19.7,0.98,25.0,57.5,Satisfactory
46.4,67.5,36.3,37.5,2.4,60.5,105.4,Moderate
57.6,98.2,20.4,11.3,0.62,29.4,99.5,Satisfactory
92.6,137.8,80.8,39.5,2.4,110.1,209.2,Poor
69.6,98.0,10.1,5.3,0.74,43.3,126.2,Moderate
1.4,10.9,0.0,19.7,0.13,0.0,26.5,Good
56.8,117.9,14.2,23.4,0.08,43.5,111.7,Moderate
102.9,195.4,59.6,26.6,1.53,93.9,247.6,Poor
115.6,180.0,83.0,60.0,2.27,152.3,288.9,Poor
26.0,42.5,33.6,0.0,0.89,0.0,40.9,Good
62.0,108.8,46.7,23.2,0.56,29.3,107.6,Moderate
91.9,127.3,71.3,33.5,0.81,60.7,203.5,Poor
68.0,118.8,53.0,28.1,1.24,40.6,120.4,Moderate
103.3,216.1,33.2,8.6,1.75,70.9,239.3,Poor
12.6,7.0,0.0,0.1,0.01,26.1,25.7,Good
54.8,95.7,23.4,22.5,0.0,49.6,93.8,Satisfactory
98.7,159.5,82.6,38.7,1.16,67.8,228.0,Poor
82.6,170.2,9.5,16.5,0.37,1.2,177.6,Moderate
71.9,121.1,34.6,16.3,1.44,86.5,142.9,Moderate
0.0,0.0,20.5,3.5,0.3,41.9,42.2,Good
142.6,249.7,98.3,42.5,2.6,112.3,315.2,Very Poor
6.6,33.5,42.1,21.9,0.0,0.0,49.1,Good
74.5,117.7,42.7,8.9,0.62,46.3,151.3,Moderate
7.3,0.0,8.7,3.0,0.0,27.9,29.4,Good
137.1,233.6,78.0,35.1,2.01,104.5,317.9,Very Poor
67.9,101.0,20.2,32.6,2.62,13.0,122.6,Moderate
71.1,102.0,48.9,22.3,1.69,58.2,135.8,Moderate
133.3,163.4,84.5,44.6,2.6,136.8,309.3,Very Poor
24.8,30.3,25.0,27.3,0.99,33.5,49.2,Good
21.4,33.4,42.2,14.9,1.52,67.1,78.2,Satisfactory
126.6,217.7,70.8,49.2,1.97,104.2,307.4,Very Poor
46.3,75.9,0.0,4.3,0.36,14.4,77.4,Satisfactory
30.9,55.0,16.8,0.0,1.01,52.9,57.4,Satisfactory
72.8,115.8,55.3,43.4,1.55,59.9,141.3,Moderate
21.4,4.0,0.0,18.8,0.92,20.4,47.4,Good
57.7,102.4,17.2,14.7,0.0,5.4,102.0,Moderate
37.9,66.0,42.3,1.8,1.06,21.9,66.7,Satisfactory
133.4,200.5,86.0,40.4,2.68,114.4,307.3,Very Poor
122.5,197.8,99.6,50.7,2.18,110.0,303.9,Very Poor
14.5,34.9,25.5,3.9,0.74,0.0,41.1,Good
144.3,208.6,83.2,58.0,2.11,139.5,319.9,Very Poor
30.5,49.3,0.0,15.3,0.52,42.2,50.2,Satisfactory
78.6,100.9,40.7,34.1,1.43,77.0,161.3,Moderate
109.3,146.7,47.8,21.9,1.93,83.4,265.9,Poor
144.6,249.7,47.6,41.3,2.53,123.4,318.8,Very Poor
146.4,249.7,91.9,53.0,1.9,160.3,323.9,Very Poor
54.9,73.5,18.6,21.0,0.12,26.3,87.6,Satisfactory
123.7,210.6,81.4,58.6,3.22,114.2,296.2,Poor
51.4,100.2,23.3,8.8,1.03,42.7,103.0,Moderate
59.5,100.4,49.4,16.6,1.81,85.6,102.9,Moderate
138.4,227.1,76.2,18.5,2.79,126.0,310.9,Very Poor
17.8,20.8,13.6,0.6,1.01,18.0,47.6,Good
67.2,139.6,48.8,12.4,0.59,36.7,126.1,Moderate
28.9,22.6,38.2,13.5,0.69,12.8,44.8,Good
63.4,147.4,0.0,31.9,1.18,19.6,131.5,Moderate
19.0,25.6,17.1,14.8,1.53,70.8,75.1,Satisfactory
79.5,135.5,72.4,27.9,2.35,89.2,165.2,Moderate
48.5,111.7,24.6,29.2,0.84,41.8,107.7,Moderate
39.1,52.7,9.4,6.7,0.3,65.2,69.0,Satisfactory
89.8,116.6,84.1,19.2,1.43,56.4,196.2,Moderate
16.2,46.6,30.7,19.2,0.98,11.8,52.0,Satisfactory
44.4,80.0,64.8,3.8,0.93,57.2,77.1,Satisfactory
40.3,55.0,14.4,0.0,0.14,2.4,64.2,Satisfactory
130.0,192.6,95.4,43.9,2.67,108.4,303.8,Very Poor
42.8,89.4,2.8,8.3,0.78,0.0,89.7,Satisfactory
95.8,150.8,67.6,38.9,3.31,105.3,215.7,Poor
64.1,102.1,45.5,23.9,0.61,61.4,119.1,Moderate
0.1,9.3,30.0,17.8,0.0,25.0,41.9,Good
29.0,52.8,30.5,9.3,0.0,5.9,56.4,Satisfactory
24.5,59.9,36.9,18.6,1.08,7.8,58.4,Satisfactory
54.6,104.9,26.7,28.4,2.0,63.4,109.0,Moderate
0.0,0.0,2.0,0.0,0.62,6.6,26.5,Good
6.5,24.3,31.1,15.9,1.8,53.3,94.2,Satisfactory
47.8,74.7,38.6,9.3,1.08,16.3,76.5,Satisfactory
35.8,36.4,41.5,3.7,0.59,36.4,60.5,Satisfactory
68.0,144.3,50.8,20.9,1.22,71.1,128.4,Moderate
25.5,18.8,0.0,9.0,0.7,3.4,48.3,Good
42.4,63.0,34.7,11.4,0.33,13.1,68.6,Satisfactory
127.7,201.6,77.0,50.6,3.46,125.1,309.9,Very Poor
97.5,205.1,46.9,27.4,1.35,60.6,225.1,Poor
85.8,126.6,58.5,32.7,0.8,43.5,189.5,Moderate
40.8,51.9,36.4,2.9,0.85,39.9,69.2,Satisfactory
112.6,179.1,124.9,41.0,2.55,123.6,280.0,Poor
31.1,71.6,12.4,13.7,0.35,6.0,70.7,Satisfactory
45.7,58.9,42.0,22.2,0.79,26.2,76.9,Satisfactory
81.4,98.2,49.4,22.6,0.93,18.0,168.4,Moderate
24.6,62.7,12.9,0.5,0.74,83.4,84.8,Satisfactory
111.9,211.3,50.4,20.6,0.9,58.8,273.3,Poor
50.4,97.7,28.9,0.0,0.63,41.2,99.2,Satisfactory
143.8,263.0,72.3,25.5,2.37,107.3,322.1,Very Poor
0.0,0.0,24.2,25.8,1.46,16.9,73.8,Satisfactory
163.6,322.3,98.2,32.6,2.48,133.1,331.4,Very Poor
71.4,109.8,14.8,11.1,0.56,42.7,136.6,Moderate
32.6,79.8,30.2,0.0,0.06,0.0,80.2,Satisfactory
80.1,106.5,29.8,17.6,0.91,54.9,165.2,Moderate
21.7,56.2,5.3,16.2,0.42,47.7,53.1,Satisfactory
57.9,106.2,30.0,29.4,1.64,0.0,104.9,Moderate
0.0,11.9,28.8,5.6,0.4,16.5,33.6,Good
40.0,89.8,15.1,0.0,0.0,61.3,88.5,Satisfactory
48.8,77.9,26.0,14.3,1.78,66.3,91.1,Satisfactory
17.4,26.0,16.5,3.0,0.0,39.1,40.7,Good
18.4,15.6,17.0,0.7,0.25,12.9,28.6,Good
10.1,3.6,9.8,12.2,0.0,14.5,17.6,Good
112.2,178.1,82.2,43.0,2.56,74.6,277.1,Poor
48.7,76.1,11.8,9.5,1.53,44.3,83.2,Satisfactory
111.0,139.6,85.5,35.4,1.8,99.8,274.0,Poor
66.6,130.9,54.7,18.4,2.2,69.2,124.9,Moderate
56.6,105.7,39.9,25.5,1.87,69.7,105.6,Moderate
40.8,79.0,23.1,21.9,0.3,55.4,83.1,Satisfactory
18.0,36.6,0.5,0.6,0.16,43.9,43.6,Good
40.9,58.9,50.0,21.8,0.32,24.0,68.8,Satisfactory
8.7,29.9,41.6,19.0,0.5,38.4,50.5,Satisfactory
46.3,116.9,49.8,21.7,1.17,2.8,110.4,Moderate
0.0,0.0,1.6,2.2,0.89,24.5,47.6,Good
44.4,58.3,42.5,29.1,0.07,28.0,77.2,Satisfactory
74.2,131.6,28.8,16.5,0.72,66.2,149.9,Moderate
41.9,61.6,3.8,17.9,0.81,31.9,68.2,Satisfactory
79.7,134.6,74.7,29.6,1.51,68.0,162.1,Moderate
93.7,148.1,45.9,28.3,0.72,38.1,215.4,Poor
0.0,0.0,5.1,10.4,0.64,32.8,33.9,Good
86.1,154.0,29.1,43.0,1.42,76.4,185.9,Moderate
63.9,119.4,43.9,62.1,2.16,83.7,112.1,Moderate
36.4,56.9,12.0,19.4,1.0,19.6,57.4,Satisfactory
106.8,217.2,31.5,13.1,1.38,79.7,257.6,Poor
15.9,23.2,15.4,20.3,1.03,22.2,58.4,Satisfactory
54.2,92.1,14.9,15.8,0.73,0.0,89.0,Satisfactory
136.2,150.4,107.8,45.6,1.89,85.0,314.2,Very Poor
13.5,29.3,7.5,4.1,0.0,33.4,32.8,Good
0.0,5.4,38.0,18.8,0.0,0.0,48.9,Good
105.6,161.1,96.1,37.1,1.52,129.6,254.9,Poor
32.2,49.0,39.3,0.0,1.72,44.8,83.1,Satisfactory
93.6,114.7,56.5,28.1,2.43,101.3,210.2,Poor
29.1,35.3,0.0,0.0,1.53,22.2,79.4,Satisfactory
37.8,46.0,5.6,4.0,1.19,27.4,63.0,Satisfactory
119.9,242.8,105.2,33.0,2.93,125.1,302.5,Very Poor
49.7,81.8,59.3,33.8,1.05,101.7,104.0,Moderate
75.9,151.4,52.4,10.9,0.35,21.4,151.4,Moderate
0.0,19.4,31.9,4.0,0.16,0.0,42.0,Good
28.0,32.4,26.2,18.3,1.7,39.0,85.7,Satisfactory
45.6,59.1,43.2,10.6,0.58,24.1,75.6,Satisfactory
44.0,85.0,54.3,9.0,0.25,25.0,85.4,Satisfactory
55.8,85.7,23.2,20.8,0.21,22.9,91.2,Satisfactory
89.0,168.3,47.4,14.1,0.97,28.2,195.2,Moderate
34.3,59.5,26.3,3.6,1.35,19.3,64.2,Satisfactory
84.8,148.0,40.9,22.3,1.65,76.7,184.2,Moderate
77.0,107.6,79.1,31.9,1.1,55.4,156.8,Moderate
58.5,95.8,36.1,28.5,2.71,75.8,104.1,Moderate
63.5,76.2,39.7,22.1,1.74,78.6,114.9,Moderate
0.0,26.8,30.2,22.6,0.86,36.0,43.8,Good
126.9,210.6,87.5,43.7,3.29,87.8,310.6,Very Poor
56.1,89.4,6.9,3.1,0.98,81.9,97.2,Satisfactory
37.0,63.6,22.3,5.5,0.92,16.2,69.2,Satisfactory
81.6,159.1,53.3,19.4,1.55,97.8,174.6,Moderate
22.1,44.1,20.2,10.0,0.85,25.3,46.6,Good
4.6,14.9,0.0,0.0,0.0,4.9,19.6,Good
128.8,265.3,79.4,41.8,2.59,132.7,310.8,Very Poor
56.5,112.6,69.7,30.9,1.19,84.9,107.8,Moderate
35.4,74.3,37.9,6.2,1.03,62.0,71.4,Satisfactory
27.3,37.5,6.7,28.1,0.91,29.1,47.6,Good
61.7,91.1,22.0,18.6,1.46,26.6,105.4,Moderate
32.5,23.5,28.7,4.1,0.75,56.9,56.9,Satisfactory
18.6,40.8,0.0,0.0,0.0,11.5,39.7,Good
55.4,101.1,9.4,1.2,0.07,8.8,96.5,Satisfactory
58.8,137.3,47.5,22.4,1.36,58.6,122.9,Moderate
66.1,86.3,36.4,21.6,1.77,50.2,118.5,Moderate
25.8,41.8,28.5,0.0,0.0,11.5,44.1,Good
43.9,62.9,42.1,8.1,0.44,52.0,74.2,Satisfactory
54.3,71.7,66.0,21.2,1.56,70.9,84.2,Satisfactory
54.8,72.6,3.9,19.7,0.15,28.0,88.2,Satisfactory
56.0,53.9,10.2,0.0,1.16,23.0,93.8,Satisfactory
55.7,119.9,36.5,9.1,0.73,51.2,114.1,Moderate
75.7,108.7,66.8,27.8,0.91,90.0,153.1,Moderate
30.6,66.3,20.5,1.3,0.65,44.4,64.5,Satisfactory
35.3,35.7,25.3,19.1,0.87,8.1,52.4,Satisfactory
39.2,61.2,49.5,2.6,1.07,39.4,64.2,Satisfactory
54.9,96.4,37.3,23.2,0.78,28.9,89.8,Satisfactory
119.5,193.6,98.3,41.6,2.5,109.8,295.8,Poor
109.1,198.4,51.6,42.1,1.22,47.6,261.7,Poor
0.0,12.0,19.2,0.0,0.0,39.3,42.9,Good
25.5,34.2,6.6,0.0,0.49,16.0,39.7,Good
23.5,57.7,28.0,20.3,0.92,67.0,66.4,Satisfactory
7.9,25.3,0.0,15.2,0.0,27.8,25.8,Good
8.5,15.2,14.3,0.0,0.0,0.4,12.2,Good
40.5,89.7,1.5,8.5,0.0,0.0,85.6,Satisfactory
42.0,65.2,0.0,18.7,0.47,12.6,73.4,Satisfactory
66.9,111.6,42.8,0.3,1.81,35.6,120.0,Moderate
35.9,40.1,9.5,10.4,0.16,46.8,59.7,Satisfactory
34.4,43.0,32.8,15.7,1.24,25.3,56.2,Satisfactory
39.8,81.9,32.5,8.7,0.57,27.2,86.1,Satisfactory
41.9,58.9,31.6,18.8,0.9,18.2,68.6,Satisfactory
150.6,227.4,101.1,42.1,2.43,83.6,325.1,Very Poor
68.4,116.5,14.2,0.0,0.93,82.0,131.7,Moderate
35.4,74.6,39.4,8.2,0.49,28.5,73.5,Satisfactory
3.6,7.6,0.0,3.9,0.0,2.2,8.0,Good
21.2,24.7,54.7,26.0,0.59,19.3,68.9,Satisfactory
13.1,18.0,29.4,7.9,1.48,5.1,70.4,Satisfactory
144.1,236.0,72.2,42.7,2.29,92.8,312.2,Very Poor
44.8,55.8,24.9,12.5,0.94,20.4,78.4,Satisfactory
62.4,101.8,13.4,5.9,0.34,47.0,105.9,Moderate
83.1,142.6,39.8,11.4,1.42,62.6,170.4,Moderate
20.2,32.4,4.0,15.7,0.0,28.5,36.5,Good
61.1,79.7,6.9,9.9,0.39,53.4,105.3,Moderate
54.5,97.3,22.3,13.3,1.34,48.8,97.4,Satisfactory
36.8,50.9,51.3,16.0,1.85,47.1,88.3,Satisfactory
76.5,107.3,38.9,22.2,0.88,65.1,155.8,Moderate
21.9,26.9,3.6,14.6,0.71,50.7,50.2,Satisfactory
48.0,83.2,54.5,30.7,0.85,68.2,81.9,Satisfactory
28.1,65.3,30.5,0.0,0.94,13.5,63.2,Satisfactory
24.0,25.9,7.7,3.6,1.0,36.0,51.8,Satisfactory
76.7,96.0,61.7,14.3,1.22,57.8,157.6,Moderate
20.3,27.8,40.3,0.0,0.0,0.0,45.0,Good
117.6,166.7,79.1,40.7,1.78,94.1,290.6,Poor
66.5,107.9,21.3,0.0,1.48,49.7,124.3,Moderate
7.1,5.2,17.5,23.5,0.75,44.6,44.9,Good
0.0,0.0,18.2,9.8,0.94,42.8,46.4,Good
88.6,198.8,51.0,15.3,1.37,38.9,196.5,Moderate
43.7,61.3,1.4,0.0,0.75,40.0,74.1,Satisfactory
76.7,131.9,53.0,36.3,1.95,39.1,155.1,Moderate
65.7,112.9,21.0,6.1,0.6,63.6,118.6,Moderate
15.4,21.6,34.5,6.3,1.0,64.2,62.2,Satisfactory
0.0,4.3,42.3,8.7,0.15,9.0,51.4,Satisfactory
8.8,0.0,10.5,4.6,0.6,4.5,27.9,Good
0.0,0.0,28.8,12.8,0.0,28.2,36.3,Good
0.0,0.0,16.7,0.0,0.91,15.3,43.3,Good
41.6,97.2,7.2,6.0,0.77,42.1,98.0,Satisfactory
99.6,188.8,71.3,22.8,1.41,26.9,235.0,Poor
92.4,121.6,36.2,3.0,1.02,35.7,207.1,Poor
101.5,162.0,41.4,23.0,2.73,74.5,236.7,Poor
50.2,96.0,11.5,38.5,0.6,77.7,91.9,Satisfactory
98.5,191.0,44.5,12.9,1.53,69.5,227.0,Poor
143.0,216.4,84.0,37.0,3.03,94.5,316.3,Very Poor
43.4,88.9,23.5,13.2,0.82,40.9,88.0,Satisfactory
45.0,95.1,23.1,27.1,1.54,53.9,94.5,Satisfactory
83.7,121.5,48.2,27.0,1.51,51.9,183.3,Moderate
82.2,146.2,46.0,36.6,1.33,96.4,174.2,Moderate
102.6,157.4,84.9,41.6,2.0,76.8,240.5,Poor
35.8,53.4,17.6,10.4,0.0,15.8,60.9,Satisfactory
16.3,16.2,27.5,6.0,0.53,4.1,34.5,Good
135.0,193.6,115.1,33.3,2.17,118.8,316.0,Very Poor
42.0,44.0,18.0,11.0,0.38,19.4,70.2,Satisfactory
67.3,99.8,55.2,11.8,1.76,57.4,126.5,Moderate
93.6,123.5,71.9,18.0,1.74,61.2,209.0,Poor
39.6,85.8,14.9,27.8,1.47,20.6,84.6,Satisfactory
32.7,63.9,35.6,16.7,0.17,37.0,57.0,Satisfactory
77.3,105.9,31.8,42.2,0.66,75.6,159.4,Moderate
0.0,0.0,0.0,0.0,0.68,16.3,34.4,Good
30.6,34.4,19.1,14.7,0.55,28.5,53.0,Satisfactory
68.0,103.2,56.9,32.3,1.79,65.6,133.8,Moderate
48.2,70.4,39.4,15.7,1.53,14.8,84.3,Satisfactory
101.4,146.9,42.9,7.1,1.05,79.2,240.5,Poor
156.8,271.5,77.2,48.4,2.88,123.5,330.9,Very Poor
14.8,35.0,24.8,18.3,0.1,63.0,59.4,Satisfactory
56.0,76.3,28.2,1.3,0.65,37.6,96.1,Satisfactory
29.9,52.7,7.5,19.1,0.61,28.5,58.7,Satisfactory
104.3,175.5,60.3,52.2,2.1,76.7,250.9,Poor
57.6,67.8,33.2,21.4,1.44,47.1,92.5,Satisfactory
31.6,82.5,32.3,23.3,0.34,40.3,84.5,Satisfactory
72.9,147.2,0.0,29.5,0.48,30.2,144.3,Moderate
126.6,210.5,71.7,62.1,2.9,148.4,307.7,Very Poor
0.0,0.1,10.9,0.0,0.0,59.1,59.8,Satisfactory
142.5,245.0,82.1,43.1,3.14,102.0,315.0,Very Poor
0.0,2.4,18.8,35.6,0.31,63.0,63.7,Satisfactory
77.9,144.0,48.1,14.7,1.79,99.3,151.7,Moderate
31.3,39.4,18.9,20.9,1.66,88.2,86.0,Satisfactory
29.9,53.2,52.2,22.1,1.64,30.5,80.3,Satisfactory
134.3,217.9,103.7,49.1,2.76,125.9,305.1,Very Poor
91.0,189.8,54.3,19.0,1.97,69.1,201.2,Poor
16.9,31.5,20.3,10.9,0.41,35.5,39.2,Good
36.8,75.0,12.1,8.6,1.82,40.6,97.2,Satisfactory
39.6,50.9,16.4,2.5,1.09,56.1,73.3,Satisfactory
26.2,31.4,24.2,0.0,0.0,34.1,44.8,Good
57.2,78.3,38.3,35.1,0.63,80.5,97.8,Satisfactory
34.2,37.6,37.7,25.7,1.04,33.8,56.5,Satisfactory
37.4,48.3,29.7,8.4,0.41,50.2,63.4,Satisfactory
83.3,90.7,66.6,20.0,0.97,62.1,173.6,Moderate
36.5,67.8,25.3,25.8,0.95,49.7,71.4,Satisfactory
25.2,35.8,39.1,0.0,0.63,53.2,51.9,Satisfactory
117.6,159.8,57.9,51.2,2.58,104.6,291.3,Poor
104.8,172.6,96.6,49.0,2.74,131.5,249.3,Poor
100.2,172.3,50.0,38.4,0.81,57.2,233.1,Poor
30.7,49.5,37.1,12.4,0.39,20.7,52.4,Satisfactory
96.8,163.7,33.1,29.6,1.98,63.1,226.3,Poor
78.8,149.8,48.5,35.8,1.98,14.6,162.8,Moderate
34.1,65.2,15.1,21.3,1.67,18.0,79.2,Satisfactory
4.8,24.6,3.9,0.0,1.05,20.0,51.0,Satisfactory
0.0,0.0,18.2,0.0,0.41,55.9,54.8,Satisfactory
85.4,120.5,73.1,24.4,1.11,56.5,183.7,Moderate
49.7,104.3,37.3,8.9,0.3,37.3,99.7,Satisfactory
39.9,68.6,19.6,13.0,1.38,11.2,67.8,Satisfactory
3.0,0.0,0.0,22.4,0.48,19.2,27.1,Good
60.0,97.7,0.0,8.5,0.0,23.3,95.7,Satisfactory
40.1,65.0,50.5,0.0,1.33,37.6,65.4,Satisfactory
23.3,52.6,18.5,23.4,1.58,34.3,70.8,Satisfactory
14.0,28.8,4.8,14.4,0.0,39.7,44.4,Good
54.9,65.7,34.2,2.1,0.59,57.1,93.8,Satisfactory
57.6,100.7,9.7,4.6,0.35,0.0,101.3,Moderate
26.5,23.6,39.5,0.0,1.17,9.1,57.5,Satisfactory
52.4,62.1,42.3,11.7,0.87,46.2,80.6,Satisfactory
61.3,113.9,0.0,18.6,0.58,0.0,109.4,Moderate
98.7,130.3,40.1,16.6,2.25,55.2,225.5,Poor
115.2,241.0,91.8,37.5,3.48,132.9,287.1,Poor
33.9,68.3,13.7,18.6,0.76,26.0,63.3,Satisfactory
0.4,0.0,7.9,10.6,0.14,17.4,12.9,Good
1.4,21.1,26.6,3.3,1.86,39.9,90.1,Satisfactory
19.8,19.6,26.5,4.8,0.47,32.5,34.3,Good
0.0,21.0,56.1,2.4,0.0,17.3,69.6,Satisfactory
8.2,23.9,38.2,16.7,0.96,3.8,51.2,Satisfactory
20.2,20.3,16.8,0.0,0.75,0.0,31.6,Good
65.2,110.5,55.8,0.0,0.36,17.3,120.2,Moderate
50.8,81.3,33.2,0.0,0.53,0.0,84.3,Satisfactory
0.0,0.0,0.0,10.4,1.03,14.5,53.1,Satisfactory
33.2,48.2,1.6,25.3,0.61,24.3,56.4,Satisfactory
101.2,179.5,25.5,33.8,1.38,38.5,234.3,Poor
16.7,17.9,33.0,30.8,0.78,0.0,40.5,Good
66.3,95.0,50.9,18.5,0.0,37.2,121.8,Moderate
63.6,118.6,38.1,12.3,0.11,35.8,113.5,Moderate
143.0,236.4,103.1,30.3,3.32,103.8,315.3,Very Poor
99.6,151.1,26.0,23.2,1.95,46.5,228.0,Poor
0.0,2.2,19.4,0.0,1.01,11.3,52.7,Satisfactory
97.2,115.8,65.2,11.7,0.87,104.3,227.3,Poor
48.7,85.1,27.8,6.5,0.39,39.3,81.9,Satisfactory
20.1,53.8,21.6,8.2,1.05,18.8,51.8,Satisfactory
36.9,79.7,47.4,21.4,1.62,97.7,102.0,Moderate
60.5,98.1,2.5,20.2,0.0,58.0,100.7,Moderate
54.2,110.9,32.0,2.5,0.69,7.2,108.1,Moderate
93.2,168.9,52.4,18.4,1.32,81.2,206.1,Poor
14.4,39.7,0.0,0.0,0.7,14.7,44.4,Good
16.7,11.0,28.1,17.2,1.08,65.1,61.2,Satisfactory
35.7,75.2,0.0,0.0,0.62,15.5,74.5,Satisfactory
91.2,188.3,44.1,17.5,0.93,65.7,199.6,Moderate
56.9,85.1,82.0,41.1,1.18,67.8,103.0,Moderate
46.1,86.6,38.3,25.9,1.31,45.8,82.0,Satisfactory
90.0,151.4,80.3,14.2,2.13,58.4,202.7,Poor
41.2,63.0,34.3,17.2,1.41,44.0,77.9,Satisfactory
21.6,13.1,15.5,8.8,0.39,2.8,33.4,Good
70.5,122.4,37.9,25.2,2.61,85.0,136.6,Moderate
98.7,195.5,34.7,22.1,1.3,76.7,229.3,Poor
93.1,146.0,62.4,38.0,2.12,72.2,212.9,Poor
61.9,101.1,27.4,0.0,1.07,37.3,110.0,Moderate
27.0,45.0,29.4,14.2,0.31,32.2,44.0,Good
87.9,153.7,48.0,31.6,1.48,97.6,193.2,Moderate
134.3,212.8,100.7,44.3,3.49,127.5,309.7,Very Poor
71.3,84.6,58.2,32.0,2.24,43.1,136.2,Moderate
18.4,32.6,39.6,4.5,0.44,0.0,50.1,Satisfactory
43.8,73.5,42.4,11.1,0.88,52.6,71.4,Satisfactory
112.0,198.9,117.0,26.5,2.67,105.6,271.7,Poor
26.7,21.7,23.7,10.0,0.74,32.8,43.0,Good
73.8,103.8,46.4,18.8,1.19,65.5,145.5,Moderate
48.2,58.2,58.8,5.3,1.04,35.9,82.4,Satisfactory
55.9,76.1,27.4,9.7,0.46,33.1,89.4,Satisfactory
91.7,150.2,74.0,24.2,1.66,59.0,203.4,Poor
22.9,72.0,42.6,6.7,1.26,28.9,75.7,Satisfactory
0.0,0.0,0.0,0.3,0.79,50.9,46.9,Good
103.3,118.8,59.9,5.9,1.72,70.1,244.8,Poor
66.9,118.1,62.1,25.0,1.82,62.5,123.7,Moderate
29.5,40.6,0.0,8.8,0.95,21.0,50.1,Satisfactory
117.3,178.2,104.6,38.7,3.08,132.1,292.6,Poor
0.0,0.4,9.0,1.0,0.43,30.4,29.0,Good
10.5,0.0,0.0,0.0,0.54,0.0,29.1,Good
0.0,6.5,21.7,9.4,0.0,0.1,27.9,Good
37.4,43.5,5.7,7.9,0.52,77.8,82.8,Satisfactory
92.6,129.8,68.1,35.3,1.48,87.8,207.4,Poor
23.9,25.0,10.7,12.0,1.27,0.6,63.1,Satisfactory
49.4,76.6,4.1,0.0,0.48,16.6,83.2,Satisfactory
134.4,187.8,75.4,43.3,1.61,112.9,314.6,Very Poor
0.0,12.0,14.4,10.0,0.39,41.6,42.6,Good
45.5,55.2,21.7,7.2,0.94,36.1,79.0,Satisfactory
33.7,27.0,34.2,0.0,0.35,27.8,60.8,Satisfactory
49.2,76.3,39.7,24.9,1.27,10.8,83.1,Satisfactory
59.0,72.3,39.6,13.3,0.68,9.4,98.1,Satisfactory
29.5,25.1,0.0,7.8,0.14,0.0,45.2,Good
54.5,77.7,56.6,18.4,2.09,56.2,102.5,Moderate
28.5,38.9,11.9,14.1,0.0,0.0,44.7,Good
99.4,118.5,53.0,15.8,1.12,57.0,232.6,Poor
77.9,135.9,49.0,10.7,1.57,60.0,161.2,Moderate
133.6,245.0,101.9,21.8,2.61,74.7,307.7,Very Poor
39.4,94.5,0.0,22.5,0.27,4.5,96.2,Satisfactory
68.7,111.3,32.3,25.0,1.1,71.2,129.6,Moderate
136.1,220.0,91.6,51.9,3.11,118.6,313.9,Very Poor
57.8,108.1,22.9,20.3,1.57,47.4,103.0,Moderate
107.9,151.8,21.5,24.3,1.79,80.6,260.7,Poor
113.2,177.7,52.9,13.9,2.01,62.6,278.5,Poor
116.5,196.6,73.9,43.7,2.97,147.3,289.3,Poor
62.2,109.1,27.3,12.4,0.29,18.6,112.9,Moderate
22.6,23.3,28.2,24.9,0.53,7.5,38.6,Good
40.9,73.2,25.8,14.9,0.64,23.9,67.6,Satisfactory
61.6,100.4,71.5,25.7,0.89,32.0,109.1,Moderate
34.5,50.0,34.1,7.0,0.31,24.0,61.3,Satisfactory
55.3,82.5,30.7,7.5,0.86,24.2,89.7,Satisfactory
20.4,44.5,30.3,18.4,0.71,25.4,42.0,Good
18.8,18.1,7.3,24.4,0.95,26.0,54.4,Satisfactory
9.0,29.2,29.6,0.0,0.89,41.7,37.8,Good
20.9,47.6,38.4,24.9,0.97,34.8,45.7,Good
73.7,94.0,60.5,17.6,1.43,77.3,143.5,Moderate
85.8,142.2,53.2,37.0,2.46,60.2,187.8,Moderate
29.2,20.2,13.9,19.9,0.58,49.2,50.1,Satisfactory
61.0,137.5,32.7,25.6,1.17,39.2,125.6,Moderate
28.8,29.4,1.3,20.3,1.29,0.0,62.6,Satisfactory
85.1,144.8,62.1,35.0,1.44,71.6,184.3,Moderate
60.8,98.9,54.3,28.1,1.42,78.5,100.7,Moderate
34.7,41.9,0.0,23.0,0.44,0.5,61.2,Satisfactory
51.9,76.5,20.1,16.8,0.0,36.7,87.0,Satisfactory
37.2,58.0,41.8,22.4,0.7,31.0,64.2,Satisfactory
38.0,45.7,22.2,28.6,0.77,35.0,64.8,Satisfactory
40.1,66.0,16.1,8.9,1.65,0.0,85.6,Satisfactory
41.7,65.1,2.2,22.6,0.0,1.3,73.0,Satisfactory
36.7,41.6,44.0,30.2,1.45,55.2,76.7,Satisfactory
72.3,84.1,31.6,20.6,0.87,33.6,138.5,Moderate
74.6,155.9,37.4,11.1,1.0,72.6,149.9,Moderate
71.2,114.0,7.2,1.9,1.13,38.9,139.1,Moderate
151.4,229.4,93.2,41.9,2.75,109.6,329.0,Very Poor
22.9,50.4,22.6,3.3,0.0,0.0,49.8,Good
29.8,61.8,50.7,19.7,1.24,54.2,62.9,Satisfactory
43.7,89.6,41.1,20.4,0.78,34.3,91.9,Satisfactory
98.6,191.0,45.3,20.2,1.95,53.5,228.7,Poor
69.6,126.3,26.1,22.7,0.82,23.8,135.6,Moderate
39.1,75.5,0.0,4.0,0.24,24.0,77.4,Satisfactory
121.0,190.8,103.5,32.8,2.78,107.4,301.2,Very Poor
91.7,144.5,25.7,24.5,1.32,63.2,206.5,Poor
24.2,43.2,20.9,24.1,1.64,11.1,84.0,Satisfactory
0.4,0.0,14.2,0.0,0.0,0.0,14.7,Good
29.1,31.2,33.6,19.9,0.97,30.3,47.7,Good
26.0,28.0,26.8,10.8,1.14,6.5,57.0,Satisfactory
48.9,74.7,35.7,15.8,1.12,13.4,76.7,Satisfactory
51.6,79.3,14.8,0.3,0.01,27.4,86.6,Satisfactory
17.7,10.2,35.9,29.1,0.91,23.0,41.4,Good
140.4,226.9,109.8,40.0,2.36,123.9,313.6,Very Poor
23.5,39.3,38.4,12.0,0.91,0.0,51.3,Satisfactory
16.4,37.1,4.8,15.3,1.11,38.0,55.1,Satisfactory
35.4,73.2,28.2,5.5,0.82,7.1,71.4,Satisfactory
0.0,0.0,0.0,0.0,1.45,0.0,73.7,Satisfactory
117.0,183.1,77.8,30.4,2.95,121.0,289.0,Poor
18.2,44.7,19.8,9.1,0.61,0.0,49.5,Good
71.2,92.0,32.2,24.1,1.83,80.3,141.9,Moderate
87.7,147.2,35.8,33.2,1.89,42.7,194.0,Moderate
21.0,36.9,26.3,42.7,1.03,37.9,54.6,Satisfactory
153.0,282.2,78.6,28.4,2.39,115.7,324.0,Very Poor
137.8,191.2,90.9,37.6,1.87,106.7,318.3,Very Poor
51.5,66.9,20.6,7.7,0.26,57.8,83.3,Satisfactory
34.6,70.6,40.7,0.0,1.14,1.5,70.8,Satisfactory
131.2,283.0,58.6,49.4,2.69,91.9,303.9,Very Poor
108.8,189.3,14.2,33.6,1.74,57.5,266.0,Poor
28.9,61.9,34.4,4.8,1.51,45.6,73.3,Satisfactory
79.6,149.2,62.4,41.6,1.64,80.3,169.0,Moderate
168.6,307.9,76.7,22.1,2.55,68.1,334.4,Very Poor
60.5,106.0,59.6,32.3,1.89,15.1,104.0,Moderate
39.3,31.8,36.2,2.8,1.32,45.1,67.2,Satisfactory
92.0,123.3,51.8,19.3,0.94,58.3,205.4,Poor
70.9,74.8,69.5,35.1,2.17,53.2,138.7,Moderate
56.7,108.1,49.3,20.2,1.38,55.1,102.5,Moderate
57.4,102.4,39.4,14.2,0.62,32.6,102.9,Moderate
108.0,125.5,61.9,37.3,0.82,61.4,256.8,Poor
44.2,64.1,15.5,7.6,0.65,9.8,78.7,Satisfactory
17.3,0.0,38.1,19.5,1.44,13.9,74.4,Satisfactory
110.3,209.9,126.8,57.3,2.37,88.2,267.3,Poor
21.6,59.2,0.0,8.9,0.0,23.7,58.8,Satisfactory
54.4,110.1,48.6,0.0,0.18,1.5,107.5,Moderate
18.5,33.3,28.6,12.4,1.75,37.9,90.1,Satisfactory
0.0,2.9,10.6,9.1,0.0,0.0,16.0,Good
64.7,81.3,58.3,25.5,1.66,51.0,116.3,Moderate
39.9,98.2,39.0,15.3,0.82,42.0,101.9,Moderate
22.7,66.8,21.6,6.8,0.3,34.6,65.0,Satisfactory
70.2,102.1,26.4,14.4,1.1,29.7,135.6,Moderate
16.3,47.7,22.8,14.1,0.26,53.5,55.0,Satisfactory
35.7,55.5,0.2,3.1,0.28,16.1,54.2,Satisfactory
39.3,67.1,58.8,20.8,0.22,28.1,75.3,Satisfactory
73.7,116.3,78.3,26.6,1.05,94.5,141.3,Moderate
8.1,20.9,32.5,25.4,1.42,54.3,75.3,Satisfactory
79.4,115.8,69.9,29.8,2.18,76.3,165.8,Moderate
49.3,74.7,42.3,25.6,0.97,24.0,77.6,Satisfactory
4.1,58.5,0.5,9.5,0.28,2.9,53.3,Satisfactory
24.9,33.4,10.8,12.4,0.96,18.5,49.3,Good
50.9,78.6,41.0,30.1,0.65,32.4,81.7,Satisfactory
0.0,18.5,0.0,10.9,0.0,0.0,20.1,Good
8.8,3.1,0.0,23.9,0.05,16.0,29.2,Good
46.4,68.6,15.1,24.9,1.43,47.1,77.6,Satisfactory
10.0,9.0,0.0,18.9,0.12,37.4,40.1,Good
122.6,263.1,76.8,50.0,1.99,130.6,304.6,Very Poor
12.9,35.6,28.7,7.3,0.0,0.0,39.6,Good
51.8,72.8,0.2,12.4,2.07,3.1,100.3,Moderate
147.9,289.5,85.8,42.5,2.06,104.6,322.2,Very Poor
64.1,72.2,31.4,21.8,1.15,11.6,114.1,Moderate
57.4,82.8,48.7,30.6,1.68,54.8,93.9,Satisfactory
0.0,14.6,0.0,7.2,0.39,33.9,37.2,Good
70.9,117.1,39.3,33.5,1.6,82.4,139.4,Moderate
27.5,49.3,20.0,25.8,0.87,35.3,46.9,Good
150.1,288.1,81.8,47.2,2.73,109.2,323.2,Very Poor
79.2,139.2,49.7,28.6,1.61,84.1,166.0,Moderate
41.9,60.4,28.0,20.1,0.93,59.6,70.5,Satisfactory
115.4,145.8,97.1,27.9,1.97,110.2,287.5,Poor
47.3,119.8,5.0,13.9,0.53,53.4,113.1,Moderate
0.0,0.0,11.7,0.0,0.1,19.6,16.4,Good
58.5,105.8,66.9,26.0,0.86,62.1,101.3,Moderate
64.2,125.8,8.4,6.5,1.62,36.1,120.0,Moderate
91.3,178.0,22.0,24.1,2.38,84.1,208.2,Poor
17.9,11.0,24.1,11.1,0.33,25.2,30.6,Good
90.9,150.8,27.0,27.3,1.86,38.7,201.6,Poor
18.2,16.4,11.2,0.0,0.24,6.2,29.9,Good
118.8,200.3,82.5,53.3,3.27,158.8,301.2,Very Poor
18.1,22.5,29.0,38.1,0.3,20.7,52.5,Satisfactory
85.3,147.1,54.9,35.4,1.11,55.1,185.9,Moderate
0.0,21.2,16.6,7.5,0.0,0.0,20.1,Good
39.3,84.1,48.6,28.5,1.69,50.8,86.6,Satisfactory
31.6,37.1,24.6,33.6,0.94,63.6,64.1,Satisfactory
144.1,201.1,87.2,48.3,2.61,122.3,322.7,Very Poor
80.8,160.4,46.2,36.4,1.68,87.3,170.9,Moderate
148.8,308.4,91.8,46.9,2.56,105.0,327.4,Very Poor
51.6,86.2,17.0,0.0,0.14,0.4,82.3,Satisfactory
48.5,59.1,30.3,24.6,0.69,57.6,87.0,Satisfactory
145.3,219.1,76.0,61.0,2.07,102.9,320.4,Very Poor
81.0,121.5,60.8,23.6,2.42,51.7,174.0,Moderate
155.5,241.9,90.6,36.1,3.68,103.3,324.9,Very Poor
0.0,0.0,7.7,15.7,0.67,15.3,34.1,Good
18.2,28.3,12.0,10.9,0.3,23.4,27.9,Good
33.7,42.1,22.9,0.0,0.58,7.2,54.2,Satisfactory
12.3,20.7,13.8,21.8,0.67,32.3,33.3,Good
0.0,0.0,38.8,10.9,0.51,6.9,43.3,Good
3.9,18.8,3.6,10.0,0.06,27.8,26.7,Good
47.3,61.4,35.3,12.6,0.99,41.3,78.7,Satisfactory
26.8,31.3,5.1,14.0,0.34,21.0,43.8,Good
24.6,22.6,16.9,30.2,1.25,27.6,63.7,Satisfactory
73.3,98.3,53.1,36.2,2.02,54.0,145.7,Moderate
65.0,97.2,47.5,46.8,1.11,84.4,113.5,Moderate
52.1,95.2,30.1,16.7,1.73,17.6,93.5,Satisfactory
0.0,0.0,0.0,0.0,0.0,0.0,7.2,Good
54.0,115.4,1.5,24.4,0.43,24.4,111.8,Moderate
78.5,119.7,66.4,20.7,2.22,47.5,161.6,Moderate
108.7,195.1,54.6,20.7,1.17,91.1,266.2,Poor
40.2,98.8,14.8,25.2,1.66,14.6,95.7,Satisfactory
42.8,79.6,19.1,21.0,0.44,50.4,79.1,Satisfactory
18.9,37.2,0.0,0.4,0.53,0.0,29.4,Good
0.0,19.9,10.8,0.7,0.83,6.9,42.4,Good
59.7,118.7,56.4,33.7,1.47,55.8,111.4,Moderate
0.0,9.4,10.6,7.1,0.71,0.0,36.6,Good
23.9,43.2,22.6,7.1,0.0,4.5,43.1,Good
55.8,76.9,26.8,1.0,0.73,28.8,89.8,Satisfactory
0.0,0.0,13.3,0.0,0.06,20.9,21.6,Good
9.7,36.6,22.3,12.5,0.0,3.1,35.6,Good
62.6,78.6,12.3,15.2,1.5,29.9,106.9,Moderate
4.7,0.0,32.3,15.5,0.92,30.7,51.1,Satisfactory
112.4,213.0,50.3,35.7,1.62,46.4,271.7,Poor
50.4,84.8,32.6,6.8,1.54,46.0,87.8,Satisfactory
133.6,227.9,100.6,61.0,1.91,134.1,315.4,Very Poor
37.7,64.2,44.6,32.7,1.25,60.7,66.6,Satisfactory
44.5,87.2,30.0,8.8,0.33,57.2,86.7,Satisfactory
155.0,196.6,78.3,48.2,2.6,85.9,332.4,Very Poor
57.2,87.1,37.0,23.0,1.13,99.5,98.9,Satisfactory
95.8,186.1,70.6,17.7,2.42,39.3,221.7,Poor
62.8,86.6,25.3,0.1,0.35,45.0,109.6,Moderate
64.2,104.9,33.7,22.4,1.31,77.3,114.1,Moderate
0.0,0.0,29.7,6.5,0.39,65.0,59.7,Satisfactory
56.9,98.6,70.7,30.5,1.68,69.5,100.0,Satisfactory
51.3,73.1,33.4,25.5,2.49,84.7,104.5,Moderate
18.6,6.2,0.0,7.5,0.11,0.0,32.5,Good
119.6,206.6,56.9,38.3,1.85,72.6,302.2,Very Poor
16.0,4.9,18.2,4.7,0.0,2.8,23.1,Good
44.6,45.7,26.8,16.3,1.31,46.9,77.2,Satisfactory
61.0,99.7,41.8,32.1,1.09,74.6,103.4,Moderate
43.5,53.7,62.5,0.0,1.22,0.0,78.1,Satisfactory
54.6,115.6,20.0,12.4,0.62,12.3,115.1,Moderate
94.4,172.6,106.2,49.0,2.12,119.0,211.5,Poor
74.1,163.2,4.3,6.5,0.71,79.7,143.9,Moderate
65.6,80.6,41.6,8.1,0.76,50.3,118.3,Moderate
22.1,39.3,15.6,14.7,0.0,0.0,41.3,Good
51.2,77.3,35.5,22.5,0.87,84.8,80.6,Satisfactory
81.3,97.1,32.0,19.7,1.69,53.1,169.1,Moderate
27.5,30.4,7.1,27.0,0.61,0.0,46.5,Good
28.7,45.0,6.6,20.8,0.73,2.2,49.1,Good
40.6,90.1,28.5,13.5,0.68,28.5,91.2,Satisfactory
100.7,194.1,71.9,32.2,2.56,59.2,233.1,Poor
25.2,42.8,15.0,5.9,0.43,49.7,51.6,Satisfactory
36.5,33.7,43.2,0.7,0.05,19.9,62.4,Satisfactory
113.5,235.8,74.5,17.9,2.04,57.3,278.0,Poor
20.1,15.4,41.9,11.2,0.99,62.4,57.9,Satisfactory
98.0,190.9,65.0,27.0,1.71,71.6,222.3,Poor
128.9,218.9,69.0,41.7,3.62,93.6,310.3,Very Poor
57.3,93.4,30.9,5.4,0.51,44.1,98.3,Satisfactory
125.5,200.5,83.5,36.4,2.25,163.4,303.7,Very Poor
23.3,53.1,9.2,9.7,0.41,0.0,48.4,Good
79.0,97.9,80.4,23.6,2.54,55.5,169.0,Moderate
90.3,132.2,44.3,31.8,2.41,62.1,199.8,Moderate
73.1,169.6,64.8,40.5,1.72,65.8,147.7,Moderate
46.3,70.5,0.0,22.8,0.2,52.2,79.9,Satisfactory
84.6,141.2,63.9,37.6,2.44,42.9,183.2,Moderate
56.9,89.3,45.2,10.5,0.77,39.2,92.3,Satisfactory
27.5,69.1,37.1,0.0,1.11,45.4,70.3,Satisfactory
78.3,103.9,49.9,16.6,2.23,63.0,158.4,Moderate
27.1,35.1,2.0,0.0,0.76,12.7,49.0,Good
74.8,114.0,36.0,46.2,1.01,39.7,142.8,Moderate
26.6,45.2,11.0,4.2,1.4,7.6,70.8,Satisfactory
120.5,216.8,59.1,46.4,2.49,108.8,296.9,Poor
106.7,202.8,60.9,14.6,2.48,46.4,254.7,Poor
62.3,130.7,42.9,51.3,1.54,61.8,118.3,Moderate
46.9,99.3,54.5,8.0,0.86,22.0,100.2,Moderate
19.7,8.2,18.4,24.6,0.59,6.0,28.7,Good
0.0,0.0,40.2,8.9,0.07,0.0,47.6,Good
26.1,48.9,11.6,0.0,1.52,0.0,74.0,Satisfactory
44.2,63.7,0.0,0.0,0.36,18.8,73.2,Satisfactory
118.0,199.0,92.4,56.8,2.56,106.4,293.4,Poor
100.4,163.0,52.4,38.1,0.97,75.4,235.8,Poor
68.5,123.5,64.9,20.3,1.7,62.4,126.6,Moderate
28.1,18.5,23.8,0.0,0.5,16.1,45.7,Good
63.1,141.8,24.5,13.8,1.57,56.8,133.7,Moderate
46.4,47.4,39.5,8.1,0.0,84.3,82.6,Satisfactory
0.0,0.0,0.0,17.4,0.07,0.0,26.8,Good
96.5,192.7,33.5,27.1,1.1,37.2,222.8,Poor
36.1,62.1,28.1,21.6,1.24,45.9,60.2,Satisfactory
65.0,116.2,45.6,37.7,1.38,79.9,116.2,Moderate
145.3,245.6,89.8,36.9,1.94,84.2,318.4,Very Poor
116.5,182.0,34.3,21.3,0.92,47.9,285.7,Poor
26.7,44.1,31.3,5.6,0.0,94.1,94.7,Satisfactory
30.2,72.8,50.5,21.5,0.28,65.2,74.1,Satisfactory
70.9,124.6,44.3,32.4,0.87,61.5,135.8,Moderate
33.9,82.1,0.0,16.9,0.08,18.3,82.8,Satisfactory
96.9,177.2,59.0,13.4,1.69,53.7,219.8,Poor
126.2,246.4,91.7,54.6,3.29,116.7,306.3,Very Poor
93.3,213.9,120.3,38.5,3.37,82.9,213.3,Poor
70.7,117.5,31.8,17.8,0.91,13.1,142.9,Moderate
70.4,98.2,38.1,11.5,2.11,52.9,133.1,Moderate
0.0,14.9,16.5,0.3,0.79,15.2,39.3,Good
17.1,7.8,16.8,19.3,0.0,60.6,62.2,Satisfactory
47.6,92.9,52.3,27.5,0.98,91.4,89.9,Satisfactory
4.0,9.9,24.7,19.5,0.38,34.4,39.9,Good
47.4,51.6,16.5,18.4,0.76,41.6,74.5,Satisfactory
142.2,149.8,60.2,30.9,3.04,103.8,322.5,Very Poor
26.6,41.1,1.0,0.0,0.69,32.3,45.6,Good
81.8,114.1,32.5,14.8,1.62,69.1,172.5,Moderate
19.8,56.3,2.7,0.0,0.79,9.7,60.0,Satisfactory
108.3,178.3,80.3,26.8,1.05,62.9,259.5,Poor
3.8,0.0,8.3,11.5,0.84,0.0,41.0,Good
38.1,52.9,19.8,6.8,0.0,55.2,66.0,Satisfactory
53.1,120.6,28.9,14.0,1.16,66.5,118.3,Moderate
95.1,180.9,71.5,23.6,2.22,71.9,219.1,Poor
45.6,93.7,25.7,2.1,1.11,28.9,94.0,Satisfactory
137.3,248.7,70.5,36.0,3.98,118.5,313.9,Very Poor
39.7,56.3,26.5,10.5,1.21,59.4,71.0,Satisfactory
15.3,24.6,50.0,15.2,0.15,28.7,63.3,Satisfactory
29.1,24.4,37.5,0.0,0.89,45.4,48.2,Good
14.6,36.3,38.7,16.2,1.91,18.9,91.4,Satisfactory
113.8,153.9,21.0,22.3,2.01,40.6,281.0,Poor
66.8,118.9,37.8,11.4,1.05,21.3,125.9,Moderate
154.3,264.2,67.7,40.2,2.6,131.3,329.1,Very Poor
112.2,175.6,40.1,38.4,1.55,25.0,276.0,Poor
34.2,45.5,0.0,0.0,1.01,0.0,62.6,Satisfactory
146.7,232.8,78.2,27.9,2.1,101.1,313.4,Very Poor
8.5,0.0,8.7,9.6,0.0,20.8,21.3,Good
63.3,109.1,21.5,16.1,0.32,11.7,112.5,Moderate
5.3,1.0,14.8,17.3,0.88,62.9,70.3,Satisfactory
19.7,41.4,14.2,5.9,0.0,0.0,42.1,Good
0.0,2.1,0.0,7.6,0.0,18.2,22.2,Good
119.3,220.5,113.8,33.4,3.08,124.9,294.8,Poor
98.2,168.3,50.4,20.9,0.69,58.6,226.4,Poor
34.3,54.0,22.1,0.0,0.71,10.1,56.6,Satisfactory
0.0,0.0,33.6,17.4,1.45,28.8,72.6,Satisfactory
90.7,106.3,40.2,17.1,1.53,40.5,207.2,Poor
56.5,94.7,4.8,17.7,0.0,25.9,95.1,Satisfactory
79.7,141.5,53.5,17.3,2.13,85.9,164.3,Moderate
39.5,79.0,19.6,31.8,0.87,60.2,76.7,Satisfactory
25.6,72.3,0.0,19.5,0.4,27.8,77.0,Satisfactory
113.5,155.2,47.7,19.9,0.7,66.9,279.1,Poor
60.7,83.4,59.9,10.6,2.01,57.0,105.2,Moderate
43.8,94.6,0.0,0.0,0.0,37.1,94.2,Satisfactory
15.4,11.7,28.2,13.8,0.58,27.8,35.8,Good
138.0,201.4,88.0,51.5,2.82,92.4,315.5,Very Poor
25.0,41.1,10.4,14.1,0.33,29.5,40.3,Good
124.3,199.6,83.0,66.1,2.92,110.5,305.7,Very Poor
82.0,138.9,45.4,13.8,1.25,59.4,178.5,Moderate
61.9,91.7,12.1,2.5,0.77,58.8,111.7,Moderate
98.4,139.6,64.5,25.5,1.19,64.6,229.3,Poor
0.0,15.2,3.8,9.3,0.01,47.0,41.9,Good
49.9,82.4,15.8,8.3,0.44,2.2,82.7,Satisfactory
42.6,95.3,29.4,16.0,0.65,14.0,95.7,Satisfactory
89.9,143.3,47.0,33.1,1.38,72.1,198.2,Moderate
8.1,0.0,19.7,9.7,0.57,20.5,26.4,Good
97.8,153.2,65.1,21.3,1.41,75.7,221.6,Poor
20.2,48.5,0.0,17.4,1.25,29.1,60.3,Satisfactory
41.6,71.5,14.2,19.6,0.87,50.0,72.3,Satisfactory
75.3,146.4,59.4,26.8,1.83,81.5,152.3,Moderate
77.9,118.1,30.8,11.5,1.53,41.0,160.0,Moderate
54.0,117.4,44.6,21.5,1.31,73.8,107.0,Moderate
157.5,189.3,78.5,40.0,3.47,77.0,331.1,Very Poor
122.4,161.6,71.3,51.5,2.54,103.6,302.2,Very Poor
5.7,0.0,4.6,15.0,0.0,0.0,17.4,Good
3.5,0.0,11.3,12.5,0.98,9.8,54.8,Satisfactory
140.0,211.5,67.4,44.9,2.33,104.5,321.4,Very Poor
0.0,0.0,23.2,9.2,0.25,2.0,29.9,Good
57.5,126.8,48.5,17.1,1.43,14.8,115.9,Moderate
57.3,74.5,21.5,2.3,1.09,31.2,93.6,Satisfactory
82.9,158.4,40.0,6.3,0.4,54.3,170.2,Moderate
40.4,75.2,32.2,23.4,1.82,32.1,99.5,Satisfactory
100.3,135.3,42.8,42.2,2.08,94.4,234.5,Poor
16.9,23.5,30.9,37.8,1.0,37.8,49.8,Good
0.0,11.0,29.0,9.4,0.31,40.8,42.4,Good
134.4,249.9,96.9,42.1,2.05,130.7,312.2,Very Poor
61.6,94.8,0.0,3.5,0.35,21.4,100.9,Moderate
45.5,57.5,15.0,22.3,0.72,44.5,77.3,Satisfactory
43.8,116.0,22.3,2.5,1.14,16.6,112.2,Moderate
116.6,192.9,63.4,14.6,1.44,99.8,286.7,Poor
57.7,118.4,59.9,24.4,2.1,31.9,113.4,Moderate
46.5,44.8,17.1,19.5,0.94,38.4,74.4,Satisfactory
131.7,236.8,88.5,53.4,2.14,114.6,310.3,Very Poor
67.1,125.3,50.0,31.2,1.95,66.3,127.0,Moderate
80.7,138.4,24.3,15.6,1.41,34.9,169.0,Moderate
0.6,6.8,20.8,0.2,0.0,67.5,67.2,Satisfactory
68.8,107.7,59.2,17.5,2.35,74.9,128.6,Moderate
20.2,40.9,14.8,27.2,0.93,24.8,43.6,Good
158.9,233.8,73.4,37.6,2.36,124.9,327.5,Very Poor
96.0,165.9,81.3,33.3,2.26,144.3,218.0,Poor
0.0,0.0,0.0,15.6,0.41,64.7,62.5,Satisfactory
0.8,24.1,27.9,9.8,0.0,49.9,49.7,Good
0.0,0.0,12.6,0.0,0.0,0.0,14.2,Good
0.0,7.2,0.0,15.1,0.0,0.0,22.6,Good
102.7,181.2,67.7,27.1,1.62,90.6,242.8,Poor
27.4,65.8,48.1,26.0,1.42,33.3,70.7,Satisfactory
106.9,140.7,55.8,12.6,0.69,65.1,254.9,Poor
16.2,38.1,15.4,13.6,0.58,8.7,35.1,Good
23.9,35.5,25.7,4.5,0.21,10.4,37.0,Good
70.9,137.6,0.3,23.9,0.49,42.2,130.7,Moderate
28.3,59.5,1.5,0.0,1.06,59.2,62.3,Satisfactory
110.2,173.0,64.6,41.0,2.67,148.5,269.9,Poor
0.0,0.0,15.3,0.0,0.64,24.8,28.5,Good
98.6,173.8,54.7,26.6,1.49,68.4,232.5,Poor
65.6,131.1,25.7,19.1,1.09,18.0,119.6,Moderate
93.0,162.1,69.2,45.8,1.51,68.5,211.0,Poor
160.2,199.4,67.3,34.4,3.01,106.0,333.0,Very Poor
37.6,42.0,31.4,0.0,0.11,17.3,59.6,Satisfactory
40.8,41.5,1.8,0.0,0.18,0.0,65.3,Satisfactory
32.2,57.0,29.2,11.4,0.0,0.0,57.2,Satisfactory
0.3,0.0,42.1,6.3,0.68,15.1,52.8,Satisfactory
40.8,69.6,30.8,23.4,1.21,18.8,72.9,Satisfactory
81.5,158.8,62.3,31.7,2.1,53.3,169.9,Moderate
91.5,133.2,39.2,26.3,2.21,66.6,205.2,Poor
143.7,211.3,72.3,36.0,2.3,119.4,318.7,Very Poor
75.3,139.7,36.5,17.8,0.83,67.8,148.5,Moderate
43.2,76.2,27.2,26.7,0.0,72.5,78.3,Satisfactory
44.1,74.5,21.4,20.1,1.16,48.4,72.3,Satisfactory
42.1,67.2,50.2,14.3,0.84,48.4,73.8,Satisfactory
105.0,132.7,83.3,75.6,2.51,107.6,251.9,Poor
35.2,73.4,16.5,25.6,0.85,9.8,69.4,Satisfactory
115.8,186.3,93.8,39.6,3.25,161.0,284.8,Poor
53.0,104.8,71.7,28.0,1.37,113.9,120.0,Moderate
23.1,51.3,0.0,12.0,0.0,0.0,56.7,Satisfactory
126.2,187.3,69.5,61.4,1.74,90.9,300.4,Very Poor
12.5,11.0,4.8,24.6,0.0,13.0,31.7,Good
86.1,115.3,50.4,5.5,2.21,106.4,186.4,Moderate
114.0,240.5,116.4,42.3,2.53,108.4,275.1,Poor
56.8,89.6,59.5,19.3,1.53,39.6,91.5,Satisfactory
32.8,57.3,2.9,0.0,0.94,30.7,57.2,Satisfactory
61.2,136.5,24.1,9.1,1.26,32.0,122.2,Moderate
34.3,53.6,44.1,12.3,0.98,56.7,59.9,Satisfactory
40.6,50.4,41.6,23.4,0.8,33.9,68.5,Satisfactory
105.3,178.2,47.9,23.8,2.27,60.2,254.9,Poor
28.6,38.0,8.8,0.0,0.0,21.0,43.3,Good
24.7,35.1,10.5,0.0,0.44,13.6,42.6,Good
74.3,151.1,43.1,21.9,1.01,39.2,142.7,Moderate
15.4,0.0,19.2,0.0,0.87,34.0,43.7,Good
23.9,41.3,0.0,5.3,0.87,51.3,50.6,Satisfactory
75.4,121.6,62.4,17.8,1.72,84.4,147.5,Moderate
98.6,165.7,64.7,22.6,2.66,67.7,219.6,Poor
72.4,102.2,68.5,31.6,1.06,62.2,138.9,Moderate
10.7,19.7,9.7,26.5,0.18,0.0,36.2,Good
62.2,102.3,35.9,14.0,0.85,16.2,100.0,Satisfactory
19.9,44.2,41.5,15.1,0.92,0.0,49.3,Good
32.9,35.3,13.9,0.0,0.0,50.2,59.2,Satisfactory
75.0,130.0,47.6,18.8,1.38,91.0,148.5,Moderate
125.2,250.7,66.7,35.6,2.27,111.1,303.0,Very Poor
40.3,39.7,6.9,12.2,0.0,1.7,66.5,Satisfactory
39.4,86.2,33.6,12.9,0.36,50.1,83.4,Satisfactory
113.0,162.3,109.1,39.1,2.58,107.3,280.0,Poor
56.7,90.6,0.0,0.0,0.0,0.0,97.7,Satisfactory
36.3,74.0,15.7,0.0,1.23,18.8,74.0,Satisfactory
62.1,121.7,14.4,30.8,0.76,36.6,113.3,Moderate
51.5,112.3,24.7,23.3,1.01,15.8,105.2,Moderate
21.0,50.9,36.6,0.0,0.37,24.8,51.7,Satisfactory
64.5,110.5,56.7,35.9,1.63,33.4,112.0,Moderate
91.8,138.1,34.0,21.9,1.3,72.1,208.4,Poor
29.6,33.4,27.0,1.8,0.52,0.0,53.5,Satisfactory
70.9,82.3,34.9,41.1,2.46,53.2,139.5,Moderate
53.5,94.2,0.0,28.8,0.07,46.6,93.3,Satisfactory
94.0,155.2,39.1,25.2,0.91,69.8,210.9,Poor
49.6,97.4,30.8,14.3,1.39,52.4,95.1,Satisfactory
33.0,60.1,33.9,21.6,1.48,50.5,76.6,Satisfactory
17.1,16.3,29.4,19.2,1.06,42.4,54.9,Satisfactory
45.6,71.3,6.3,27.8,1.11,7.4,73.6,Satisfactory
11.2,15.2,28.9,16.5,0.67,15.9,39.0,Good
72.5,116.2,41.7,21.8,1.19,105.4,141.6,Moderate
166.1,265.9,78.9,62.3,2.48,130.8,328.0,Very Poor
54.5,102.8,21.5,32.0,1.72,45.2,101.8,Moderate
0.0,20.0,28.4,13.4,1.28,44.5,66.3,Satisfactory
0.0,21.9,14.6,0.0,0.79,26.3,36.8,Good
21.9,23.3,22.9,1.1,0.53,41.1,40.0,Good
44.3,60.7,12.1,27.2,0.42,50.7,74.4,Satisfactory
19.1,14.3,12.5,20.9,0.0,11.1,28.6,Good
0.0,0.0,12.3,0.0,0.81,10.7,39.4,Good
18.2,17.3,22.2,18.3,1.0,17.1,52.2,Satisfactory
28.8,45.0,9.0,0.0,0.34,32.8,50.6,Satisfactory
73.5,105.9,62.4,3.4,0.93,66.8,141.9,Moderate
118.8,211.4,37.0,20.8,1.69,52.2,298.0,Poor
44.2,80.5,24.8,41.1,1.17,30.8,81.8,Satisfactory
1.6,0.0,23.7,12.9,1.28,77.1,78.3,Satisfactory
19.3,56.8,18.8,9.3,0.97,6.6,59.2,Satisfactory
0.0,0.0,2.4,6.9,0.2,37.6,35.0,Good
9.1,0.0,26.9,0.0,0.56,9.1,36.1,Good
37.4,90.3,56.5,10.8,0.61,97.6,94.4,Satisfactory
79.8,96.6,52.0,8.6,1.81,45.6,170.3,Moderate
102.9,205.7,54.8,22.5,2.22,96.0,247.3,Poor
99.6,147.7,41.1,18.1,0.65,71.7,232.9,Poor
147.5,291.7,118.4,45.8,3.14,103.5,318.5,Very Poor
45.8,95.3,16.1,24.7,0.4,47.5,99.2,Satisfactory
70.3,144.8,39.4,28.1,0.86,99.2,128.3,Moderate
46.1,60.4,21.8,35.6,0.0,0.0,74.1,Satisfactory
44.4,74.2,9.4,2.7,0.64,28.9,77.3,Satisfactory
11.7,8.9,20.7,14.0,1.07,24.4,54.1,Satisfactory
29.5,15.1,25.4,8.1,0.75,0.0,49.0,Good
83.3,146.4,61.2,28.3,1.34,72.9,174.8,Moderate
76.0,145.8,67.9,11.1,1.99,68.8,157.0,Moderate
81.5,117.6,45.1,8.5,0.82,3.0,176.0,Moderate
100.3,214.4,39.9,16.9,2.09,84.9,230.7,Poor
99.6,174.5,34.6,32.6,0.85,25.4,234.0,Poor
46.7,96.4,9.1,5.3,1.21,7.9,94.5,Satisfactory
30.0,56.6,30.8,14.7,1.32,52.1,67.9,Satisfactory
139.9,208.8,52.8,55.6,2.98,107.5,318.5,Very Poor
56.5,66.5,4.3,6.3,0.98,10.9,92.2,Satisfactory
0.0,0.0,0.0,1.8,0.0,53.8,46.7,Good
136.4,193.2,76.4,46.1,2.24,140.6,309.2,Very Poor
0.0,0.0,39.3,19.0,0.52,25.2,47.9,Good
57.0,128.0,27.0,3.8,0.94,33.8,118.4,Moderate
127.8,223.4,106.9,43.5,1.93,119.6,303.4,Very Poor
67.6,156.1,45.8,19.7,1.2,64.7,136.8,Moderate
115.5,206.4,86.4,39.7,2.07,126.6,290.3,Poor
55.8,102.3,10.4,21.8,0.12,68.7,100.2,Moderate
86.6,146.4,30.9,12.2,0.64,1.8,187.1,Moderate
90.4,152.5,57.1,17.5,1.66,80.9,199.5,Moderate
80.4,144.2,61.1,8.8,1.65,61.9,167.4,Moderate
126.3,179.7,87.0,55.1,2.34,102.0,310.2,Very Poor
12.1,0.0,20.6,0.0,0.34,23.9,31.5,Good
58.9,95.2,61.0,42.4,1.18,69.8,99.4,Satisfactory
52.7,110.1,14.3,15.6,0.6,10.4,105.2,Moderate
116.1,192.4,98.9,49.1,3.08,137.4,288.7,Poor
69.7,157.3,58.9,31.4,1.92,65.5,141.7,Moderate
69.7,120.5,63.0,28.1,1.19,42.4,134.4,Moderate
100.0,182.8,82.1,31.5,2.93,134.0,231.5,Poor
55.9,107.7,67.6,18.6,0.91,81.2,103.9,Moderate
11.7,37.5,36.9,23.9,0.91,24.3,41.9,Good
24.7,28.2,5.5,21.1,0.39,0.0,43.1,Good
103.3,144.5,31.2,28.0,1.8,92.1,246.3,Poor
32.5,41.4,27.3,10.6,0.51,45.0,50.6,Satisfactory
86.3,135.2,29.4,28.8,1.42,123.1,189.2,Moderate
156.3,247.7,86.8,43.2,2.69,114.4,322.7,Very Poor
58.7,99.3,54.7,0.0,0.86,40.5,94.8,Satisfactory
20.2,27.7,14.9,0.0,0.57,31.8,34.0,Good
7.7,7.5,15.3,6.5,0.81,5.4,37.0,Good
18.5,59.2,21.8,0.0,0.43,1.0,55.5,Satisfactory
60.8,86.3,32.9,27.3,1.57,55.2,102.1,Moderate
24.1,53.8,20.8,0.0,1.8,36.0,91.7,Satisfactory
0.0,14.2,4.5,4.1,0.0,0.0,15.5,Good
87.9,128.5,61.8,25.4,1.36,70.8,195.4,Moderate
42.1,64.7,27.8,15.1,0.8,60.6,72.6,Satisfactory
51.9,93.2,10.9,47.5,1.42,61.2,93.1,Satisfactory
25.7,62.0,20.5,0.0,0.73,25.5,60.4,Satisfactory
34.7,53.9,0.0,8.7,1.2,34.6,56.0,Satisfactory
37.3,92.5,0.0,14.8,0.0,17.7,89.8,Satisfactory
88.8,146.4,51.5,48.2,1.69,76.3,191.9,Moderate
5.7,15.9,10.7,7.9,0.0,17.4,17.8,Good
92.4,170.4,26.5,27.8,2.44,78.6,210.2,Poor
24.1,28.9,20.9,26.5,1.74,9.7,83.9,Satisfactory
51.1,93.5,28.3,25.9,0.12,37.5,91.8,Satisfactory
110.8,166.8,63.6,28.5,1.49,49.2,270.3,Poor
30.8,33.0,21.7,2.1,0.27,10.0,52.4,Satisfactory
30.8,61.9,12.5,0.0,0.0,21.0,59.4,Satisfactory
4.6,1.7,14.0,2.2,1.24,34.0,65.8,Satisfactory
42.5,104.6,26.9,0.0,0.0,68.4,104.5,Moderate
53.3,111.7,48.5,33.4,1.21,41.0,104.1,Moderate
41.0,47.1,3.7,12.3,0.01,0.0,63.6,Satisfactory
147.3,220.9,63.8,28.5,3.77,134.7,323.3,Very Poor
28.8,57.3,34.0,19.3,0.76,50.9,58.2,Satisfactory
56.2,92.4,51.4,26.9,0.36,60.4,90.2,Satisfactory
52.0,107.0,36.9,11.7,1.61,20.5,109.1,Moderate
0.0,0.0,23.8,0.0,1.05,0.0,55.3,Satisfactory
18.5,38.2,14.0,0.0,0.0,4.2,36.0,Good
31.9,56.8,20.4,11.1,0.3,18.7,59.1,Satisfactory
45.7,58.8,24.9,19.2,1.06,3.6,75.8,Satisfactory
24.1,32.1,26.2,0.0,1.33,49.2,69.8,Satisfactory
107.7,182.7,29.6,24.3,1.38,82.1,251.9,Poor
37.6,99.7,35.4,0.0,0.65,52.0,100.6,Moderate
0.0,0.0,0.0,12.2,0.92,57.4,53.0,Satisfactory
63.0,104.0,35.7,20.7,1.66,92.2,113.5,Moderate
45.7,59.8,51.1,8.9,2.14,26.7,96.8,Satisfactory
41.6,80.0,65.6,28.9,1.37,55.3,77.3,Satisfactory
22.7,20.8,0.0,12.2,0.8,8.5,38.7,Good
50.6,99.0,34.5,16.0,2.12,50.5,100.3,Moderate
0.0,0.0,0.5,22.9,0.69,4.5,37.7,Good
59.2,110.8,85.2,36.3,1.61,79.0,107.3,Moderate
0.0,0.0,38.9,17.2,0.58,31.2,43.0,Good
84.6,159.5,30.6,6.3,2.22,44.9,179.9,Moderate
37.8,63.4,9.3,4.0,0.53,10.5,63.7,Satisfactory
85.7,132.3,46.3,24.2,1.68,84.3,182.4,Moderate
44.1,85.7,17.1,15.8,0.58,17.8,88.6,Satisfactory
97.7,137.5,54.3,16.7,1.82,38.7,224.7,Poor
36.9,84.7,36.3,19.5,0.67,55.4,83.6,Satisfactory
23.7,27.0,14.7,1.7,1.23,68.5,67.8,Satisfactory
142.6,203.7,111.3,37.5,2.53,103.2,317.6,Very Poor
72.0,153.6,15.2,2.5,1.47,17.8,141.9,Moderate
64.4,84.4,58.4,31.0,1.83,59.6,116.7,Moderate
87.0,165.2,38.6,15.7,0.53,5.6,183.7,Moderate
133.0,265.3,85.9,40.4,2.63,153.6,312.3,Very Poor
132.3,172.4,93.0,33.4,3.02,93.6,304.9,Very Poor
43.5,45.1,18.6,25.3,1.06,15.9,66.7,Satisfactory
22.5,13.6,2.5,0.0,0.07,13.5,39.9,Good
18.0,23.8,25.4,13.4,1.38,27.2,67.6,Satisfactory
96.8,130.0,40.6,29.5,1.03,80.6,218.9,Poor
83.5,106.1,45.7,27.5,1.06,44.8,177.1,Moderate
45.7,47.1,25.9,2.7,0.25,0.0,82.4,Satisfactory
126.5,193.4,76.1,29.4,1.61,15.0,302.4,Very Poor
91.8,144.7,96.3,30.2,2.71,134.8,207.3,Poor
48.7,106.4,19.0,26.6,0.53,29.4,105.8,Moderate
150.2,210.6,75.7,32.6,2.2,99.4,322.6,Very Poor
152.7,263.1,71.3,44.2,2.71,125.2,322.0,Very Poor
18.2,21.1,28.4,22.8,0.61,29.4,35.8,Good
17.6,48.0,23.5,16.0,1.3,18.3,69.1,Satisfactory
60.6,110.8,39.9,14.8,1.55,61.4,106.2,Moderate
47.0,71.8,13.9,0.4,1.09,11.3,78.9,Satisfactory
13.1,47.8,16.4,2.3,0.01,34.8,49.9,Good
61.1,88.9,26.4,22.1,1.06,27.5,98.0,Satisfactory
23.7,56.4,27.8,15.0,0.91,95.3,93.4,Satisfactory
34.4,75.0,9.5,14.8,1.34,18.0,74.1,Satisfactory
51.2,112.6,38.8,21.5,1.9,62.4,105.6,Moderate
142.8,279.7,83.0,44.6,2.35,88.1,316.1,Very Poor
68.5,96.3,29.9,2.9,0.0,10.8,126.7,Moderate
53.0,142.5,30.1,14.9,0.07,5.7,128.1,Moderate
114.3,201.2,50.4,43.0,2.37,84.7,283.4,Poor
0.0,2.0,26.0,2.6,1.2,53.4,61.0,Satisfactory
88.7,177.0,44.1,9.1,0.86,112.6,196.6,Moderate
13.1,38.0,0.8,11.8,0.4,24.2,37.0,Good
41.8,31.8,4.7,1.5,0.91,32.4,70.2,Satisfactory
131.1,226.1,89.9,40.2,2.69,130.4,308.4,Very Poor
85.6,126.1,76.0,28.4,1.07,58.6,179.1,Moderate
44.7,80.6,42.8,24.9,1.48,0.0,82.1,Satisfactory
53.1,96.0,40.3,15.6,1.2,16.4,100.4,Moderate
55.8,117.2,23.3,7.9,1.15,46.7,108.9,Moderate
73.6,145.2,32.9,0.0,0.9,37.0,143.8,Moderate
11.8,0.0,0.0,15.2,1.23,0.0,61.8,Satisfactory
32.7,69.4,38.1,13.7,1.44,9.4,68.4,Satisfactory
23.6,54.7,0.0,0.0,0.11,7.2,53.8,Satisfactory
94.5,201.2,45.5,17.5,0.96,51.1,214.9,Poor
54.9,110.6,49.1,22.0,2.14,15.8,105.9,Moderate
18.2,21.9,23.4,0.0,0.0,0.0,30.6,Good
11.2,1.6,29.0,8.7,0.0,1.0,33.6,Good
95.6,169.8,73.8,23.7,1.35,57.8,215.9,Poor
112.7,177.1,47.4,44.1,0.78,63.4,274.1,Poor
138.4,277.0,62.1,56.4,2.88,89.3,313.1,Very Poor
52.0,67.3,45.2,9.9,1.73,26.5,86.8,Satisfactory
75.9,135.1,3.8,13.4,1.85,37.4,150.5,Moderate
16.4,19.3,0.0,14.7,0.65,0.0,32.3,Good
5.1,0.0,27.1,9.4,0.36,27.2,36.1,Good
25.1,60.5,8.6,22.0,0.53,5.2,60.7,Satisfactory
17.1,20.4,18.4,12.1,0.15,69.7,69.2,Satisfactory
44.4,85.6,45.0,29.9,2.37,69.0,100.2,Moderate
0.0,0.0,15.9,5.2,0.46,21.5,25.2,Good
53.5,86.6,43.8,24.4,0.34,54.8,83.8,Satisfactory
140.4,211.1,56.8,64.9,3.3,122.9,312.8,Very Poor
16.6,26.8,25.7,0.0,0.53,0.0,29.2,Good
84.6,94.3,41.7,20.7,2.19,42.0,184.3,Moderate
18.0,10.8,0.9,4.5,0.66,9.0,32.4,Good
101.7,168.9,83.8,56.3,1.98,111.5,238.6,Poor
30.7,79.0,28.1,18.6,0.55,23.7,80.2,Satisfactory
34.7,69.9,17.7,0.0,0.0,32.0,64.1,Satisfactory
23.9,45.5,24.7,10.2,0.03,0.8,43.9,Good
23.5,41.1,30.9,17.4,0.01,30.5,41.5,Good
19.8,16.1,0.0,11.5,0.3,14.0,27.8,Good
154.5,206.0,60.4,38.6,1.85,101.6,323.8,Very Poor
85.6,143.0,57.1,20.4,1.01,81.7,189.1,Moderate
80.8,146.6,37.4,37.4,1.85,105.5,165.8,Moderate
59.3,134.1,34.0,4.6,0.78,16.0,121.3,Moderate
67.3,120.7,57.7,33.2,0.57,67.3,123.8,Moderate
151.1,272.0,88.0,53.4,2.61,113.5,319.3,Very Poor
100.5,128.5,39.5,4.0,1.03,64.4,233.1,Poor
0.0,4.3,0.0,0.0,0.82,52.5,49.5,Good
50.4,68.6,20.0,10.1,1.65,46.5,87.0,Satisfactory
0.0,12.0,30.4,0.0,0.18,8.6,33.3,Good
83.6,89.7,32.4,24.6,1.28,40.6,180.9,Moderate
58.9,82.2,0.8,0.0,1.48,13.7,102.0,Moderate
61.7,70.0,79.8,13.5,1.86,76.1,115.7,Moderate
56.5,80.9,45.1,35.6,1.43,47.2,96.3,Satisfactory
24.4,63.6,6.6,0.0,0.72,7.8,61.3,Satisfactory
0.0,0.0,0.0,3.7,0.26,10.1,11.7,Good
126.7,203.5,105.8,54.4,2.93,119.8,307.9,Very Poor
0.0,0.0,17.5,15.5,0.26,48.0,48.6,Good
12.7,13.4,27.3,7.3,0.7,0.0,35.6,Good
31.8,62.0,62.0,16.4,0.49,19.6,80.4,Satisfactory
90.6,164.6,28.5,22.4,0.83,53.2,204.8,Poor
42.6,98.9,3.2,0.0,0.71,24.2,97.3,Satisfactory
145.7,262.3,80.4,49.3,2.65,100.6,319.0,Very Poor
130.0,208.0,78.5,44.6,1.96,97.6,314.9,Very Poor
37.7,32.6,15.8,11.6,0.48,56.1,63.0,Satisfactory
111.9,229.3,73.6,28.4,2.64,148.1,267.7,Poor
137.7,216.0,78.4,50.1,2.22,112.8,318.8,Very Poor
54.1,77.8,60.4,26.7,1.61,71.7,89.1,Satisfactory
104.4,193.1,107.4,32.4,3.02,111.6,244.3,Poor
88.6,123.1,29.6,41.3,1.65,82.3,192.7,Moderate
50.6,82.3,37.8,10.6,0.95,66.9,84.3,Satisfactory
60.8,72.5,43.1,17.9,0.79,33.0,102.0,Moderate
44.2,62.1,14.9,16.7,0.89,32.2,70.6,Satisfactory
50.9,122.3,50.8,19.5,0.22,43.0,115.7,Moderate
114.1,198.9,58.1,23.1,2.76,81.6,278.9,Poor
43.7,87.5,15.7,0.0,0.89,37.8,89.0,Satisfactory
47.5,60.1,2.0,1.6,0.2,2.6,77.1,Satisfactory
60.6,129.1,73.7,2.5,1.73,53.3,122.7,Moderate
6.4,0.0,25.7,8.6,0.0,58.1,60.0,Satisfactory
57.5,85.5,40.3,5.9,0.7,33.4,92.1,Satisfactory
156.8,268.1,103.1,48.1,2.8,115.1,326.4,Very Poor
21.4,19.6,34.2,16.0,0.99,42.0,53.3,Satisfactory
138.1,189.6,95.7,55.3,3.45,121.5,314.3,Very Poor
19.9,42.2,0.0,22.1,0.28,72.2,70.2,Satisfactory
32.4,60.7,0.0,0.0,0.65,29.9,56.5,Satisfactory
29.6,41.5,0.0,0.0,0.0,49.3,52.4,Satisfactory
93.7,172.9,43.4,35.1,1.31,57.7,211.4,Poor
64.9,118.2,67.4,9.7,0.95,74.5,118.4,Moderate
176.6,257.4,124.4,56.2,3.43,116.8,344.6,Very Poor
21.3,51.5,28.5,16.8,0.8,39.5,54.5,Satisfactory
68.1,107.2,53.4,1.8,0.64,5.4,125.2,Moderate
40.5,74.5,0.1,21.9,0.36,7.0,76.2,Satisfactory
98.4,162.0,53.5,19.9,1.17,43.1,225.6,Poor
40.3,44.5,0.0,0.0,0.21,38.5,65.5,Satisfactory
18.6,29.6,22.8,21.9,1.26,28.3,66.2,Satisfactory
94.2,140.1,42.8,42.9,1.14,67.9,210.4,Poor
0.0,3.4,24.0,9.6,0.9,8.0,48.6,Good
78.8,123.2,70.4,30.8,1.27,38.7,159.5,Moderate
93.2,173.8,63.6,26.7,2.11,70.8,211.2,Poor
28.0,64.6,25.8,10.0,0.0,22.2,62.2,Satisfactory
75.3,123.1,32.5,13.0,2.47,94.9,148.3,Moderate
38.5,80.8,63.1,30.5,1.0,70.9,83.4,Satisfactory
84.0,125.1,32.1,37.6,0.72,100.9,176.6,Moderate
45.8,85.0,43.4,16.4,1.21,55.9,82.9,Satisfactory
54.3,64.2,36.2,7.2,1.19,48.1,92.6,Satisfactory
69.8,141.2,77.2,29.3,1.26,42.8,136.2,Moderate
119.6,212.7,48.1,22.5,1.18,83.0,300.4,Very Poor
109.2,190.4,104.6,41.1,1.51,113.7,264.4,Poor
66.3,137.7,38.2,13.9,1.52,79.0,126.0,Moderate
118.2,200.2,79.7,37.8,1.78,101.4,289.0,Poor
7.8,0.0,28.6,24.2,0.47,13.0,31.8,Good
31.9,58.6,47.7,21.0,0.77,39.3,57.3,Satisfactory
36.2,63.2,14.5,10.2,0.0,19.8,59.9,Satisfactory
126.4,200.3,90.9,53.1,2.58,120.0,303.4,Very Poor
18.0,38.8,22.2,0.0,0.13,10.1,47.3,Good
46.5,86.3,65.3,11.2,0.67,43.6,83.9,Satisfactory
69.2,101.0,16.6,15.2,1.27,56.4,131.5,Moderate
81.7,135.1,32.9,4.9,1.94,57.1,174.7,Moderate
9.9,17.4,2.9,15.2,1.62,37.3,80.7,Satisfactory
67.2,134.6,39.5,25.9,1.25,30.4,130.1,Moderate
21.0,37.0,13.3,0.0,0.0,0.0,41.6,Good
37.5,66.9,0.0,5.7,0.4,20.2,70.5,Satisfactory
42.8,59.0,0.0,0.0,0.52,0.0,77.4,Satisfactory
20.3,44.8,2.3,9.8,0.0,16.4,42.9,Good
0.0,0.0,9.8,5.0,1.17,32.8,60.7,Satisfactory
46.4,54.1,53.3,15.3,1.08,98.6,100.8,Moderate
44.9,50.0,78.6,12.6,1.28,46.7,101.5,Moderate
169.1,314.8,94.6,51.7,2.85,120.0,340.1,Very Poor
54.2,94.5,25.4,15.6,0.48,0.0,97.4,Satisfactory
0.0,23.8,10.8,2.9,0.73,58.1,59.3,Satisfactory
43.5,35.1,57.9,15.6,0.89,35.4,71.3,Satisfactory
48.3,55.3,35.0,35.3,0.65,5.6,82.5,Satisfactory
55.5,123.5,38.6,8.8,0.98,34.4,115.5,Moderate
12.9,34.0,0.0,3.5,0.53,0.0,28.1,Good
0.0,0.0,34.3,5.9,0.39,0.0,43.3,Good
40.4,51.5,24.7,14.3,0.6,39.9,67.1,Satisfactory
5.2,22.9,33.6,15.6,0.97,40.7,46.9,Good
137.9,228.2,89.4,44.7,2.91,123.1,314.1,Very Poor
122.2,186.6,73.5,50.7,2.77,115.3,303.7,Very Poor
82.3,120.0,45.3,32.9,1.89,69.3,179.4,Moderate
77.0,160.8,45.0,34.6,1.43,65.2,153.6,Moderate
54.1,78.1,21.5,0.0,0.0,20.1,91.8,Satisfactory
39.6,48.4,24.4,8.5,1.35,38.2,72.3,Satisfactory
31.0,80.9,24.9,22.5,0.3,26.7,80.6,Satisfactory
18.5,29.0,0.0,9.4,0.07,0.0,30.1,Good
72.1,88.7,78.9,25.7,2.2,31.4,137.8,Moderate
37.4,69.9,39.0,20.5,0.96,25.1,66.6,Satisfactory
40.9,34.8,16.7,26.6,0.0,48.6,72.7,Satisfactory
78.3,96.4,46.0,19.0,1.55,66.2,159.1,Moderate
50.3,110.4,25.4,5.0,0.62,0.0,108.9,Moderate
73.5,118.8,86.8,30.4,2.35,87.6,145.2,Moderate
69.1,67.1,38.9,32.6,1.41,72.5,124.3,Moderate
6.9,11.8,0.0,9.7,1.03,48.6,50.1,Satisfactory
57.6,125.5,27.5,17.9,0.53,31.7,118.3,Moderate
46.6,68.4,0.0,33.8,0.71,54.3,81.2,Satisfactory
73.3,98.9,22.6,27.2,0.8,2.6,142.4,Moderate
36.2,47.2,38.1,7.5,0.64,29.5,60.8,Satisfactory
28.3,50.2,45.8,7.2,0.73,0.0,56.2,Satisfactory
32.7,41.1,4.0,4.9,0.11,67.0,68.6,Satisfactory
82.0,149.5,21.5,12.4,0.35,26.2,174.5,Moderate
127.9,180.8,93.0,46.5,2.61,127.2,305.3,Very Poor
69.8,113.7,17.9,10.4,1.07,53.3,127.5,Moderate
10.2,32.6,48.7,0.0,1.07,13.6,58.4,Satisfactory
137.3,282.1,64.7,51.0,2.63,121.5,313.3,Very Poor
41.3,66.8,21.9,10.3,0.83,43.1,63.3,Satisfactory
0.0,0.0,23.7,0.0,0.65,16.0,31.8,Good
30.5,52.9,27.7,22.0,0.25,51.5,55.5,Satisfactory
17.4,46.9,20.5,0.0,0.73,0.0,43.7,Good
81.1,144.5,34.3,22.3,1.6,59.8,169.4,Moderate
7.5,0.0,37.6,0.3,1.18,47.0,57.5,Satisfactory
69.2,105.6,68.5,28.3,2.08,17.2,131.1,Moderate
100.5,191.2,98.7,61.4,2.17,99.5,234.6,Poor
71.2,115.8,39.7,25.4,1.13,67.2,140.4,Moderate
18.5,15.4,28.5,17.2,0.0,48.8,45.3,Good
54.6,85.5,16.8,15.0,0.44,27.4,92.3,Satisfactory
47.1,123.9,42.4,2.6,0.75,42.9,116.1,Moderate
93.0,162.9,44.5,20.0,1.26,81.2,209.1,Poor
28.7,33.8,9.4,11.3,1.17,46.1,62.4,Satisfactory
49.3,82.9,28.3,13.7,0.0,10.7,82.4,Satisfactory
74.5,113.6,59.8,27.8,1.87,86.3,148.0,Moderate
59.6,102.8,22.5,16.6,1.84,42.9,102.5,Moderate
0.6,0.0,10.9,16.7,0.2,23.0,27.3,Good
28.2,57.6,18.5,11.2,0.41,40.0,63.3,Satisfactory
162.4,271.3,110.0,28.4,3.1,119.9,330.3,Very Poor
140.5,267.3,84.9,32.7,2.09,78.2,318.1,Very Poor
156.1,190.8,115.6,43.9,2.78,80.6,331.7,Very Poor
170.4,309.9,78.3,41.9,2.33,127.9,339.8,Very Poor
63.4,129.0,42.3,10.3,1.01,32.5,121.2,Moderate
95.7,201.8,90.9,71.1,2.3,105.0,217.0,Poor
66.7,123.1,67.4,33.9,1.48,34.3,124.9,Moderate
43.9,62.6,37.1,16.6,0.0,34.2,72.5,Satisfactory
65.6,127.6,67.6,15.8,1.33,66.5,116.9,Moderate
32.6,73.9,60.0,34.3,0.79,57.9,73.8,Satisfactory
38.3,9.0,8.0,8.8,1.03,15.7,66.8,Satisfactory
15.6,15.8,12.2,2.0,1.04,4.4,53.6,Satisfactory
60.4,81.2,42.2,20.8,0.72,14.1,104.5,Moderate
125.2,213.0,65.0,48.4,2.0,147.2,301.2,Very Poor
18.0,0.0,14.9,0.0,0.42,12.6,30.8,Good
11.6,2.5,5.0,0.0,0.26,23.2,21.7,Good
26.3,47.3,8.9,7.2,0.08,1.9,47.8,Good
113.4,209.3,49.3,5.7,1.16,52.1,277.1,Poor
17.3,35.9,16.1,17.6,0.2,20.1,36.9,Good
45.1,85.4,50.3,25.9,2.64,58.4,105.0,Moderate
50.8,97.0,42.2,5.5,0.67,24.6,100.2,Moderate
52.3,100.4,28.2,14.4,0.37,45.2,97.0,Satisfactory
57.1,88.7,25.8,9.7,0.59,0.0,97.4,Satisfactory
103.8,161.5,24.9,33.3,2.05,91.1,241.5,Poor
63.9,129.7,46.6,41.5,2.86,67.1,121.2,Moderate
44.8,81.5,42.8,15.9,2.91,77.7,109.6,Moderate
64.5,128.8,45.6,29.1,1.62,46.3,116.4,Moderate
63.3,136.3,61.5,33.5,1.4,67.4,123.4,Moderate
174.2,296.5,80.8,31.0,3.19,125.4,340.8,Very Poor
35.8,38.8,9.0,16.2,0.96,56.9,59.3,Satisfactory
71.3,122.9,52.4,12.7,0.95,54.1,140.7,Moderate
0.0,2.4,4.2,15.7,0.74,36.9,37.1,Good
35.7,39.1,8.1,2.7,0.37,0.0,58.8,Satisfactory
19.1,49.6,67.9,18.6,0.7,36.4,85.6,Satisfactory
29.2,28.2,22.0,17.5,0.34,87.2,89.5,Satisfactory
72.2,102.3,35.4,12.9,0.54,16.9,139.4,Moderate
0.0,0.0,32.0,0.0,0.67,30.3,36.7,Good
73.1,71.2,82.6,35.8,1.6,81.8,143.4,Moderate
98.4,98.2,49.9,5.1,1.64,60.3,232.0,Poor
26.2,43.5,3.4,5.7,1.02,0.0,49.6,Good
35.9,77.1,39.5,22.4,1.08,42.3,72.7,Satisfactory
40.6,88.0,39.4,23.4,0.0,26.3,82.5,Satisfactory
136.8,249.4,108.3,46.1,2.4,128.8,312.0,Very Poor
84.1,134.1,60.5,53.5,1.19,49.9,180.7,Moderate
162.3,310.2,114.3,29.6,2.58,113.5,329.9,Very Poor
67.4,90.2,54.7,24.9,1.61,58.7,120.8,Moderate
72.8,131.0,18.9,0.0,1.02,50.6,143.2,Moderate
117.0,150.1,85.5,51.0,3.33,105.4,286.9,Poor
42.7,87.7,48.0,10.4,0.49,46.5,88.7,Satisfactory
20.4,28.6,14.5,0.0,0.39,19.8,37.9,Good
14.1,30.6,62.2,3.8,0.59,4.0,73.9,Satisfactory
42.6,75.3,34.2,14.7,0.63,43.1,76.6,Satisfactory
86.0,181.5,39.4,20.3,1.74,49.4,184.9,Moderate
67.5,155.6,58.9,28.4,1.57,48.7,134.2,Moderate
55.3,87.7,49.8,0.0,0.7,48.5,86.8,Satisfactory
35.7,69.1,0.0,2.0,0.0,0.0,68.9,Satisfactory
122.5,231.4,41.5,29.1,2.11,81.6,302.5,Very Poor
34.0,70.1,50.9,15.5,2.73,97.1,109.4,Moderate
85.6,176.3,34.0,22.4,0.16,18.8,189.9,Moderate
91.7,194.2,59.6,16.9,1.27,25.2,204.7,Poor
36.8,39.1,49.2,45.7,1.5,45.0,69.5,Satisfactory
23.0,22.1,21.6,12.6,0.23,41.3,37.1,Good
62.9,129.5,84.3,25.4,1.57,59.7,118.3,Moderate
71.5,97.6,28.4,9.9,0.38,4.0,142.6,Moderate
28.0,35.1,52.6,10.7,2.16,36.3,108.1,Moderate
84.0,162.7,61.5,49.2,1.31,45.1,178.1,Moderate
77.0,105.8,24.9,3.9,0.59,13.9,152.0,Moderate
31.4,87.8,11.0,19.1,0.64,30.9,88.2,Satisfactory
115.8,186.7,87.2,53.6,2.19,113.1,290.4,Poor
0.0,4.5,17.5,13.6,0.76,7.4,41.4,Good
48.1,67.2,5.2,20.3,0.89,13.6,81.2,Satisfactory
10.3,30.6,1.3,11.4,1.06,3.3,57.0,Satisfactory
18.9,32.0,11.0,4.0,0.58,29.8,29.3,Good
91.3,131.0,54.7,28.9,2.14,55.0,204.1,Poor
58.3,86.8,13.0,12.8,0.38,48.3,97.7,Satisfactory
59.0,129.9,53.6,21.4,0.88,84.1,119.7,Moderate
11.9,0.0,7.4,7.0,0.95,50.8,53.0,Satisfactory
43.9,86.7,31.3,19.7,0.64,33.9,80.5,Satisfactory
34.3,63.6,43.0,17.6,0.45,35.5,60.2,Satisfactory
0.0,12.5,0.0,4.9,0.54,0.0,25.6,Good
44.1,82.9,22.2,9.1,0.5,27.7,84.8,Satisfactory
116.4,211.6,49.5,37.9,2.23,41.8,285.8,Poor
54.7,93.4,29.2,28.8,0.86,9.7,93.7,Satisfactory
46.4,92.9,27.1,14.4,0.0,59.2,91.9,Satisfactory
70.0,82.0,37.2,25.5,1.25,71.7,131.6,Moderate
23.0,54.2,64.1,9.6,0.48,49.1,80.7,Satisfactory
25.6,44.3,64.0,22.1,0.83,80.6,82.6,Satisfactory
0.3,15.9,48.5,5.2,0.81,29.1,59.0,Satisfactory
31.8,54.7,1.6,0.6,0.0,6.0,56.2,Satisfactory
96.4,191.1,91.2,21.4,1.14,87.6,222.2,Poor
40.7,59.8,9.1,4.1,0.58,10.8,71.5,Satisfactory
82.0,92.2,47.0,10.8,0.53,43.0,173.6,Moderate
6.0,0.0,32.3,0.0,0.7,0.0,37.0,Good
84.1,100.0,37.6,18.2,1.76,108.5,177.7,Moderate
32.4,52.9,4.9,16.7,0.0,0.0,55.4,Satisfactory
25.7,60.7,42.7,29.8,0.95,23.4,65.7,Satisfactory
16.5,6.5,54.5,20.2,0.03,49.6,69.7,Satisfactory
12.2,42.1,0.0,1.1,0.36,41.2,40.2,Good
58.2,78.2,30.0,18.1,0.95,32.9,93.3,Satisfactory
86.6,163.2,43.0,25.0,0.81,82.2,184.8,Moderate
96.3,144.9,43.6,42.0,1.53,57.8,223.8,Poor
1.9,0.0,41.0,14.5,0.26,47.1,50.0,Good
20.5,38.5,14.0,13.7,0.75,16.2,33.9,Good
71.6,151.5,23.2,15.8,0.92,71.9,141.3,Moderate
115.9,186.9,95.4,57.5,2.21,95.6,289.7,Poor
11.9,22.7,25.2,11.8,0.41,37.5,41.1,Good
40.3,39.0,12.5,0.0,0.68,10.8,64.8,Satisfactory
58.2,110.5,29.9,15.2,0.8,37.6,100.3,Moderate
25.8,70.3,6.9,0.0,0.36,57.6,68.7,Satisfactory
45.5,79.3,47.9,43.4,1.72,34.8,81.7,Satisfactory
35.8,75.7,36.0,20.6,1.16,26.1,75.2,Satisfactory
35.2,47.1,4.9,22.3,0.66,0.0,58.5,Satisfactory
13.9,11.8,22.3,0.0,0.37,10.8,28.0,Good
22.1,11.3,28.3,19.4,1.76,51.1,89.5,Satisfactory
103.4,183.7,45.3,45.2,1.78,108.9,245.7,Poor
6.5,4.4,31.1,5.7,0.0,19.3,39.2,Good
32.6,74.4,36.6,17.6,0.19,77.4,72.7,Satisfactory
7.3,8.9,17.9,7.4,0.28,45.4,48.7,Good
71.5,139.7,50.0,10.1,1.72,78.4,135.9,Moderate
44.1,99.7,29.6,5.1,0.93,28.0,99.5,Satisfactory
119.8,184.5,47.7,31.6,2.03,69.9,300.9,Very Poor
112.5,165.3,88.3,55.8,1.77,91.8,281.8,Poor
83.5,102.5,63.9,18.1,0.51,72.1,176.2,Moderate
105.7,187.7,88.4,48.4,1.94,79.6,249.2,Poor
56.9,94.1,24.1,0.0,0.44,50.6,98.7,Satisfactory
142.5,229.3,98.3,43.9,2.27,98.4,322.7,Very Poor
45.6,78.3,36.8,35.6,0.52,53.3,78.9,Satisfactory
67.8,86.2,41.2,0.0,1.17,32.6,125.9,Moderate
53.8,76.8,25.2,22.5,1.28,48.3,88.1,Satisfactory
92.1,116.4,62.4,21.3,1.5,69.0,205.1,Poor
104.4,173.8,76.3,54.7,2.07,83.1,247.0,Poor
65.7,85.1,86.7,16.1,0.71,90.8,117.0,Moderate
44.8,43.4,26.9,9.3,0.96,47.5,75.4,Satisfactory
14.7,38.6,5.5,10.7,0.3,13.5,39.8,Good
21.3,41.4,27.3,20.5,1.01,34.0,54.8,Satisfactory
42.1,63.9,41.8,0.0,1.3,56.2,71.9,Satisfactory
0.0,10.2,27.1,0.3,0.58,7.9,36.5,Good
0.9,0.0,9.9,9.6,0.79,20.0,35.5,Good
159.0,249.2,89.7,36.5,2.37,105.9,330.9,Very Poor
41.7,53.4,0.0,8.9,0.44,0.6,73.1,Satisfactory
44.7,66.0,26.9,13.2,1.37,6.6,70.7,Satisfactory
84.0,149.0,21.5,7.6,1.07,54.1,175.9,Moderate
13.7,20.4,1.8,0.4,0.78,24.4,41.5,Good
0.0,6.1,7.3,0.0,0.05,16.8,15.4,Good
24.3,38.3,11.8,0.0,0.73,7.4,42.7,Good
60.6,105.5,23.8,34.1,0.91,56.8,108.7,Moderate
144.2,266.4,111.7,38.0,2.45,91.6,318.5,Very Poor
53.9,106.0,18.2,28.4,0.96,49.3,103.6,Moderate
0.0,0.0,27.6,0.0,0.73,0.0,36.7,Good
129.9,247.0,125.1,39.1,2.35,114.1,305.4,Very Poor
49.2,67.5,77.5,21.6,1.92,75.2,95.5,Satisfactory
68.8,114.0,4.2,10.3,0.51,46.0,128.3,Moderate
44.5,63.3,6.6,11.3,0.17,23.8,71.7,Satisfactory
44.1,55.6,1.3,2.5,0.88,30.0,78.5,Satisfactory
87.7,150.6,49.7,26.6,1.65,60.3,188.1,Moderate
57.2,112.5,17.8,20.6,0.44,41.4,108.9,Moderate
57.8,128.3,50.3,11.5,0.84,25.1,117.9,Moderate
71.6,86.8,51.3,39.0,1.29,73.6,138.6,Moderate
150.9,258.4,72.8,47.7,2.4,110.6,324.7,Very Poor
61.6,105.5,77.6,10.2,1.33,77.9,110.2,Moderate
14.2,25.5,0.0,0.0,0.74,6.3,39.8,Good
39.1,51.3,29.5,0.0,0.06,11.0,68.2,Satisfactory
121.5,147.4,90.4,41.9,2.41,114.3,297.5,Poor
57.7,104.2,16.3,23.0,0.57,0.0,101.1,Moderate
12.4,8.0,0.9,3.0,0.0,0.0,20.9,Good
160.8,317.1,84.2,32.1,1.67,92.2,332.7,Very Poor
46.8,64.6,0.0,1.9,0.92,39.0,77.5,Satisfactory
48.2,104.4,0.0,0.0,1.26,15.3,99.6,Satisfactory
31.7,73.8,0.0,0.7,0.8,0.0,74.6,Satisfactory
130.1,208.0,82.9,46.6,1.74,99.4,310.9,Very Poor
3.9,0.0,29.0,10.4,0.33,13.0,39.3,Good
148.7,292.4,77.6,24.8,2.95,132.0,321.4,Very Poor
59.8,105.3,23.6,10.5,0.0,48.8,101.4,Moderate
0.5,22.9,11.4,17.8,1.12,28.0,59.8,Satisfactory
95.1,143.2,41.7,17.8,1.41,78.7,213.6,Poor
14.8,14.5,10.8,0.0,0.0,0.0,25.3,Good
140.5,280.8,76.7,49.1,2.7,108.8,312.0,Very Poor
103.8,147.0,98.4,33.0,2.53,120.3,245.2,Poor
61.2,113.9,26.2,0.0,0.71,9.6,111.5,Moderate
56.3,104.4,8.5,0.0,0.0,0.0,105.2,Moderate
0.0,15.5,15.5,11.4,0.1,0.0,18.4,Good
68.1,109.8,36.1,24.6,1.63,94.5,127.3,Moderate
54.3,75.4,25.9,13.8,0.9,44.6,94.0,Satisfactory
137.4,194.4,62.3,47.1,3.82,109.1,313.9,Very Poor
71.8,127.4,50.3,14.8,1.5,56.6,139.7,Moderate
11.0,26.3,16.2,14.8,0.75,55.5,58.9,Satisfactory
50.6,71.4,60.7,35.0,1.09,60.3,84.8,Satisfactory
0.0,23.7,31.9,11.5,0.05,32.3,36.7,Good
80.3,139.3,44.6,27.3,1.2,70.4,165.8,Moderate
96.7,155.6,48.8,16.6,1.35,66.7,217.1,Poor
144.5,250.9,89.8,40.4,3.4,153.4,317.8,Very Poor
12.7,14.9,3.2,2.1,0.7,0.0,39.8,Good
60.8,129.7,0.0,18.4,0.92,0.0,121.0,Moderate
83.6,152.0,25.2,23.8,1.4,42.9,181.8,Moderate
0.0,0.0,0.0,0.0,0.09,1.7,4.5,Good
146.8,263.3,73.6,36.8,2.62,109.6,317.4,Very Poor
39.6,68.8,42.1,7.6,0.56,2.8,67.8,Satisfactory
44.6,106.4,26.9,14.1,2.11,35.8,101.8,Moderate
28.9,56.9,17.1,0.0,0.35,35.6,61.1,Satisfactory
35.8,81.4,6.0,14.2,0.09,50.8,83.8,Satisfactory
60.4,128.0,33.3,32.0,0.9,80.5,121.9,Moderate
102.2,133.3,73.6,29.5,1.46,71.2,238.7,Poor
130.5,193.1,76.0,46.1,1.75,70.7,305.2,Very Poor
36.1,49.9,61.1,7.9,0.95,39.6,76.1,Satisfactory
37.1,48.7,61.5,33.6,1.44,45.8,81.6,Satisfactory
74.5,99.4,39.3,33.5,2.22,61.5,149.1,Moderate
50.6,97.2,33.6,10.3,1.0,49.8,98.9,Satisfactory
132.3,244.8,88.4,42.2,2.92,109.4,309.5,Very Poor
18.4,35.3,7.7,12.1,0.42,7.3,40.0,Good
94.4,138.5,79.5,22.6,2.52,139.4,211.8,Poor
0.0,0.0,39.8,19.2,1.22,53.0,55.5,Satisfactory
76.7,148.3,30.8,37.7,1.17,51.5,151.7,Moderate
9.9,0.0,16.8,0.0,0.06,0.0,26.8,Good
42.4,76.9,27.8,1.2,0.0,24.5,72.2,Satisfactory
21.4,28.4,38.4,13.8,0.13,60.8,57.2,Satisfactory
45.5,61.0,30.7,6.1,1.06,37.9,74.8,Satisfactory
17.8,8.5,53.5,5.6,1.24,44.3,68.8,Satisfactory
5.1,0.0,1.9,0.0,0.45,0.0,16.8,Good
37.3,38.8,15.4,0.0,1.67,5.7,82.2,Satisfactory
50.9,62.0,17.1,13.7,0.56,33.2,87.1,Satisfactory
11.4,25.6,15.5,2.7,0.0,4.5,27.7,Good
4.9,11.9,24.0,1.3,1.46,19.4,76.6,Satisfactory
111.7,169.5,88.3,54.5,2.48,93.0,277.8,Poor
33.8,43.1,39.1,11.9,1.04,0.0,57.8,Satisfactory
27.6,53.4,31.4,26.5,0.96,19.0,52.9,Satisfactory
121.8,162.0,69.1,34.3,3.09,116.6,299.9,Poor
0.0,0.0,0.0,7.3,0.83,62.3,59.0,Satisfactory
4.3,22.1,14.1,0.0,0.06,6.2,19.9,Good
25.7,41.4,16.0,17.6,1.54,35.5,80.9,Satisfactory
1.3,5.4,21.3,15.3,1.63,47.5,78.1,Satisfactory
5.8,7.2,0.0,6.1,0.0,0.0,6.8,Good
85.1,138.9,65.3,28.0,1.59,67.6,183.2,Moderate
34.5,46.6,73.4,20.1,1.51,85.5,92.4,Satisfactory
53.3,79.9,53.4,6.2,1.5,0.0,85.5,Satisfactory
48.0,63.9,10.1,2.8,0.96,21.7,84.0,Satisfactory
110.9,197.9,58.3,55.8,2.15,101.9,269.2,Poor
41.0,77.1,43.3,20.0,0.47,12.1,74.6,Satisfactory
0.0,0.0,0.0,0.0,0.0,8.1,11.3,Good
4.2,0.0,12.0,19.4,0.59,5.3,23.4,Good
73.8,122.8,20.7,19.1,0.41,24.1,147.2,Moderate
107.1,183.5,42.7,6.6,1.6,72.6,256.0,Poor
102.1,167.1,37.7,18.9,2.16,64.1,238.7,Poor
122.0,198.5,99.9,48.7,2.2,92.4,300.2,Very Poor
41.4,53.5,16.5,33.2,0.37,15.8,72.6,Satisfactory
145.2,285.4,100.5,47.0,2.05,62.0,317.7,Very Poor
52.1,116.1,2.6,9.9,1.02,19.3,109.6,Moderate
139.8,239.1,73.7,39.2,2.65,136.8,313.8,Very Poor
49.0,69.2,16.7,1.1,0.85,54.5,80.0,Satisfactory
87.9,149.4,35.2,16.2,1.96,78.3,190.2,Moderate
130.0,212.6,103.0,59.2,2.69,94.6,305.5,Very Poor
36.8,37.6,33.4,19.8,1.82,7.4,90.8,Satisfactory
66.7,93.8,9.2,0.0,0.7,0.0,122.6,Moderate
43.3,82.8,58.5,28.0,1.41,101.6,103.6,Moderate
99.1,187.2,54.5,25.9,1.24,59.9,228.2,Poor
55.5,84.3,30.3,5.0,1.19,33.3,84.0,Satisfactory
135.8,204.7,110.3,49.3,3.03,94.4,311.4,Very Poor
66.7,129.3,45.6,25.2,1.16,36.3,121.3,Moderate
105.2,194.4,74.6,29.5,3.26,95.6,252.0,Poor
129.5,240.5,94.6,25.4,3.23,102.3,306.7,Very Poor
104.2,164.7,16.9,11.6,2.39,71.6,245.8,Poor
44.1,84.9,66.8,52.4,2.51,47.3,104.8,Moderate
44.3,65.0,24.8,10.3,1.87,8.7,93.2,Satisfactory
0.0,16.5,7.6,0.0,0.0,0.0,17.3,Good
4.4,20.9,0.0,8.8,1.01,41.0,46.4,Good
7.1,14.8,1.3,0.0,0.0,34.1,34.2,Good
87.2,175.9,63.4,24.8,3.06,67.3,184.9,Moderate
23.4,16.8,27.3,13.3,0.26,0.0,39.4,Good
85.0,116.5,45.3,23.0,1.48,62.8,186.6,Moderate
36.5,57.1,16.9,24.4,0.85,35.2,59.0,Satisfactory
61.3,100.7,9.4,4.1,0.41,14.9,101.4,Moderate
4.0,0.0,40.3,11.7,1.78,23.8,89.3,Satisfactory
147.4,256.6,57.5,49.0,2.13,103.8,323.2,Very Poor
19.6,69.5,29.0,31.1,1.44,22.8,68.0,Satisfactory
0.0,34.9,7.5,0.0,0.57,0.0,36.2,Good
143.6,273.1,102.3,41.3,1.9,140.9,315.4,Very Poor
84.8,165.3,37.4,42.9,2.04,74.5,178.6,Moderate
22.4,42.9,8.0,5.3,0.13,39.9,46.2,Good
105.3,203.3,101.6,52.0,2.46,70.5,251.7,Poor
84.5,129.8,88.0,27.5,1.73,48.5,180.3,Moderate
119.4,194.3,29.6,12.8,2.11,94.0,298.2,Poor
0.0,0.0,54.8,45.0,2.27,81.2,103.2,Moderate
137.8,189.7,80.6,51.6,2.65,111.2,309.1,Very Poor
3.7,10.6,18.2,10.7,0.64,27.6,30.1,Good
22.0,26.9,12.4,3.5,0.0,12.1,39.7,Good
27.7,49.3,0.5,23.5,0.12,27.1,48.0,Good
41.4,72.0,18.9,18.6,0.94,21.6,72.2,Satisfactory
63.0,99.2,63.6,32.4,1.12,85.0,109.0,Moderate
48.3,86.1,40.2,0.0,0.05,48.4,87.2,Satisfactory
116.5,170.3,66.9,76.6,3.3,122.4,288.5,Poor
2.5,15.2,10.3,0.0,0.0,0.0,16.0,Good
70.5,136.3,91.9,34.2,0.93,74.2,134.7,Moderate
126.9,208.7,94.8,51.0,2.12,129.4,306.1,Very Poor
65.9,150.2,11.1,37.9,0.4,34.0,131.7,Moderate
66.1,100.0,24.5,23.4,0.57,40.1,122.3,Moderate
3.6,48.4,22.2,3.7,0.01,16.8,44.8,Good
55.3,95.6,17.2,2.4,0.77,37.6,97.2,Satisfactory
12.5,2.8,38.7,23.6,0.27,28.5,48.5,Good
64.0,119.7,30.3,27.1,2.6,90.8,113.9,Moderate
48.1,68.7,30.3,24.1,1.32,45.4,77.1,Satisfactory
24.9,24.0,27.9,28.1,1.17,28.0,56.6,Satisfactory
34.1,56.4,13.1,3.0,0.75,39.8,52.8,Satisfactory
59.2,94.0,66.7,29.4,2.66,60.3,111.6,Moderate
103.0,213.3,102.2,60.0,3.2,108.0,239.9,Poor
79.7,100.1,27.3,11.8,0.44,0.0,166.2,Moderate
49.6,93.8,45.4,0.0,0.8,64.1,93.2,Satisfactory
158.7,310.7,102.8,53.4,2.51,123.3,334.2,Very Poor
77.0,152.2,83.7,22.3,1.42,44.4,157.0,Moderate
53.8,89.3,0.8,29.7,0.3,15.8,85.9,Satisfactory
28.8,5.6,29.9,16.3,1.96,44.7,96.6,Satisfactory
36.5,63.6,28.9,33.0,0.65,0.0,66.2,Satisfactory
48.3,57.2,34.6,33.1,0.75,56.7,76.8,Satisfactory
60.5,105.8,45.3,8.7,1.25,48.5,100.0,Satisfactory
72.3,130.0,24.5,28.2,0.13,107.0,140.3,Moderate
50.8,79.1,44.5,17.1,1.7,62.3,83.3,Satisfactory
9.0,12.6,25.5,8.5,0.0,14.5,33.2,Good
29.1,50.9,18.3,18.1,1.14,56.0,56.6,Satisfactory
49.9,98.3,32.7,24.0,0.96,74.6,97.0,Satisfactory
6.9,0.0,29.3,6.6,0.01,24.4,35.5,Good
137.9,176.2,77.2,29.0,2.66,94.1,317.7,Very Poor
42.2,65.4,0.0,0.0,0.37,26.4,64.4,Satisfactory
8.0,38.7,19.2,21.4,0.04,5.8,41.6,Good
39.9,61.2,9.1,25.6,2.1,3.6,105.4,Moderate
122.6,161.8,92.0,31.9,2.62,77.8,303.5,Very Poor
60.9,84.1,25.5,12.8,1.33,43.1,105.8,Moderate
31.9,62.7,9.7,10.7,1.21,4.3,66.0,Satisfactory
36.1,52.6,51.6,31.9,1.9,42.3,89.9,Satisfactory
11.8,30.3,19.0,21.7,0.17,0.0,33.9,Good
92.6,174.7,51.7,37.8,1.84,51.9,207.9,Poor
90.3,137.1,57.7,40.4,1.74,66.4,200.9,Poor
111.6,181.4,77.7,56.9,2.36,114.3,270.2,Poor
98.4,165.8,65.8,45.1,2.26,57.6,227.8,Poor
22.4,43.1,38.4,12.5,0.83,0.0,52.8,Satisfactory
157.3,245.9,110.1,42.5,2.27,100.2,331.4,Very Poor
89.8,168.8,28.3,0.9,0.0,22.3,200.3,Poor
30.3,46.9,38.5,10.2,0.68,22.1,48.0,Good
113.0,158.2,85.0,60.0,1.93,147.7,277.0,Poor
74.4,113.2,21.0,39.8,2.49,86.8,141.7,Moderate
43.6,96.8,67.2,44.0,1.57,35.9,99.3,Satisfactory
39.1,78.1,0.5,10.0,1.14,0.0,80.8,Satisfactory
13.8,23.4,19.7,0.0,0.0,0.0,28.3,Good
10.6,2.5,21.8,9.3,0.24,21.0,24.3,Good
52.2,116.4,52.9,41.7,2.2,104.9,108.6,Moderate
114.6,170.0,94.1,42.6,2.45,135.3,281.7,Poor
52.4,67.5,31.7,44.0,0.35,28.7,94.5,Satisfactory
68.3,100.7,47.4,21.2,0.8,96.4,126.0,Moderate
81.2,139.2,40.1,30.1,1.97,64.5,170.0,Moderate
98.3,148.9,40.3,17.0,1.44,65.1,223.7,Poor
95.6,163.7,96.5,33.1,2.48,131.8,224.0,Poor
26.8,55.1,29.0,0.0,0.82,2.9,52.5,Satisfactory
137.5,224.3,92.6,46.8,2.82,119.4,313.1,Very Poor
90.6,144.2,62.5,33.5,1.79,88.5,195.3,Moderate
25.8,29.3,2.7,0.0,1.0,0.0,48.2,Good
81.4,108.9,57.4,28.8,2.39,88.3,169.7,Moderate
37.8,75.6,2.2,2.6,0.0,28.6,73.7,Satisfactory
131.3,221.8,84.4,36.6,1.71,112.1,308.2,Very Poor
43.1,78.3,5.0,10.4,1.32,66.9,75.8,Satisfactory
159.6,194.7,105.2,41.2,3.42,100.7,329.5,Very Poor
5.1,9.4,0.0,11.1,0.85,27.2,38.9,Good
27.6,37.6,18.1,17.3,0.54,44.4,45.6,Good
66.1,119.0,47.3,23.2,1.69,35.4,116.8,Moderate
64.6,93.9,30.4,29.6,0.77,47.5,115.6,Moderate
0.0,0.0,0.0,6.7,0.46,0.0,22.8,Good
17.5,58.5,22.9,5.4,0.7,46.1,61.2,Satisfactory
60.1,63.1,26.8,17.2,0.44,34.3,106.2,Moderate
65.8,134.9,34.9,20.5,1.47,42.2,123.0,Moderate
54.3,83.5,31.7,23.6,1.27,33.8,88.0,Satisfactory
49.7,82.3,36.0,20.0,1.13,62.5,83.9,Satisfactory
51.2,107.5,41.8,21.9,1.99,56.5,102.4,Moderate
82.9,154.3,82.5,18.4,2.11,37.7,171.6,Moderate
52.8,100.9,37.1,25.8,2.15,81.9,108.6,Moderate
18.1,22.6,0.0,0.0,1.34,16.0,74.9,Satisfactory
33.4,38.9,41.1,19.7,1.28,61.8,67.2,Satisfactory
57.8,133.0,63.6,27.1,1.9,52.9,122.8,Moderate
39.9,67.9,23.2,0.4,0.55,7.1,64.2,Satisfactory
0.0,14.3,34.3,0.0,1.15,0.0,59.7,Satisfactory
109.2,195.4,76.0,48.3,3.62,89.4,263.6,Poor
27.0,67.0,28.4,23.2,0.72,38.8,70.4,Satisfactory
119.5,182.5,72.8,36.6,3.27,146.2,294.7,Poor
85.9,139.8,51.9,18.6,0.79,80.2,187.4,Moderate
25.1,43.0,26.7,0.0,0.04,0.0,43.6,Good
35.7,49.6,46.6,17.9,0.73,21.4,59.4,Satisfactory
130.9,196.1,79.5,34.5,2.34,108.0,308.3,Very Poor
29.6,61.1,16.8,20.9,0.57,67.2,66.5,Satisfactory
162.5,287.6,114.6,50.6,2.61,99.4,332.3,Very Poor
161.7,283.7,75.7,41.8,2.22,101.8,337.5,Very Poor
67.8,84.0,66.0,42.7,1.67,58.9,127.4,Moderate
0.0,3.4,0.0,13.9,0.0,2.4,17.3,Good
41.4,63.9,14.0,23.4,0.97,40.8,66.3,Satisfactory
0.0,0.0,15.4,15.1,1.28,56.5,66.5,Satisfactory
18.9,36.9,35.5,0.0,1.03,0.0,52.6,Satisfactory
86.3,138.5,27.4,29.6,1.47,76.1,190.2,Moderate
167.2,273.7,82.4,37.1,3.08,91.4,337.5,Very Poor
74.6,141.4,67.3,31.3,1.21,70.2,150.4,Moderate
88.4,131.4,44.1,33.0,0.55,92.2,190.7,Moderate
110.7,234.6,92.4,43.6,2.74,141.8,276.1,Poor
118.9,165.6,116.2,34.7,1.47,116.3,299.9,Poor
82.4,150.7,60.3,31.4,0.58,67.3,169.9,Moderate
83.8,166.0,67.5,28.4,1.8,61.2,182.6,Moderate
46.1,64.5,19.8,40.5,2.1,79.2,101.5,Moderate
102.9,211.0,53.8,22.0,0.93,75.0,244.8,Poor
125.0,177.3,83.0,52.7,2.2,88.9,303.1,Very Poor
18.6,50.9,24.3,0.0,0.0,42.3,50.4,Satisfactory
50.1,91.1,58.6,22.3,1.46,57.0,89.4,Satisfactory
4.6,0.0,6.3,0.0,0.0,30.3,34.0,Good
18.0,46.2,38.1,4.4,0.1,21.8,48.0,Good
66.9,110.4,90.1,10.7,1.13,69.7,129.6,Moderate
66.7,91.9,62.0,25.3,1.13,112.0,113.6,Moderate
67.8,126.8,7.4,24.1,0.0,12.1,122.7,Moderate
3.0,0.0,19.0,6.5,0.56,18.4,31.1,Good
0.0,0.0,32.6,19.6,0.65,0.0,37.9,Good
68.6,164.2,34.9,2.9,0.7,35.1,143.1,Moderate
58.6,107.8,20.4,38.2,1.31,24.5,108.8,Moderate
56.6,117.2,0.0,27.2,0.0,26.2,106.7,Moderate
40.9,59.1,31.1,34.9,0.66,54.2,72.7,Satisfactory
0.0,0.0,37.5,8.2,0.75,14.1,43.3,Good
94.6,177.3,33.5,33.1,2.23,73.1,209.9,Poor
110.7,169.4,68.2,8.0,1.62,66.0,273.4,Poor
19.7,35.7,20.1,5.3,0.46,45.5,41.6,Good
36.1,69.2,0.0,9.8,0.12,0.0,70.6,Satisfactory
2.0,5.4,39.0,27.9,1.26,54.8,61.7,Satisfactory
142.9,247.8,105.6,40.1,1.94,106.3,317.0,Very Poor
60.0,122.3,37.5,38.5,1.46,54.7,116.5,Moderate
66.1,135.8,45.9,24.2,1.25,26.5,127.0,Moderate
9.9,33.4,29.3,2.6,0.61,55.3,55.7,Satisfactory
43.4,66.5,15.7,0.0,0.0,0.0,73.9,Satisfactory
36.7,50.1,0.0,0.0,0.29,48.0,61.3,Satisfactory
0.0,0.0,30.0,0.0,1.13,28.1,54.2,Satisfactory
26.1,60.5,39.5,25.4,0.64,0.0,55.9,Satisfactory
20.6,58.6,39.9,2.7,0.49,25.0,59.7,Satisfactory
51.5,110.4,22.8,10.2,0.66,36.2,105.8,Moderate
59.7,93.3,41.1,36.0,0.2,22.0,92.7,Satisfactory
8.0,0.0,35.0,11.0,1.07,37.3,50.6,Satisfactory
44.3,113.5,66.0,40.6,1.79,71.0,109.3,Moderate
122.3,158.7,80.2,42.5,2.05,119.5,298.9,Poor
78.7,156.8,48.8,30.9,1.32,25.6,163.8,Moderate
22.3,35.5,11.6,0.0,0.31,32.7,38.6,Good
39.1,67.1,3.0,10.8,0.86,58.0,69.0,Satisfactory
70.1,110.4,38.0,31.9,1.21,57.1,133.7,Moderate
50.8,95.1,36.8,12.2,0.0,0.0,92.1,Satisfactory
55.1,88.8,52.7,26.7,1.08,60.0,87.5,Satisfactory
67.4,114.3,9.4,9.0,0.87,48.5,124.2,Moderate
23.2,44.4,45.9,16.8,1.91,56.2,95.4,Satisfactory
144.6,261.4,83.9,31.0,2.24,151.2,315.3,Very Poor
64.5,83.6,21.0,18.5,1.41,60.3,114.3,Moderate
30.2,40.4,1.2,0.0,0.34,0.0,45.8,Good
0.0,0.0,42.8,9.1,0.24,58.5,58.8,Satisfactory
55.7,94.3,27.2,7.5,2.03,9.4,96.5,Satisfactory
140.3,293.9,73.0,41.3,3.4,106.3,320.3,Very Poor
26.7,52.7,17.8,9.8,0.74,3.7,51.0,Satisfactory
138.8,221.7,64.9,23.7,2.51,130.6,314.6,Very Poor
18.6,40.3,23.4,13.2,1.05,39.1,51.1,Satisfactory
49.2,79.8,1.4,11.7,0.3,9.6,83.6,Satisfactory
9.6,20.8,22.2,27.7,0.27,0.0,33.1,Good
33.8,68.0,20.0,3.2,0.95,33.4,70.3,Satisfactory
9.1,0.1,3.9,0.0,1.25,17.8,60.3,Satisfactory
87.9,149.3,29.6,17.2,0.21,11.1,187.8,Moderate
38.8,78.5,42.7,0.0,1.76,58.1,89.7,Satisfactory
67.5,99.2,56.4,40.3,1.33,74.2,129.1,Moderate
78.2,115.2,92.2,36.1,2.84,108.1,157.7,Moderate
48.9,72.7,32.0,27.1,0.38,35.2,80.1,Satisfactory
36.6,68.7,35.9,18.3,0.0,80.9,76.5,Satisfactory
32.1,62.1,67.1,20.0,0.85,24.3,81.9,Satisfactory
79.0,104.7,67.1,35.8,1.53,76.6,165.3,Moderate
20.5,24.5,8.2,13.0,0.72,0.0,34.1,Good
148.8,251.1,106.4,45.1,3.35,90.4,321.8,Very Poor
72.9,96.6,41.4,21.4,1.55,24.6,136.0,Moderate
43.2,63.4,36.1,7.3,1.62,52.0,76.7,Satisfactory
45.7,25.0,73.1,20.6,2.12,46.8,92.9,Satisfactory
42.6,90.7,19.6,0.0,0.0,38.0,91.4,Satisfactory
145.8,241.2,80.9,30.0,2.93,91.5,316.3,Very Poor
104.3,180.1,78.8,36.3,1.41,54.7,248.0,Poor
42.7,81.1,46.2,15.3,2.35,53.6,106.8,Moderate
31.5,50.7,0.0,5.8,0.75,49.4,49.2,Good
111.6,176.7,74.1,27.1,1.92,96.8,277.0,Poor
85.0,146.8,59.2,21.3,1.24,38.8,181.4,Moderate
144.6,177.1,87.4,40.3,2.18,118.0,317.4,Very Poor
49.1,85.6,37.3,12.0,1.3,9.5,85.3,Satisfactory
153.2,247.5,57.7,33.4,3.51,61.4,328.0,Very Poor
64.0,112.4,73.5,21.1,1.38,80.7,112.0,Moderate
63.9,129.5,65.0,10.2,1.39,70.6,118.9,Moderate
19.6,32.5,0.0,1.2,0.0,17.3,32.1,Good
27.3,58.0,8.3,8.9,0.04,6.7,58.9,Satisfactory
71.4,93.6,64.1,20.8,0.89,34.5,142.2,Moderate
65.9,113.5,47.8,25.1,0.99,35.6,114.3,Moderate
31.1,41.2,16.6,2.0,0.65,21.7,51.2,Satisfactory
22.3,37.9,5.7,5.1,0.0,20.5,36.1,Good
68.5,76.4,50.1,5.9,1.9,64.2,126.8,Moderate
58.2,79.2,35.3,29.3,0.91,56.6,98.3,Satisfactory
69.0,139.4,39.5,46.7,1.51,65.5,131.1,Moderate
51.7,64.3,49.5,13.2,2.34,60.4,94.6,Satisfactory
22.0,21.4,10.5,1.2,0.0,0.0,37.1,Good
82.9,142.4,63.6,39.9,1.09,63.9,178.0,Moderate
31.4,49.4,16.6,26.5,0.34,11.6,53.4,Satisfactory
30.7,59.2,4.2,0.0,0.04,65.5,64.6,Satisfactory
114.4,255.2,101.3,51.2,2.22,133.8,283.7,Poor
76.4,128.1,31.3,10.2,0.73,31.8,152.2,Moderate
77.2,123.6,71.1,33.6,1.88,73.6,154.5,Moderate
120.7,155.7,69.9,33.6,2.79,94.2,303.0,Very Poor
116.9,229.8,92.9,39.2,2.52,96.4,289.7,Poor
139.8,255.5,73.6,41.8,3.01,87.3,313.7,Very Poor
52.4,100.1,4.9,0.0,0.85,12.6,103.0,Moderate
108.7,195.2,70.0,15.8,2.2,59.7,263.2,Poor
38.9,32.8,13.5,9.5,0.0,13.0,65.5,Satisfactory
19.1,10.4,7.1,0.0,0.26,0.0,34.6,Good
70.2,177.8,66.5,24.7,1.85,23.2,154.8,Moderate
29.5,53.3,25.3,14.8,0.83,35.0,48.5,Good
178.6,317.2,74.9,45.5,2.78,136.0,351.3,Very Poor
70.6,104.9,22.0,13.6,0.0,53.3,129.8,Moderate
10.6,0.0,12.1,25.5,0.78,43.7,40.0,Good
12.1,0.0,0.0,10.4,0.16,9.9,22.7,Good
26.6,62.1,0.0,12.3,0.0,33.4,65.1,Satisfactory
20.4,15.5,17.5,13.0,0.54,0.0,33.3,Good
111.3,174.1,37.1,11.8,0.93,72.9,267.2,Poor
57.7,107.6,51.2,18.2,1.62,63.6,106.4,Moderate
110.4,191.5,40.5,48.9,1.5,43.9,274.9,Poor
31.3,22.3,26.0,0.0,0.82,3.9,51.0,Satisfactory
166.3,297.2,99.5,60.2,1.4,131.7,340.3,Very Poor
141.8,253.2,74.4,59.2,2.84,150.9,315.8,Very Poor
0.0,40.2,21.4,13.8,0.75,1.1,39.8,Good
36.2,55.1,46.6,19.3,0.83,10.9,54.9,Satisfactory
154.0,244.9,86.5,60.1,3.42,128.8,326.7,Very Poor
54.9,79.4,74.3,23.2,0.9,54.1,90.3,Satisfactory
6.5,4.8,11.0,13.6,0.24,21.5,21.5,Good
62.4,108.1,31.2,26.7,0.73,21.0,107.1,Moderate
30.8,44.7,31.5,3.2,0.4,16.0,47.1,Good
15.7,31.3,0.0,4.6,0.01,0.0,32.4,Good
65.2,89.0,75.5,22.5,0.99,53.9,117.5,Moderate
90.5,130.4,53.0,38.6,0.62,70.0,202.5,Poor
48.4,71.6,44.7,33.2,0.51,8.8,83.2,Satisfactory
132.3,228.9,76.8,72.6,2.98,94.2,315.3,Very Poor
60.6,88.6,52.6,26.4,2.12,18.5,102.9,Moderate
0.0,0.0,0.0,18.9,0.78,11.2,34.6,Good
94.4,154.2,39.0,42.6,0.96,74.6,209.5,Poor
113.1,150.5,69.6,35.8,2.88,123.9,277.8,Poor
60.9,118.1,47.3,20.3,0.76,55.7,113.4,Moderate
100.6,133.9,27.8,42.0,1.42,42.8,233.4,Poor
71.3,118.6,19.4,13.7,2.94,67.7,140.4,Moderate
49.0,43.9,5.1,25.2,0.05,0.0,84.2,Satisfactory
36.6,32.5,30.3,14.7,0.14,16.2,60.4,Satisfactory
20.6,39.1,32.7,14.6,0.94,17.4,51.5,Satisfactory
32.9,41.5,33.1,12.7,1.86,29.4,93.5,Satisfactory
43.5,94.1,35.2,16.1,0.54,29.6,95.8,Satisfactory
89.0,144.0,54.0,24.1,1.01,76.3,199.1,Moderate
129.5,175.6,80.9,28.9,2.62,87.1,307.8,Very Poor
83.4,178.3,39.9,18.4,1.89,62.4,181.3,Moderate
45.6,93.6,10.6,0.0,0.53,13.6,95.2,Satisfactory
31.3,45.7,0.0,6.8,0.16,32.2,46.1,Good
40.1,55.1,22.1,15.8,0.53,0.0,67.3,Satisfactory
50.2,26.3,23.0,9.6,1.54,22.9,82.8,Satisfactory
0.0,0.0,29.0,5.9,1.01,0.0,43.2,Good
12.2,24.5,3.7,11.8,0.85,28.3,42.8,Good
14.3,23.0,11.2,0.0,0.0,25.3,23.9,Good
63.2,116.6,49.8,30.2,2.04,69.0,107.5,Moderate
149.4,193.4,96.6,51.3,2.14,113.1,322.6,Very Poor
48.1,94.2,44.6,5.4,0.75,56.6,91.7,Satisfactory
89.2,111.8,44.7,30.1,0.95,88.7,193.7,Moderate
92.5,146.0,81.3,17.8,1.34,89.2,204.1,Poor
87.2,110.0,54.6,10.9,2.04,39.8,193.1,Moderate
20.6,37.0,0.0,18.1,0.98,47.8,50.0,Good
28.2,48.3,18.5,18.3,0.37,0.0,47.0,Good
49.1,44.3,23.1,2.1,0.0,22.9,86.5,Satisfactory
16.6,39.4,0.0,2.9,0.33,0.0,43.5,Good
107.2,185.2,76.1,18.9,3.18,85.0,258.5,Poor
0.0,2.7,0.0,0.6,0.9,33.2,46.0,Good
51.0,90.9,50.9,4.3,0.97,51.1,91.6,Satisfactory
20.4,4.4,17.8,9.2,0.0,16.0,33.0,Good
11.2,26.3,0.0,0.0,0.61,4.4,29.5,Good
63.2,108.3,33.8,0.0,0.95,22.8,107.7,Moderate
52.0,99.0,27.5,11.8,0.39,29.6,101.8,Moderate
66.3,105.8,0.0,8.7,1.29,76.4,124.9,Moderate
67.7,79.8,18.0,23.1,1.65,41.9,124.9,Moderate
36.0,54.5,41.8,9.8,1.27,34.8,64.4,Satisfactory
118.0,175.6,71.4,45.1,2.83,137.5,296.7,Poor
2.1,1.7,19.6,16.4,0.98,6.8,47.5,Good
33.6,52.2,33.7,18.9,0.45,25.2,55.2,Satisfactory
112.6,152.4,83.5,30.3,1.69,80.1,274.6,Poor
30.6,53.4,35.8,7.0,0.48,10.0,52.8,Satisfactory
22.6,46.1,34.2,20.6,1.4,47.6,69.4,Satisfactory
14.6,19.4,13.6,18.7,0.9,30.1,50.9,Satisfactory
57.9,73.4,27.8,7.3,0.38,0.7,95.6,Satisfactory
35.9,69.2,32.4,0.0,0.28,20.7,69.3,Satisfactory
72.4,118.8,2.5,22.1,1.06,49.8,140.0,Moderate
28.2,35.9,5.8,6.4,0.0,19.4,43.6,Good
96.3,136.8,33.2,25.8,0.75,48.3,223.0,Poor
69.4,132.0,36.6,32.9,1.71,34.4,128.4,Moderate
131.4,203.6,83.3,33.4,2.22,137.8,311.9,Very Poor
118.1,229.9,106.2,50.2,2.79,132.0,296.0,Poor
15.8,35.1,3.7,17.5,0.07,0.0,38.2,Good
47.2,74.3,44.8,1.2,1.5,10.9,80.5,Satisfactory
132.2,186.2,67.5,63.3,2.1,93.4,311.0,Very Poor
6.0,0.0,11.6,0.0,0.56,32.5,34.2,Good
6.5,16.1,49.8,8.2,0.0,14.9,60.3,Satisfactory
0.0,6.7,11.6,29.1,0.7,25.4,37.9,Good
73.1,139.5,44.8,20.1,1.52,43.2,143.0,Moderate
48.8,89.7,0.2,0.0,1.26,50.3,91.6,Satisfactory
115.1,139.8,55.8,41.9,1.62,73.3,283.4,Poor
0.0,0.0,12.5,0.0,0.54,18.0,27.1,Good
59.9,95.0,83.0,23.9,0.89,49.8,98.5,Satisfactory
105.2,201.6,70.7,23.6,1.77,48.8,250.2,Poor
90.2,123.4,26.8,9.5,1.13,20.8,197.1,Moderate
41.7,75.1,3.0,5.3,0.78,15.9,76.7,Satisfactory
0.5,26.8,6.6,0.0,0.43,15.8,24.3,Good
10.1,19.5,55.7,13.5,0.03,30.9,73.4,Satisfactory
28.3,45.9,39.9,0.0,0.81,13.1,47.0,Good
40.0,39.4,16.5,23.4,0.83,34.6,61.9,Satisfactory
35.6,49.0,3.2,1.4,0.38,19.8,56.9,Satisfactory
98.4,146.1,58.6,30.7,1.11,58.4,226.5,Poor
120.6,253.8,76.8,45.2,2.81,147.0,300.7,Very Poor
18.2,6.1,7.3,16.7,0.98,0.0,50.8,Satisfactory
14.9,12.3,43.0,31.4,0.81,37.8,58.2,Satisfactory
55.5,55.7,39.4,26.4,1.58,53.9,91.6,Satisfactory
7.2,0.6,0.0,3.8,0.0,30.0,28.3,Good
15.6,40.4,0.0,0.0,0.42,5.1,41.4,Good
0.0,9.0,13.1,0.0,0.43,14.6,18.0,Good
14.8,43.3,19.8,27.0,0.37,64.5,65.0,Satisfactory
43.0,88.2,7.1,0.0,0.0,0.0,89.6,Satisfactory
122.7,159.9,79.5,58.7,2.66,114.0,300.2,Very Poor
0.0,0.0,23.2,0.0,0.83,53.1,53.1,Satisfactory
68.2,120.0,35.5,20.0,0.93,38.3,127.5,Moderate
0.0,2.8,4.5,0.1,0.03,0.0,6.5,Good
11.6,14.1,29.2,17.6,0.55,9.1,38.2,Good
46.0,64.3,39.7,13.7,1.71,43.3,86.3,Satisfactory
47.0,69.3,27.3,19.9,0.51,36.4,78.6,Satisfactory
37.8,77.1,13.9,8.7,0.25,33.9,80.4,Satisfactory
92.5,149.1,45.1,32.1,1.32,56.6,214.0,Poor
36.2,46.1,0.0,0.0,0.56,16.9,54.2,Satisfactory
37.4,73.6,18.3,16.4,0.83,57.4,76.8,Satisfactory
40.6,70.6,29.2,22.7,1.51,17.2,70.8,Satisfactory
60.7,88.3,20.3,27.2,1.27,20.3,106.4,Moderate
87.3,187.0,96.6,39.9,3.11,111.8,193.9,Moderate
72.5,141.6,0.0,6.9,1.31,54.4,139.4,Moderate
26.8,61.8,22.6,0.0,0.32,43.0,57.6,Satisfactory
65.7,124.0,42.9,31.4,1.77,72.0,118.7,Moderate
37.0,113.9,20.2,3.8,0.78,0.0,104.0,Moderate
17.4,65.1,30.1,0.0,0.62,2.3,66.3,Satisfactory
58.3,113.9,50.9,15.7,1.01,70.4,106.5,Moderate
87.2,123.4,5.4,19.1,1.01,28.0,191.3,Moderate
59.3,137.9,32.5,27.0,0.52,78.0,125.6,Moderate
85.3,125.9,55.0,12.5,1.65,102.1,185.2,Moderate
48.0,95.4,40.8,34.9,1.29,86.7,97.8,Satisfactory
123.8,167.6,81.4,50.2,2.49,112.7,296.8,Poor
64.5,88.1,67.9,31.2,1.02,67.8,111.8,Moderate
15.0,36.7,25.5,8.6,0.57,0.0,40.8,Good
33.9,56.8,19.7,0.0,0.74,13.8,58.3,Satisfactory
62.0,138.9,54.7,37.9,0.79,37.0,125.2,Moderate
61.2,122.8,30.3,21.2,1.28,12.7,115.4,Moderate
1.8,0.0,33.0,10.3,1.47,17.1,80.2,Satisfactory
157.9,270.7,69.8,41.9,3.29,120.1,325.4,Very Poor
40.7,52.4,18.5,4.4,0.44,0.0,66.6,Satisfactory
106.7,176.5,63.8,28.3,1.05,45.6,257.4,Poor
31.5,39.9,41.5,8.9,1.24,43.8,57.0,Satisfactory
28.6,56.8,14.6,18.6,0.83,0.0,53.5,Satisfactory
25.8,29.4,54.5,26.1,1.58,85.5,84.9,Satisfactory
2.7,9.7,11.9,7.0,1.38,17.2,67.1,Satisfactory
112.8,222.6,124.0,50.5,2.82,85.7,281.6,Poor
10.3,23.1,0.0,11.7,1.03,26.1,51.5,Satisfactory
132.3,263.5,90.1,43.4,2.65,141.1,310.9,Very Poor
159.6,291.2,76.6,39.2,2.23,125.3,332.6,Very Poor
52.5,86.2,56.7,33.3,0.9,68.0,91.4,Satisfactory
38.0,65.1,12.4,0.0,0.31,4.5,62.5,Satisfactory
12.9,25.3,9.5,3.3,0.47,25.6,22.2,Good
67.1,92.4,36.5,15.5,1.11,36.3,121.6,Moderate
0.0,0.0,4.6,10.2,0.38,23.9,25.3,Good
21.9,24.8,0.0,6.4,0.0,14.6,34.5,Good
129.6,172.0,80.7,26.2,3.35,126.8,307.0,Very Poor
65.0,129.0,1.9,11.0,1.34,16.5,123.0,Moderate
114.2,203.7,56.2,12.5,1.17,50.8,280.9,Poor
71.8,124.8,54.2,21.8,1.66,78.7,142.2,Moderate
31.4,37.4,0.0,9.6,0.0,21.8,53.1,Satisfactory
71.5,116.9,15.2,3.7,0.0,64.4,138.3,Moderate
55.7,76.0,16.2,14.9,1.18,25.0,92.8,Satisfactory
74.5,104.7,32.7,1.7,0.89,13.4,151.9,Moderate
91.5,175.7,68.0,47.3,2.37,74.3,203.8,Poor
9.3,20.1,44.8,33.8,0.11,34.0,52.9,Satisfactory
97.4,167.0,90.3,27.4,2.7,80.1,220.5,Poor
98.9,176.2,39.1,22.1,0.87,92.3,236.2,Poor
53.1,79.2,15.3,9.3,0.65,22.7,88.7,Satisfactory
119.8,169.1,48.1,30.6,1.81,68.1,296.1,Poor
11.4,25.0,13.6,0.0,1.01,0.0,49.5,Good
35.6,52.3,63.3,16.0,1.03,6.2,79.0,Satisfactory
97.4,187.9,31.3,12.2,2.14,82.6,227.9,Poor
28.1,48.6,46.5,1.7,1.4,23.3,67.7,Satisfactory
41.4,67.2,36.0,26.2,1.14,74.3,78.4,Satisfactory
20.0,34.9,30.5,0.0,0.12,0.0,40.1,Good
27.1,47.3,22.0,9.1,0.22,9.4,40.7,Good
13.3,40.0,34.1,21.7,1.0,19.7,48.9,Good
103.5,141.4,38.6,28.8,1.93,46.4,246.5,Poor
69.0,89.2,41.0,14.8,1.12,31.8,131.2,Moderate
139.0,264.3,82.7,50.0,3.55,134.1,311.3,Very Poor
15.3,15.5,13.5,6.5,0.98,40.9,49.0,Good
73.4,137.4,45.5,19.9,1.0,68.9,146.7,Moderate
56.0,120.3,58.1,30.4,1.52,48.4,117.8,Moderate
30.2,43.1,55.9,18.9,0.69,31.1,69.2,Satisfactory
24.6,67.2,27.6,2.9,0.0,46.9,64.8,Satisfactory
43.0,34.9,30.3,8.9,0.14,0.0,76.4,Satisfactory
51.4,78.8,24.8,6.7,0.79,53.1,89.1,Satisfactory
0.0,13.3,18.3,0.0,1.13,21.7,57.0,Satisfactory
23.2,20.4,20.1,12.7,1.55,57.6,76.4,Satisfactory
42.5,64.6,32.6,26.8,0.52,3.7,70.5,Satisfactory
35.3,72.3,29.8,12.5,0.73,50.2,71.6,Satisfactory
74.7,114.3,60.9,18.5,1.73,75.9,152.3,Moderate
45.2,58.9,43.2,14.3,0.0,31.0,72.6,Satisfactory
125.0,226.8,79.0,54.6,2.38,135.1,299.8,Poor
0.0,7.6,34.8,19.1,0.8,15.7,44.1,Good
67.3,154.2,40.2,16.4,0.61,24.0,135.1,Moderate
61.9,124.1,37.7,21.9,2.16,59.4,116.9,Moderate
26.4,20.4,33.9,0.0,1.14,12.5,56.0,Satisfactory
43.0,62.5,32.1,7.3,1.14,38.2,71.4,Satisfactory
51.9,59.7,28.4,6.8,0.51,8.3,89.8,Satisfactory
49.9,71.0,0.0,27.9,1.66,66.1,85.2,Satisfactory
0.0,0.0,0.0,0.0,0.44,6.1,20.6,Good
49.4,48.7,57.0,17.6,1.94,55.5,95.1,Satisfactory
82.0,144.4,22.5,7.5,2.21,49.6,173.3,Moderate
74.0,94.3,51.4,28.1,1.49,51.1,149.5,Moderate
0.0,0.0,4.2,16.1,0.13,23.8,24.8,Good
61.0,68.4,1.9,17.5,0.47,58.7,102.7,Moderate
2.6,23.0,0.0,14.9,0.59,7.7,25.7,Good
88.5,139.2,67.1,27.1,1.68,85.6,199.6,Moderate
15.6,10.9,0.0,0.0,0.0,0.0,31.6,Good
7.7,24.1,29.4,0.0,0.62,0.0,35.5,Good
66.9,107.8,35.0,14.7,1.09,22.8,128.6,Moderate
103.6,124.1,54.8,32.2,1.96,76.1,242.8,Poor
126.3,225.3,83.5,47.2,2.94,117.8,299.6,Poor
4.5,0.0,12.0,20.1,0.0,0.0,23.4,Good
48.7,70.4,9.5,15.9,1.34,71.3,77.7,Satisfactory
0.0,5.4,7.0,0.0,1.6,5.8,82.9,Satisfactory
28.8,62.9,19.1,23.8,1.01,27.4,59.6,Satisfactory
8.2,0.0,0.0,12.5,1.01,0.0,55.7,Satisfactory
45.9,86.3,0.0,0.0,0.0,15.1,90.7,Satisfactory
106.4,162.2,33.6,25.0,1.19,61.8,254.1,Poor
35.7,81.6,54.9,28.2,0.83,32.5,82.3,Satisfactory
9.9,18.0,16.4,0.0,0.43,0.0,21.2,Good
45.8,56.1,34.9,8.4,1.12,35.2,75.8,Satisfactory
0.6,8.9,50.0,0.0,0.18,8.7,58.5,Satisfactory
56.5,102.9,18.5,13.0,1.18,27.7,100.8,Moderate
0.0,5.1,54.8,7.6,0.96,25.5,70.4,Satisfactory
77.7,138.3,41.0,29.1,2.77,76.3,159.6,Moderate
93.0,158.1,53.7,54.3,1.99,89.8,210.2,Poor
39.4,76.4,34.9,8.9,0.95,36.6,79.3,Satisfactory
63.5,89.8,42.5,7.1,1.11,57.7,113.9,Moderate
62.2,111.4,52.2,24.3,0.88,57.7,105.5,Moderate
0.0,0.2,26.1,0.0,0.07,20.6,31.3,Good
65.2,142.6,12.3,9.7,0.0,39.6,129.9,Moderate
97.8,179.3,93.7,54.5,2.87,104.9,226.8,Poor
45.6,89.6,18.8,17.6,0.38,7.6,85.5,Satisfactory
49.5,68.7,31.0,13.0,1.49,56.8,80.3,Satisfactory
66.0,103.4,45.2,17.8,0.72,31.7,128.1,Moderate
0.0,29.4,19.8,0.0,0.63,0.5,28.6,Good
27.4,36.7,39.6,22.3,0.65,54.2,57.2,Satisfactory
30.5,66.0,18.2,10.3,0.7,34.1,71.2,Satisfactory
125.2,168.9,60.7,66.3,1.98,95.9,306.1,Very Poor
31.8,88.4,67.7,37.6,1.23,84.3,87.7,Satisfactory
15.9,21.6,26.8,0.0,0.0,28.5,33.2,Good
141.7,286.6,68.0,44.6,2.91,114.7,315.3,Very Poor
12.5,0.0,17.9,0.0,0.65,3.1,28.5,Good
91.5,146.1,54.5,11.9,2.28,60.0,201.2,Poor
121.8,181.0,127.3,34.6,2.95,70.5,301.0,Very Poor
44.0,109.1,7.2,10.2,0.06,40.0,109.1,Moderate
49.5,107.1,26.5,24.3,1.21,55.2,101.6,Moderate
34.2,40.6,52.6,26.4,1.29,77.3,80.0,Satisfactory
77.6,97.0,51.7,21.0,0.71,71.0,161.1,Moderate
68.9,103.5,6.4,21.0,0.62,34.6,127.7,Moderate
55.3,109.4,65.6,31.0,2.03,51.7,110.4,Moderate
32.3,58.3,31.4,30.8,0.26,55.4,56.9,Satisfactory
10.3,0.0,0.7,12.5,0.75,19.7,35.8,Good
49.9,58.8,23.2,11.0,0.92,42.0,86.8,Satisfactory
11.3,30.2,39.1,11.7,0.94,2.6,46.7,Good
5.0,0.0,28.1,0.0,0.32,36.5,37.1,Good
17.8,13.1,0.0,8.1,0.82,30.3,44.4,Good
16.9,21.8,17.5,2.2,0.67,25.9,33.7,Good
1.0,20.2,0.0,4.6,0.19,19.6,23.0,Good
52.6,101.5,37.7,0.0,0.66,42.5,100.1,Moderate
12.2,22.4,18.0,10.7,0.0,0.0,24.9,Good
34.9,39.5,15.2,9.4,0.7,14.2,61.2,Satisfactory
18.1,33.8,35.6,9.3,0.72,60.4,58.3,Satisfactory
32.6,51.4,28.4,12.3,0.0,9.8,48.2,Good
60.0,79.1,30.5,13.8,0.63,0.2,101.0,Moderate
0.0,3.5,27.8,19.9,0.5,50.6,52.7,Satisfactory
102.7,188.2,32.6,28.2,1.36,58.9,245.9,Poor
30.2,48.8,32.7,0.0,0.11,32.7,52.8,Satisfactory
19.5,44.7,15.0,18.8,1.1,0.0,57.8,Satisfactory
0.0,12.9,12.5,4.3,1.03,39.1,53.3,Satisfactory
28.4,25.6,1.5,5.4,0.46,29.2,49.2,Good
28.2,49.3,47.2,9.0,1.42,64.1,72.1,Satisfactory
23.9,33.8,9.8,24.2,0.0,19.1,41.9,Good
126.7,245.5,83.7,48.2,1.89,136.5,308.5,Very Poor
76.0,94.3,36.9,25.5,2.32,77.8,151.5,Moderate
27.3,34.2,55.1,12.7,0.0,26.9,70.2,Satisfactory
25.7,8.5,13.3,2.6,0.48,24.8,46.6,Good
20.8,23.0,15.6,28.4,0.91,74.4,74.4,Satisfactory
54.6,65.3,60.4,22.4,1.1,92.7,91.0,Satisfactory
46.4,65.3,43.9,8.1,0.6,0.0,77.7,Satisfactory
27.1,44.4,53.5,14.5,0.45,34.6,66.7,Satisfactory
43.9,95.1,30.9,19.6,1.22,74.1,93.3,Satisfactory
28.3,29.8,41.4,9.1,1.7,6.3,88.2,Satisfactory
79.0,146.7,35.2,31.3,1.62,28.4,168.1,Moderate
11.1,43.8,11.0,15.8,0.0,19.3,44.3,Good
14.6,0.0,22.5,0.0,0.0,0.0,28.8,Good
60.1,113.1,56.6,18.4,1.18,79.2,111.5,Moderate
40.3,63.5,39.5,0.0,0.0,0.0,60.7,Satisfactory
45.1,78.1,34.0,11.0,1.42,12.7,76.1,Satisfactory
20.1,59.8,26.0,7.0,0.18,40.1,61.4,Satisfactory
39.7,61.4,16.3,1.7,0.6,34.0,70.3,Satisfactory
34.6,41.8,51.1,14.8,0.38,52.8,66.3,Satisfactory
0.0,0.0,18.2,5.7,0.12,36.1,34.3,Good
47.7,90.0,46.0,27.9,2.06,54.6,105.9,Moderate
0.0,20.2,0.0,10.3,0.24,45.6,43.1,Good
7.7,17.1,6.2,0.0,0.57,0.0,25.0,Good
46.9,73.6,62.0,15.7,1.67,52.7,86.2,Satisfactory
3.4,18.2,18.4,0.0,0.88,25.1,39.9,Good
44.6,55.1,80.1,15.3,0.97,82.6,102.9,Moderate
93.5,149.9,55.6,22.3,1.61,86.2,213.0,Poor
34.8,58.1,53.8,27.1,0.57,57.0,66.1,Satisfactory
0.0,0.0,25.7,12.2,1.04,49.7,57.2,Satisfactory
0.0,49.2,21.2,20.2,0.58,0.0,46.9,Good
37.4,44.5,33.4,19.0,0.0,30.3,60.8,Satisfactory
159.6,227.1,85.3,46.2,1.8,123.2,329.3,Very Poor
125.7,266.8,75.9,57.1,2.78,96.7,302.6,Very Poor
49.3,80.1,12.2,6.5,0.74,34.2,81.7,Satisfactory
112.3,197.4,59.0,26.7,1.76,69.5,276.8,Poor
22.5,16.7,29.3,0.9,0.57,31.8,33.0,Good
119.8,213.9,92.1,43.0,2.43,76.6,298.9,Poor
92.9,171.3,48.7,25.3,2.11,65.6,210.5,Poor
54.4,70.7,0.0,3.1,0.56,17.5,95.1,Satisfactory
60.9,126.9,32.0,18.1,1.29,35.4,114.7,Moderate
129.0,241.6,73.2,41.7,2.45,110.1,306.6,Very Poor
44.9,71.3,0.0,0.0,0.17,7.3,73.4,Satisfactory
37.8,54.7,35.3,22.5,0.72,70.6,77.3,Satisfactory
87.9,101.9,38.9,9.2,1.25,40.3,195.0,Moderate
85.9,160.1,46.7,29.1,1.73,90.4,188.8,Moderate
68.1,117.9,36.7,12.7,0.6,50.8,121.0,Moderate
19.6,49.3,4.7,11.0,0.17,15.6,49.1,Good
56.9,73.6,11.7,18.6,1.12,68.4,91.8,Satisfactory
45.4,76.4,31.6,10.9,0.9,10.3,79.0,Satisfactory
23.0,39.1,19.9,21.9,0.0,0.0,39.9,Good
52.4,82.5,40.2,24.4,0.93,64.3,87.5,Satisfactory
10.8,3.8,0.0,14.8,1.51,0.0,74.9,Satisfactory
141.0,175.0,78.9,46.8,2.97,85.5,317.0,Very Poor
0.0,0.0,7.3,1.1,0.23,19.8,20.6,Good
52.5,104.8,0.0,7.6,0.13,33.5,103.1,Moderate
43.1,108.1,35.6,23.3,0.73,32.5,107.8,Moderate
26.1,47.2,10.0,9.8,0.32,0.0,43.3,Good
151.5,289.1,90.8,44.0,2.23,100.7,325.2,Very Poor
113.2,184.9,39.1,30.9,1.65,62.5,277.3,Poor
29.5,72.6,15.4,17.2,1.22,62.7,75.5,Satisfactory
12.9,25.7,0.0,6.0,0.0,39.0,37.2,Good
19.9,48.4,22.4,14.1,0.66,0.0,46.2,Good
35.0,52.0,18.8,21.4,0.55,34.6,56.7,Satisfactory
40.0,71.2,15.6,2.3,0.8,33.1,66.7,Satisfactory
8.9,21.5,22.7,12.7,1.46,36.3,73.0,Satisfactory
79.9,125.1,3.7,10.3,0.65,54.2,168.5,Moderate
23.4,10.2,11.5,18.5,0.49,46.8,46.8,Good
0.0,20.8,33.3,8.9,0.24,0.0,44.8,Good
34.5,61.8,0.0,0.0,0.0,0.0,59.7,Satisfactory
36.1,22.1,18.5,8.6,0.84,20.1,59.1,Satisfactory
60.3,103.8,65.6,21.5,1.56,52.9,104.1,Moderate
112.1,173.6,78.2,46.6,2.83,87.9,274.9,Poor
68.1,102.0,31.0,16.4,0.26,51.9,127.2,Moderate
141.4,191.9,85.7,39.8,2.29,112.7,317.6,Very Poor
25.5,63.1,45.7,1.9,0.68,41.8,58.3,Satisfactory
45.7,63.5,26.4,17.2,0.57,0.0,76.5,Satisfactory
49.7,106.4,0.0,26.6,0.49,42.0,104.4,Moderate
147.0,214.1,101.3,50.7,2.56,101.8,319.9,Very Poor
44.7,80.5,89.3,32.7,1.36,88.8,112.1,Moderate
87.8,146.2,26.2,28.2,1.71,70.3,193.0,Moderate
49.0,100.6,28.0,17.2,0.75,7.3,101.1,Moderate
46.5,14.3,46.1,23.0,0.17,21.5,81.9,Satisfactory
90.2,136.2,52.8,23.2,1.75,55.1,195.2,Moderate
0.0,0.0,0.0,9.7,0.27,22.1,23.6,Good
86.0,135.1,55.3,47.9,1.56,72.7,186.4,Moderate
19.0,33.7,21.3,1.8,0.78,29.3,36.2,Good
70.1,100.6,77.8,16.3,0.8,49.3,134.3,Moderate
19.5,65.9,0.5,8.4,0.92,1.8,68.0,Satisfactory
6.9,3.2,40.4,27.1,0.2,23.0,54.6,Satisfactory
43.3,99.2,35.7,15.1,0.0,47.8,101.4,Moderate
65.3,108.8,0.0,5.8,1.0,48.5,116.0,Moderate
75.1,118.7,42.0,14.4,0.93,101.2,149.6,Moderate
39.2,40.6,28.5,14.2,0.21,52.8,63.6,Satisfactory
4.8,11.4,25.4,0.0,0.0,0.0,30.4,Good
10.7,29.9,3.7,5.8,0.0,26.6,34.9,Good
106.6,164.0,51.3,27.8,1.9,82.7,252.8,Poor
111.3,203.8,13.2,32.0,1.69,85.5,267.8,Poor
31.9,60.7,27.7,12.0,1.13,12.7,58.3,Satisfactory
0.0,0.0,23.8,0.0,0.71,0.0,39.8,Good
40.7,67.8,0.0,6.3,0.0,9.9,65.9,Satisfactory
45.8,69.7,38.9,34.6,2.04,37.3,102.7,Moderate
47.3,69.9,28.7,0.8,0.46,22.5,77.2,Satisfactory
75.5,108.1,56.6,43.7,2.0,91.3,150.3,Moderate
21.9,53.7,14.8,20.5,0.75,25.8,52.6,Satisfactory
94.7,142.1,57.1,33.4,2.05,101.2,214.3,Poor
47.2,69.4,19.0,13.2,0.0,0.0,77.1,Satisfactory
123.0,182.0,54.7,40.2,2.77,123.1,298.2,Poor
15.1,35.1,38.8,10.3,1.02,18.1,51.2,Satisfactory
53.3,95.5,40.6,22.7,0.78,60.4,95.0,Satisfactory
51.3,76.4,9.7,7.9,1.17,47.4,84.8,Satisfactory
82.1,161.9,34.9,17.9,0.0,14.0,172.9,Moderate
134.6,171.3,95.6,44.6,2.55,128.5,308.1,Very Poor
128.0,196.7,70.7,43.4,2.52,109.6,304.2,Very Poor
0.0,9.6,0.8,0.0,0.0,7.0,10.0,Good
1.1,0.0,17.5,3.7,0.18,0.0,19.0,Good
18.9,29.3,9.5,19.8,0.07,40.7,41.4,Good
95.8,137.9,69.6,53.4,2.81,132.0,219.8,Poor
100.1,144.7,52.0,33.3,2.72,81.4,236.3,Poor
104.8,169.0,32.5,40.0,1.13,82.1,246.7,Poor
90.4,148.7,43.0,31.8,2.03,46.5,198.1,Moderate
66.3,82.8,36.4,0.0,0.58,11.8,123.5,Moderate
33.0,57.3,13.7,11.4,0.39,59.9,58.6,Satisfactory
71.7,109.9,22.3,17.1,1.58,65.5,136.4,Moderate
143.8,272.1,72.4,37.1,3.09,113.0,311.7,Very Poor
24.0,56.2,44.5,12.0,0.33,23.8,52.5,Satisfactory
29.7,53.5,7.8,14.2,0.44,48.4,46.5,Good
26.0,42.6,22.6,0.0,1.67,9.3,79.9,Satisfactory
53.9,90.1,8.5,0.0,0.0,14.5,93.9,Satisfactory
11.1,7.4,0.0,17.0,0.81,30.8,40.9,Good
10.0,14.5,34.7,16.2,0.31,28.6,37.7,Good
119.9,220.0,62.0,34.2,1.19,43.0,297.8,Poor
65.8,95.5,13.4,13.6,1.55,10.9,119.0,Moderate
0.0,0.0,2.5,12.3,0.57,0.0,27.3,Good
32.0,40.8,16.3,10.2,1.02,44.7,53.9,Satisfactory
0.0,0.0,11.1,0.2,0.0,63.4,64.3,Satisfactory
132.3,183.1,83.3,34.5,3.0,93.5,312.7,Very Poor
156.2,268.8,74.0,53.1,1.71,110.9,326.2,Very Poor
13.9,17.1,20.1,14.8,0.42,25.5,24.6,Good
167.4,343.6,94.5,47.1,2.48,128.0,333.7,Very Poor
37.0,53.1,56.1,23.3,1.84,66.4,91.8,Satisfactory
8.3,28.5,10.4,0.0,0.25,4.2,31.9,Good
98.3,152.8,61.8,49.4,2.22,121.3,227.4,Poor
105.6,186.3,42.4,34.1,0.92,20.4,247.1,Poor
59.6,66.6,45.5,22.1,1.24,22.7,99.8,Satisfactory
64.6,89.9,52.9,34.0,0.82,64.5,117.7,Moderate
40.2,61.0,0.0,0.5,1.83,44.7,95.8,Satisfactory
88.2,140.5,54.5,24.3,1.81,54.4,195.6,Moderate
4.0,0.0,1.7,22.9,0.0,22.7,25.8,Good
142.1,216.4,60.2,30.0,2.16,83.9,317.3,Very Poor
46.9,58.7,26.5,7.7,1.08,67.7,80.4,Satisfactory
67.9,106.8,50.6,20.5,0.33,26.3,127.4,Moderate
38.7,53.0,11.7,23.8,0.62,33.5,67.6,Satisfactory
173.4,234.3,100.6,35.7,2.55,106.8,341.7,Very Poor
51.5,94.2,43.8,21.9,0.74,77.6,97.3,Satisfactory
158.8,229.1,96.9,51.0,2.55,80.5,330.6,Very Poor
56.1,97.4,9.9,11.2,1.58,38.2,95.8,Satisfactory
147.7,228.6,91.5,47.2,2.97,104.1,318.5,Very Poor
27.5,50.7,31.2,4.5,0.36,0.0,50.0,Good
58.4,71.5,31.1,0.0,0.28,45.6,95.5,Satisfactory
30.4,46.6,33.8,3.8,1.24,11.2,63.4,Satisfactory
45.5,86.2,3.6,4.1,0.7,24.6,83.4,Satisfactory
76.9,136.9,39.3,25.7,2.02,65.5,158.1,Moderate
40.8,69.3,16.7,22.2,0.0,22.6,67.3,Satisfactory
24.5,40.4,33.2,0.0,1.52,73.1,78.6,Satisfactory
48.3,54.7,11.9,25.9,1.3,44.0,81.5,Satisfactory
48.0,74.3,21.6,25.2,0.83,34.6,84.3,Satisfactory
86.8,148.2,36.9,21.5,1.65,64.3,191.1,Moderate
57.4,135.9,27.6,26.1,0.0,29.7,119.5,Moderate
6.1,0.0,20.7,3.7,1.42,38.2,71.0,Satisfactory
24.2,38.4,8.0,9.5,0.0,18.7,38.3,Good
105.8,169.2,25.9,41.4,2.18,47.3,250.0,Poor
12.1,17.0,11.2,32.1,0.35,35.5,40.8,Good
29.4,37.9,6.8,22.3,0.0,30.1,43.7,Good
2.5,8.0,10.3,0.0,1.36,18.5,67.9,Satisfactory
57.2,110.2,60.5,16.4,2.18,49.5,105.5,Moderate
15.1,18.4,20.9,34.5,1.14,35.2,48.8,Good
24.2,38.7,30.4,0.0,1.07,65.0,63.0,Satisfactory
5.2,0.0,6.2,0.1,1.04,38.1,56.4,Satisfactory
81.1,121.0,57.2,13.5,1.1,39.7,164.2,Moderate
49.8,73.9,25.2,6.9,1.6,4.5,78.5,Satisfactory
2.5,14.2,17.1,8.3,0.42,3.3,19.1,Good
74.7,145.9,59.6,35.8,0.97,50.7,150.7,Moderate
157.4,273.4,71.6,44.1,2.18,94.5,323.6,Very Poor
44.7,87.5,36.0,14.5,1.61,41.5,84.9,Satisfactory
138.8,240.6,71.6,30.2,2.95,105.5,312.9,Very Poor
16.8,50.9,27.9,0.0,1.43,59.7,75.3,Satisfactory
19.1,30.9,3.7,0.0,0.71,39.2,39.0,Good
31.4,43.8,0.0,0.0,0.0,20.7,56.0,Satisfactory
53.9,120.9,19.4,0.8,0.93,37.6,113.4,Moderate
32.4,73.1,5.0,5.2,0.4,0.0,74.4,Satisfactory
47.3,85.5,21.9,17.6,0.56,23.1,86.5,Satisfactory
46.8,99.3,53.0,24.6,1.01,45.1,98.4,Satisfactory
144.6,240.1,107.0,43.0,1.64,150.7,317.0,Very Poor
81.9,169.2,46.5,37.9,1.66,119.9,176.3,Moderate
28.8,8.1,27.1,13.5,0.0,0.0,49.4,Good
167.7,259.0,91.1,41.3,3.23,99.2,341.7,Very Poor
0.0,0.0,0.0,0.0,0.55,2.8,24.8,Good
59.8,77.1,15.0,16.4,0.74,29.1,103.2,Moderate
60.7,113.8,62.7,16.3,2.53,70.6,114.8,Moderate
12.7,20.9,18.5,4.3,1.0,53.7,46.8,Good
33.1,72.0,0.0,11.2,0.62,28.6,73.2,Satisfactory
149.5,194.6,92.0,51.0,3.32,110.9,322.1,Very Poor
0.0,0.0,23.5,0.0,0.56,16.7,24.8,Good
12.1,39.0,26.3,19.5,1.47,56.5,73.6,Satisfactory
87.7,127.0,65.0,28.1,1.82,68.6,191.3,Moderate
88.0,133.3,59.6,18.2,1.16,29.3,194.5,Moderate
104.1,185.8,30.8,31.8,1.23,36.3,248.3,Poor
16.8,18.3,1.8,4.4,0.48,57.9,52.9,Satisfactory
82.9,121.3,45.3,28.3,1.31,105.4,172.4,Moderate
47.6,76.2,39.5,24.0,0.44,64.2,79.6,Satisfactory
77.9,191.7,41.9,53.1,1.17,71.4,162.7,Moderate
53.1,92.3,51.3,12.6,1.28,38.9,95.0,Satisfactory
37.9,76.3,0.4,13.1,0.0,31.8,76.7,Satisfactory
95.1,175.6,47.1,24.9,1.13,69.6,212.3,Poor
46.9,86.2,45.4,0.0,0.68,46.0,91.5,Satisfactory
77.2,137.0,72.6,13.9,1.82,43.3,153.5,Moderate
63.3,97.0,44.8,40.3,1.38,59.6,111.0,Moderate
37.1,55.1,10.1,32.8,0.68,19.6,61.0,Satisfactory
64.9,102.1,30.2,27.4,2.2,53.4,118.2,Moderate
66.4,131.7,60.2,21.9,1.39,103.2,122.1,Moderate
60.6,128.6,31.0,13.6,1.04,22.8,122.0,Moderate
73.9,133.5,55.5,20.8,1.52,42.3,148.0,Moderate
62.9,91.7,20.0,13.8,0.0,51.5,109.2,Moderate
108.3,215.7,37.4,21.5,1.63,58.9,259.3,Poor
41.7,67.2,17.8,12.5,1.59,66.5,85.4,Satisfactory
19.2,28.8,0.0,10.7,0.38,19.5,29.5,Good
3.6,9.8,0.0,17.8,0.75,46.2,52.2,Satisfactory
84.5,155.1,39.0,9.6,1.75,57.0,185.5,Moderate
40.5,51.8,13.9,5.5,0.81,22.9,75.3,Satisfactory
58.7,113.7,21.6,40.2,0.79,22.9,106.8,Moderate
41.7,86.4,40.3,38.5,2.61,62.1,111.3,Moderate
12.7,25.3,25.3,16.4,1.45,21.9,72.8,Satisfactory
98.6,162.6,53.8,20.9,0.86,71.1,231.1,Poor
118.4,179.8,69.2,19.8,1.42,54.5,291.9,Poor
41.6,71.9,16.6,29.7,0.55,16.4,71.6,Satisfactory
121.2,172.3,55.7,35.2,0.7,47.1,303.6,Very Poor
112.7,214.3,103.8,52.2,2.76,119.4,279.1,Poor
66.1,122.1,48.7,49.2,1.68,93.0,119.1,Moderate
37.9,95.6,11.4,15.0,1.11,34.5,93.1,Satisfactory
152.7,300.7,63.3,35.2,2.56,99.4,326.8,Very Poor
49.8,69.7,51.7,0.0,1.07,23.1,84.4,Satisfactory
42.9,52.5,47.2,44.4,1.63,83.0,80.8,Satisfactory
33.9,32.5,31.6,12.9,1.01,47.0,52.9,Satisfactory
23.2,46.9,50.4,15.9,1.53,42.7,76.7,Satisfactory
13.3,8.8,30.3,5.5,1.05,0.0,60.0,Satisfactory
37.0,52.8,27.0,8.8,0.0,18.9,64.9,Satisfactory
24.9,0.0,16.6,11.2,0.44,55.2,56.7,Satisfactory
62.4,104.1,17.9,0.0,0.64,22.9,102.5,Moderate
81.6,138.0,43.5,18.9,1.96,16.5,169.6,Moderate
46.2,63.2,24.6,6.8,0.25,22.5,77.5,Satisfactory
56.3,85.3,20.4,9.8,0.07,30.3,92.7,Satisfactory
68.0,94.2,40.7,13.6,0.86,27.2,127.6,Moderate
38.8,71.1,47.2,0.0,0.0,20.6,68.2,Satisfactory
20.5,19.4,8.8,11.5,0.0,44.8,43.2,Good
121.6,214.3,94.8,59.5,2.13,125.1,297.9,Poor
41.5,78.1,22.8,0.0,0.42,0.8,73.3,Satisfactory
37.0,72.3,0.0,7.4,0.9,9.9,70.1,Satisfactory
84.0,177.2,45.1,28.0,0.93,78.3,180.4,Moderate
29.9,40.8,6.8,8.4,0.0,8.9,49.9,Good
11.2,39.8,15.5,13.4,0.32,19.5,35.4,Good
107.2,218.8,50.9,35.4,3.11,74.6,254.1,Poor
107.8,171.3,71.2,26.0,2.89,59.4,268.3,Poor
115.7,231.9,102.5,41.1,2.72,111.7,287.3,Poor
52.6,35.3,42.9,30.9,0.94,2.9,89.9,Satisfactory
70.8,124.6,44.2,15.5,0.93,49.7,135.9,Moderate
4.2,6.2,0.0,0.5,0.1,0.0,10.4,Good
67.1,104.8,64.1,27.3,1.62,14.1,126.1,Moderate
144.5,247.1,77.5,41.8,2.14,139.2,321.8,Very Poor
91.1,158.0,66.1,49.3,1.61,60.2,205.3,Poor
14.3,0.0,23.0,0.0,0.0,20.8,27.8,Good
70.5,153.5,41.6,28.4,1.04,0.9,137.2,Moderate
12.4,2.8,42.2,11.9,1.04,34.8,53.1,Satisfactory
3.5,0.6,32.9,0.0,1.53,21.0,76.6,Satisfactory
31.2,65.2,40.6,20.7,1.46,45.8,70.1,Satisfactory
21.5,3.6,15.4,25.3,0.3,22.5,38.2,Good
52.3,80.9,23.8,0.0,0.82,21.8,88.1,Satisfactory
28.6,16.3,24.9,7.8,0.59,0.0,51.5,Satisfactory
149.6,258.5,82.4,28.2,2.46,113.0,322.7,Very Poor
21.8,45.6,34.4,0.0,1.21,16.3,58.3,Satisfactory
53.4,88.8,13.8,0.0,1.37,11.1,89.8,Satisfactory
7.3,22.7,18.4,13.3,0.91,8.9,46.2,Good
42.7,71.4,25.1,24.1,0.98,7.6,77.6,Satisfactory
19.1,33.3,0.0,21.8,0.06,42.1,47.9,Good
0.0,17.0,13.0,5.8,0.96,27.5,45.8,Good
24.0,45.1,5.7,2.7,0.82,42.0,48.3,Good
47.5,102.2,2.8,0.0,0.83,41.5,99.0,Satisfactory
23.3,50.0,43.3,0.0,0.67,20.3,50.1,Satisfactory
149.3,258.9,102.8,44.8,2.4,97.2,316.6,Very Poor
77.2,154.1,42.0,9.0,2.04,79.6,162.1,Moderate
23.7,64.7,36.0,0.0,0.77,0.0,61.2,Satisfactory
55.5,64.3,29.7,13.8,1.01,10.0,92.8,Satisfactory
160.7,219.0,95.4,48.0,3.07,115.7,333.8,Very Poor
65.2,121.6,34.4,22.5,2.34,61.6,118.1,Moderate
38.7,35.9,56.4,9.5,1.2,84.9,85.4,Satisfactory
31.2,25.3,0.0,17.2,0.0,0.0,54.9,Satisfactory
123.3,196.7,90.1,50.5,3.46,99.8,301.1,Very Poor
28.4,35.8,26.9,38.0,1.82,37.6,90.5,Satisfactory
17.4,0.0,14.8,0.0,0.71,0.0,36.3,Good
133.2,241.8,95.6,43.2,1.89,101.2,309.5,Very Poor
36.0,35.3,51.2,15.5,1.33,54.2,72.7,Satisfactory
152.2,255.4,68.2,35.2,2.76,106.9,327.7,Very Poor
51.2,66.4,49.2,15.3,2.0,63.2,99.6,Satisfactory
49.8,63.1,43.5,30.8,1.06,28.2,81.6,Satisfactory
27.8,55.8,9.4,3.4,0.95,6.4,59.9,Satisfactory
2.7,12.2,0.2,4.5,0.61,7.5,33.1,Good
9.5,23.8,8.0,21.8,0.71,16.7,39.3,Good
106.1,165.0,59.5,10.6,2.31,41.8,249.7,Poor
0.0,0.0,40.6,15.9,0.53,3.2,50.4,Satisfactory
147.9,260.1,114.8,37.5,1.98,116.2,322.1,Very Poor
41.9,53.4,36.4,16.8,1.32,41.9,72.0,Satisfactory
40.0,76.9,18.2,7.9,0.79,16.4,79.7,Satisfactory
24.4,34.9,17.8,9.0,1.43,28.5,70.6,Satisfactory
36.1,54.4,25.7,24.2,0.98,12.0,59.9,Satisfactory
31.2,78.5,16.9,12.1,0.31,34.2,73.9,Satisfactory
17.4,34.0,19.7,13.2,0.68,30.9,38.9,Good
44.0,84.8,70.8,27.5,0.62,80.6,88.6,Satisfactory
10.8,31.9,23.8,3.0,0.27,20.5,30.7,Good
23.3,61.9,18.1,4.5,0.3,19.0,59.4,Satisfactory
125.1,216.3,83.7,50.5,2.09,93.7,299.1,Poor
78.7,161.0,41.6,28.5,1.36,98.0,166.2,Moderate
15.6,61.6,0.0,0.0,1.3,0.0,61.8,Satisfactory
23.6,55.4,30.6,0.0,1.61,43.0,80.0,Satisfactory
37.4,50.2,44.1,22.1,0.98,14.0,61.2,Satisfactory
21.0,60.2,47.3,4.8,0.63,20.8,61.5,Satisfactory
99.4,165.4,69.6,24.1,1.56,95.8,234.6,Poor
66.5,118.6,48.4,33.9,0.53,31.0,118.6,Moderate
136.3,181.9,73.8,55.3,2.41,99.3,315.9,Very Poor
65.5,95.3,70.0,34.3,0.69,91.3,124.0,Moderate
67.4,104.9,55.2,35.2,2.01,56.2,122.9,Moderate
12.2,18.8,53.9,20.0,1.0,51.6,71.7,Satisfactory
38.3,69.9,24.5,4.2,0.71,4.0,72.6,Satisfactory
121.6,241.3,88.8,49.6,1.41,119.0,300.4,Very Poor
43.1,81.0,14.8,0.0,0.02,26.5,82.7,Satisfactory
139.1,219.8,82.3,51.6,2.8,135.8,318.1,Very Poor
32.8,54.8,0.0,5.2,0.53,0.0,56.1,Satisfactory
22.8,31.9,8.1,22.6,0.93,73.5,74.4,Satisfactory
36.5,72.8,0.0,12.4,1.21,33.9,74.6,Satisfactory
137.4,250.8,86.3,38.3,1.98,110.7,316.7,Very Poor
102.8,167.6,58.1,24.1,1.58,55.7,242.9,Poor
44.8,76.5,26.5,6.9,0.57,53.2,75.0,Satisfactory
30.4,36.0,14.1,3.2,0.37,19.3,48.4,Good
50.2,95.6,65.8,45.1,1.29,42.6,97.6,Satisfactory
45.4,67.5,20.8,26.0,0.47,49.1,73.7,Satisfactory
53.0,92.9,29.7,25.8,0.83,24.9,93.4,Satisfactory
16.8,33.1,10.2,19.4,1.51,39.3,71.4,Satisfactory
64.6,86.1,59.4,36.0,1.73,83.0,114.5,Moderate
80.5,141.5,29.3,7.5,1.49,62.3,168.7,Moderate
167.2,294.4,89.5,48.6,3.15,102.7,333.9,Very Poor
29.9,29.7,4.4,6.9,0.61,0.0,52.0,Satisfactory
140.2,294.5,84.7,57.8,2.62,112.8,316.4,Very Poor
66.5,133.9,35.4,14.4,0.83,46.7,125.9,Moderate
52.6,98.3,13.0,33.8,0.75,29.1,100.1,Moderate
33.3,83.9,49.5,8.6,1.21,35.9,80.5,Satisfactory
103.7,177.2,102.9,24.6,2.81,114.9,240.6,Poor
118.3,162.4,88.8,58.7,3.18,102.8,291.7,Poor
0.0,0.0,0.0,5.6,0.36,5.5,16.7,Good
33.4,59.5,49.5,19.2,1.11,55.2,64.7,Satisfactory
106.5,198.8,39.6,34.8,1.5,37.8,248.7,Poor
69.3,115.8,9.9,19.3,1.75,77.3,129.6,Moderate
77.8,95.2,51.7,39.0,0.86,78.0,158.6,Moderate
52.6,92.0,65.4,35.8,0.32,82.8,97.0,Satisfactory
83.1,149.7,64.2,26.1,1.53,51.8,177.6,Moderate
68.5,146.4,50.1,30.6,0.38,23.5,129.4,Moderate
68.3,83.1,41.3,18.1,1.81,63.7,127.0,Moderate
70.8,84.0,52.5,11.1,2.2,50.5,141.5,Moderate
37.9,50.9,28.8,8.7,0.67,31.3,64.2,Satisfactory
104.1,124.3,62.8,25.4,0.65,85.8,250.7,Poor
41.4,69.9,52.1,21.7,1.04,61.1,72.9,Satisfactory
154.7,204.4,114.5,38.2,2.79,130.1,323.9,Very Poor
45.6,97.5,25.9,32.0,0.02,36.3,93.1,Satisfactory
3.2,0.0,8.0,0.0,0.32,24.2,19.6,Good
29.3,23.1,7.0,16.3,0.89,23.3,55.4,Satisfactory
72.6,139.7,43.8,7.6,1.81,33.6,143.2,Moderate
132.0,179.9,58.4,41.9,2.2,121.0,310.6,Very Poor
102.8,169.8,84.6,55.7,1.7,108.1,244.5,Poor
95.0,187.5,0.0,3.5,1.17,38.2,217.7,Poor
11.1,42.8,13.5,0.0,0.25,0.0,40.9,Good
155.9,244.6,82.2,33.9,2.44,113.7,329.4,Very Poor
118.5,158.4,65.2,52.7,2.08,129.7,296.3,Poor
40.6,91.6,40.5,27.8,1.91,79.7,96.6,Satisfactory
70.6,112.0,40.2,18.7,2.24,84.0,135.4,Moderate
38.0,38.8,30.4,25.9,0.35,39.8,66.4,Satisfactory
31.5,56.6,15.9,6.0,0.94,25.3,53.0,Satisfactory
54.6,62.4,12.4,13.0,1.34,17.2,92.7,Satisfactory
80.9,120.4,0.0,13.9,0.0,24.0,164.6,Moderate
88.0,119.2,11.0,24.6,1.16,53.4,189.7,Moderate
90.3,147.5,56.1,10.1,1.47,55.4,201.4,Poor
62.4,80.4,16.3,5.8,0.87,45.5,109.1,Moderate
134.5,268.1,103.3,53.6,3.53,121.2,308.6,Very Poor
138.1,226.6,107.0,44.1,3.06,116.2,314.3,Very Poor
111.3,225.5,117.4,23.8,2.91,110.9,270.6,Poor
0.0,0.0,28.6,11.1,0.0,36.8,38.5,Good
94.3,153.1,47.3,45.7,1.34,51.3,214.0,Poor
63.4,47.4,41.2,12.6,1.63,21.2,113.1,Moderate
19.9,42.5,30.9,19.2,1.31,5.6,60.7,Satisfactory
72.1,111.7,10.5,11.3,1.29,6.6,138.7,Moderate
57.0,81.9,31.9,19.3,1.09,21.6,95.8,Satisfactory
0.0,0.0,10.7,0.0,0.0,0.8,16.8,Good
28.3,62.2,0.0,5.1,0.69,37.8,61.9,Satisfactory
72.4,79.5,64.0,20.1,2.59,58.7,139.8,Moderate
15.6,12.0,26.8,10.6,0.38,22.5,37.1,Good
145.1,248.5,126.6,49.3,2.95,109.4,312.4,Very Poor
88.0,129.9,70.8,27.7,1.28,57.8,193.6,Moderate
22.4,49.8,18.8,2.0,0.0,0.0,54.5,Satisfactory
23.5,21.3,0.0,0.0,0.17,50.6,50.7,Satisfactory
127.7,176.4,95.8,38.9,2.53,102.8,308.1,Very Poor
1.3,11.5,14.8,15.1,0.46,0.0,25.2,Good
51.0,67.9,65.1,19.9,1.08,58.8,88.0,Satisfactory
45.0,86.6,39.8,2.2,1.23,31.0,85.4,Satisfactory
4.3,9.4,9.4,8.2,0.64,9.1,29.6,Good
135.4,193.1,89.2,42.2,3.23,84.2,312.0,Very Poor
22.7,50.1,39.4,4.8,0.87,17.0,51.4,Satisfactory
37.5,76.3,41.1,10.9,0.64,8.4,76.9,Satisfactory
85.0,140.4,56.6,24.4,1.53,89.4,183.8,Moderate
122.7,204.3,111.6,54.7,3.26,88.5,306.4,Very Poor
117.3,214.1,39.3,31.1,1.05,53.1,292.1,Poor
117.3,228.0,61.1,42.5,2.91,125.0,293.4,Poor
137.0,195.4,101.5,48.3,2.61,94.6,316.5,Very Poor
57.7,112.4,59.9,32.1,0.83,71.2,107.3,Moderate
34.5,73.6,26.8,27.3,0.0,33.9,75.7,Satisfactory
63.5,122.6,41.8,28.5,0.43,27.2,120.3,Moderate
92.8,134.6,111.7,48.8,2.45,97.3,210.3,Poor
68.1,124.1,17.1,24.3,1.69,36.0,127.9,Moderate
55.9,101.0,40.8,44.5,1.75,46.6,103.3,Moderate
29.4,58.7,15.4,6.6,0.85,0.0,53.2,Satisfactory
45.6,50.8,14.9,9.2,1.08,22.4,75.1,Satisfactory
87.0,157.3,65.4,32.2,1.7,53.4,186.9,Moderate
108.2,216.1,96.4,54.5,2.57,125.4,257.6,Poor
42.5,70.0,13.1,13.2,0.5,3.6,70.3,Satisfactory
41.6,56.6,15.1,0.2,0.27,0.0,72.4,Satisfactory
43.4,46.8,0.0,3.2,0.42,2.7,71.8,Satisfactory
69.7,92.1,48.0,12.2,0.32,30.7,133.5,Moderate
48.9,66.0,10.0,27.1,0.09,35.2,80.0,Satisfactory
5.2,23.6,31.9,10.3,0.24,20.2,42.3,Good
72.2,147.2,69.1,33.0,1.25,69.7,141.5,Moderate
15.2,14.4,8.4,0.3,0.0,36.2,35.9,Good
23.7,73.4,18.1,16.6,1.49,33.2,75.7,Satisfactory
23.2,44.5,11.3,0.0,0.35,28.1,45.3,Good
147.3,328.7,99.0,45.4,2.52,119.4,320.9,Very Poor
126.4,221.7,93.0,62.5,2.15,99.9,313.2,Very Poor
102.8,113.0,50.0,30.3,0.77,68.7,241.5,Poor
40.7,70.3,20.4,47.5,1.87,37.8,97.4,Satisfactory
27.4,28.7,0.0,0.0,0.0,31.4,49.2,Good
17.2,32.8,60.4,0.0,0.33,49.5,78.1,Satisfactory
103.8,195.7,39.8,42.7,1.79,90.4,247.1,Poor
91.1,160.6,38.5,25.2,1.23,53.0,208.8,Poor
5.8,7.9,21.3,11.8,0.9,27.4,50.4,Satisfactory
0.0,0.0,1.5,0.0,0.42,18.2,26.7,Good
9.8,6.4,19.4,0.0,0.43,16.8,21.6,Good
14.0,31.1,27.5,11.1,0.14,1.7,33.2,Good
0.0,0.0,23.5,0.0,0.02,32.2,34.8,Good
53.9,110.9,56.9,18.9,1.74,33.4,104.5,Moderate
59.7,119.3,39.9,15.3,0.65,23.9,109.7,Moderate
69.9,95.5,67.6,23.3,1.46,73.0,128.9,Moderate
33.3,61.8,22.3,4.9,1.5,23.3,67.8,Satisfactory
71.3,119.1,44.2,25.9,1.77,42.4,137.0,Moderate
40.0,52.1,51.3,15.2,1.88,46.0,98.9,Satisfactory
18.4,0.0,19.7,0.0,1.2,34.6,64.4,Satisfactory
124.9,191.9,81.9,32.0,2.83,103.8,303.5,Very Poor
134.5,186.3,69.4,28.4,1.42,110.9,308.6,Very Poor
162.4,230.1,80.8,54.0,3.13,108.2,329.6,Very Poor
124.2,209.1,96.1,47.5,3.06,106.0,303.7,Very Poor
168.5,307.4,106.1,36.4,2.82,131.8,341.8,Very Poor
101.8,196.5,85.2,59.9,1.54,89.1,243.7,Poor
10.0,34.3,27.3,0.0,0.0,19.0,31.8,Good
47.4,110.0,32.9,23.6,0.0,47.7,108.1,Moderate
44.0,66.4,63.7,11.8,1.6,91.8,93.3,Satisfactory
73.1,97.8,63.6,47.9,1.83,60.2,143.0,Moderate
37.0,50.7,29.8,20.8,1.65,0.0,75.0,Satisfactory
164.6,305.7,85.2,63.8,2.89,101.0,333.2,Very Poor
0.0,0.0,37.3,7.2,0.0,23.1,51.0,Satisfactory
39.2,81.2,0.0,9.7,0.08,41.3,78.0,Satisfactory
139.8,209.7,99.9,57.6,2.88,117.0,318.3,Very Poor
14.6,0.0,40.6,28.3,1.12,42.6,56.2,Satisfactory
25.7,50.2,68.6,38.3,1.89,72.8,95.3,Satisfactory
48.4,56.3,31.2,5.2,1.32,72.5,82.0,Satisfactory
17.9,35.7,32.5,0.0,0.84,22.6,46.6,Good
0.0,0.0,17.7,1.8,1.29,0.0,66.2,Satisfactory
21.8,42.0,16.0,16.0,0.38,0.0,41.7,Good
41.1,73.4,17.0,0.0,0.24,11.4,73.4,Satisfactory
35.4,53.9,38.5,8.7,1.67,68.8,81.1,Satisfactory
17.5,41.7,18.2,12.7,0.67,41.1,38.0,Good
0.0,0.0,19.6,11.9,0.74,0.0,40.8,Good
65.1,83.7,57.4,31.5,1.18,61.3,116.6,Moderate
34.9,59.2,14.4,0.5,0.49,66.9,68.9,Satisfactory
67.5,113.0,55.8,9.1,0.89,3.6,125.2,Moderate
4.3,5.1,4.3,6.8,1.09,22.3,58.2,Satisfactory
124.7,250.8,77.3,48.4,2.17,144.4,300.5,Very Poor
117.6,183.4,37.1,49.3,0.61,34.7,288.5,Poor
56.2,112.4,55.5,26.1,1.26,72.8,107.6,Moderate
21.4,67.2,12.1,0.0,0.0,26.2,68.6,Satisfactory
79.5,137.5,7.5,0.0,1.94,64.6,163.2,Moderate
94.2,192.2,23.2,34.5,1.31,72.7,222.9,Poor
163.7,324.5,109.3,24.8,2.89,120.5,335.7,Very Poor
72.2,105.6,47.3,17.0,1.89,92.6,138.9,Moderate
0.0,0.0,7.0,11.8,0.52,18.2,30.8,Good
9.6,18.9,0.0,0.0,0.93,0.6,47.3,Good
126.0,209.8,74.2,38.4,3.07,119.7,307.4,Very Poor
122.4,205.4,95.6,46.5,2.78,82.4,299.9,Poor
59.2,110.0,66.5,40.9,1.74,78.4,105.0,Moderate
30.4,56.0,0.0,13.0,1.22,28.1,60.7,Satisfactory
105.2,175.4,103.3,47.7,2.79,103.7,246.3,Poor
17.0,13.4,28.2,8.8,0.11,0.0,33.5,Good
81.2,103.6,35.9,36.1,1.64,70.5,168.3,Moderate
45.1,54.2,17.4,11.3,1.05,30.5,71.6,Satisfactory
72.1,129.8,6.1,26.5,1.03,40.7,138.7,Moderate
49.8,67.0,16.9,19.1,1.34,17.4,84.1,Satisfactory
0.1,0.0,14.4,0.0,0.82,0.0,37.4,Good
29.5,37.9,0.0,15.9,0.22,19.8,55.7,Satisfactory
43.7,53.2,29.4,2.0,0.28,0.0,74.2,Satisfactory
98.5,151.0,50.6,34.8,1.56,48.5,232.5,Poor
80.0,96.9,58.2,24.0,1.16,112.5,163.5,Moderate
35.0,64.8,7.9,34.7,0.71,31.3,70.6,Satisfactory
61.5,83.6,46.4,30.4,1.58,65.8,103.2,Moderate
38.9,54.1,20.8,14.3,0.11,43.6,61.0,Satisfactory
110.3,130.0,63.4,56.7,2.9,128.4,270.0,Poor
14.6,31.3,27.2,22.4,0.0,65.4,61.5,Satisfactory
122.8,249.4,103.2,48.1,3.16,116.9,300.1,Very Poor
24.3,34.1,13.6,19.3,1.36,44.6,69.7,Satisfactory
1.8,3.7,7.0,4.1,0.3,1.8,17.5,Good
66.1,87.5,33.1,0.0,1.14,34.0,119.1,Moderate
37.2,34.1,22.7,10.5,1.22,35.8,64.1,Satisfactory
114.9,226.1,70.1,42.9,2.91,134.8,279.5,Poor
61.2,108.4,35.4,15.1,1.63,72.2,104.9,Moderate
92.5,130.9,25.4,38.0,1.22,91.9,210.1,Poor
49.4,73.8,76.9,29.9,2.23,68.2,102.5,Moderate
79.5,148.4,48.5,30.2,1.28,67.2,168.5,Moderate
38.8,59.1,15.9,0.0,0.24,58.5,64.2,Satisfactory
0.0,1.6,7.8,0.0,0.9,14.7,45.8,Good
60.3,122.0,36.9,17.2,1.37,51.0,116.8,Moderate
52.7,110.9,28.9,22.2,0.75,44.6,105.6,Moderate
0.0,0.0,40.3,22.3,1.43,0.0,72.3,Satisfactory
98.1,151.9,88.2,52.3,2.47,144.9,225.9,Poor
12.0,0.0,14.3,0.0,0.24,40.4,36.2,Good
52.5,72.8,78.0,30.3,2.08,49.2,105.5,Moderate
126.6,180.9,65.2,45.3,2.48,94.6,308.8,Very Poor
27.5,51.8,62.3,18.9,1.3,58.6,78.3,Satisfactory
74.3,121.0,41.1,22.1,2.14,94.5,154.0,Moderate
38.1,45.0,41.9,13.5,1.5,24.7,77.1,Satisfactory
33.1,53.2,56.8,9.4,0.76,44.8,69.2,Satisfactory
137.1,163.2,81.5,26.2,2.31,122.3,315.1,Very Poor
68.7,113.0,17.5,12.5,0.53,31.5,126.5,Moderate
5.2,20.1,0.0,11.2,0.72,10.5,38.7,Good
57.9,127.9,28.9,28.0,1.55,32.1,116.5,Moderate
124.6,162.4,106.0,50.7,1.46,83.3,310.0,Very Poor
65.6,85.1,35.6,33.8,1.8,3.5,117.8,Moderate
37.7,43.2,15.0,19.2,0.58,27.6,64.3,Satisfactory
50.9,98.7,18.8,5.1,1.02,38.3,101.4,Moderate
60.1,100.1,41.9,31.8,0.3,62.5,98.5,Satisfactory
2.9,20.3,0.0,7.7,0.0,54.7,54.7,Satisfactory
78.9,114.1,35.6,35.8,1.87,94.5,163.4,Moderate
148.4,209.4,79.2,54.7,2.02,109.3,320.1,Very Poor
25.9,60.0,34.3,0.7,0.16,0.0,57.1,Satisfactory
140.3,284.8,62.9,67.2,3.23,103.5,316.8,Very Poor
76.0,118.1,48.5,18.4,1.26,56.9,150.0,Moderate
12.7,0.0,9.7,5.5,1.31,15.5,68.2,Satisfactory
111.3,144.1,64.6,32.9,2.64,53.3,275.3,Poor
101.1,165.0,52.3,25.9,0.92,80.2,238.9,Poor
41.7,65.6,80.5,36.1,1.87,58.2,101.6,Moderate
0.0,3.9,25.9,0.0,0.72,19.0,38.2,Good
0.0,0.0,0.0,1.0,0.0,46.0,45.8,Good
60.4,170.8,71.9,27.9,0.39,63.7,141.9,Moderate
67.8,109.6,33.8,0.0,0.93,42.7,126.8,Moderate
69.9,121.7,74.8,24.4,1.32,92.1,136.8,Moderate
16.2,4.2,12.0,3.5,1.02,57.9,58.1,Satisfactory
90.4,133.6,15.7,20.6,0.58,4.1,196.0,Moderate
119.9,230.1,67.6,45.8,2.73,106.6,296.8,Poor
136.8,201.0,89.7,31.3,2.52,88.1,310.2,Very Poor
88.5,155.1,40.1,21.8,0.91,61.1,194.1,Moderate
84.4,107.3,9.7,0.0,0.95,52.1,181.4,Moderate
28.9,37.6,16.0,0.0,0.63,20.9,48.0,Good
141.5,190.1,90.8,48.7,2.03,147.7,314.3,Very Poor
147.7,278.6,112.9,41.7,3.29,115.8,326.9,Very Poor
6.4,9.7,43.3,28.5,1.21,29.2,62.1,Satisfactory
8.8,33.2,44.1,23.1,0.53,50.5,57.5,Satisfactory
92.8,138.3,52.1,27.1,2.15,45.7,210.1,Poor
72.2,129.0,71.0,30.3,1.13,58.2,145.0,Moderate
50.3,83.1,39.2,17.6,0.69,51.2,82.9,Satisfactory
56.0,95.6,54.0,26.3,1.39,69.7,92.8,Satisfactory
149.5,196.2,63.9,41.7,2.33,50.2,322.2,Very Poor
42.3,98.6,21.2,6.7,0.2,53.5,100.8,Moderate
36.4,42.3,30.2,0.0,0.89,32.4,53.5,Satisfactory
48.8,76.7,27.2,17.6,0.27,32.2,75.6,Satisfactory
127.2,203.6,65.4,40.5,1.58,110.2,307.0,Very Poor
124.4,222.1,106.8,52.8,2.59,113.2,300.3,Very Poor
103.8,125.4,49.3,38.5,1.09,80.0,242.8,Poor
37.6,60.0,37.3,25.4,0.45,4.5,61.7,Satisfactory
103.5,151.9,78.3,48.5,2.08,32.1,237.7,Poor
31.4,45.0,35.5,6.8,0.1,53.6,59.2,Satisfactory
4.6,19.0,51.0,4.1,0.28,26.2,63.0,Satisfactory
29.9,58.2,24.5,3.9,1.01,1.7,61.1,Satisfactory
114.6,185.7,108.6,49.4,1.87,97.4,279.2,Poor
64.9,100.2,40.8,20.7,1.83,32.5,116.5,Moderate
50.5,78.7,49.6,26.0,0.54,63.2,83.2,Satisfactory
66.5,111.9,46.0,13.5,1.74,83.7,124.6,Moderate
50.7,83.7,52.5,26.1,1.83,70.7,89.8,Satisfactory
18.5,53.5,36.2,12.4,0.6,62.2,64.4,Satisfactory
40.8,59.8,0.0,15.1,1.53,47.2,81.3,Satisfactory
65.7,97.1,55.6,30.7,1.17,28.2,119.8,Moderate
145.1,196.8,74.3,39.4,3.07,105.1,319.4,Very Poor
118.9,255.3,86.8,35.1,2.55,100.8,294.1,Poor
110.8,194.0,67.1,60.1,2.79,87.5,268.2,Poor
8.0,0.0,36.1,12.9,0.85,42.4,38.8,Good
68.4,134.6,20.4,18.7,0.48,39.2,127.4,Moderate
53.9,95.4,23.9,0.0,0.94,24.3,96.4,Satisfactory
60.9,105.7,51.9,30.4,1.97,64.8,100.1,Moderate
150.5,329.6,96.5,41.8,3.16,136.9,319.6,Very Poor
64.3,126.7,18.3,9.0,0.74,27.0,113.9,Moderate
115.5,163.5,68.5,45.8,2.71,104.0,286.5,Poor
86.1,143.1,75.6,25.3,1.4,60.8,190.4,Moderate
15.6,15.6,17.4,5.4,0.23,0.0,24.0,Good
69.8,98.2,34.0,31.5,1.88,35.7,135.4,Moderate
95.7,147.9,83.4,41.4,2.48,102.2,224.2,Poor
8.0,11.6,38.7,22.7,1.38,44.6,63.7,Satisfactory
104.9,176.9,39.7,22.8,1.36,44.5,250.5,Poor
61.1,76.4,31.5,0.0,0.0,34.7,103.0,Moderate
65.7,112.9,14.9,5.1,1.38,4.0,119.0,Moderate
67.0,139.5,11.2,7.3,0.96,42.6,123.2,Moderate
49.8,87.6,1.8,27.2,0.47,37.0,88.6,Satisfactory
48.9,75.8,11.5,23.0,1.54,69.4,75.5,Satisfactory
34.1,60.3,18.0,20.0,1.46,0.0,71.6,Satisfactory
32.9,63.2,0.0,4.1,0.98,0.0,63.9,Satisfactory
27.4,49.5,31.6,8.3,0.63,5.0,52.6,Satisfactory
26.0,59.3,13.6,36.0,1.62,76.5,87.6,Satisfactory
15.9,0.9,24.5,0.0,0.06,31.6,25.7,Good
33.7,63.1,14.7,8.4,0.71,0.0,71.2,Satisfactory
15.7,14.1,41.0,6.9,0.09,0.0,47.5,Good
125.2,226.4,80.3,57.4,3.98,139.9,302.9,Very Poor
72.7,154.3,37.5,37.3,1.76,42.8,144.5,Moderate
54.8,82.3,22.2,5.3,0.93,20.2,94.3,Satisfactory
0.0,0.0,18.1,0.0,0.13,9.3,19.5,Good
71.9,103.0,57.4,31.6,1.55,55.0,136.2,Moderate
58.5,86.7,23.3,35.2,0.95,85.9,93.2,Satisfactory
37.3,51.5,21.1,14.5,0.64,32.8,59.8,Satisfactory
113.5,199.2,75.5,36.7,2.57,113.5,275.2,Poor
33.7,67.8,7.1,14.7,1.69,59.1,85.7,Satisfactory
146.4,239.5,93.5,58.2,2.57,130.0,319.3,Very Poor
169.9,336.6,63.7,44.8,3.02,142.6,335.4,Very Poor
22.8,27.8,23.1,11.2,1.25,26.7,61.3,Satisfactory
80.3,142.3,41.5,14.8,1.04,76.7,164.6,Moderate
69.1,125.9,25.2,15.9,1.24,38.3,132.7,Moderate
54.6,124.5,52.5,25.0,1.28,94.8,109.2,Moderate
83.6,89.4,33.3,4.5,1.09,42.2,176.1,Moderate
18.2,23.6,48.9,10.3,0.4,48.1,58.2,Satisfactory
128.2,183.5,43.0,49.7,3.11,128.3,312.0,Very Poor
108.1,169.2,45.6,18.4,1.43,71.6,265.2,Poor
33.1,65.0,25.5,18.3,0.23,24.4,67.5,Satisfactory
105.0,189.5,86.8,70.1,3.61,110.2,249.4,Poor
38.5,75.1,24.4,20.9,1.34,5.4,72.3,Satisfactory
8.5,21.2,31.4,12.5,0.85,58.9,55.8,Satisfactory
23.3,29.7,36.3,0.0,0.41,0.0,46.2,Good
49.5,100.4,21.4,29.8,0.44,19.5,104.6,Moderate
135.0,197.5,51.7,61.4,2.84,107.9,314.3,Very Poor
54.4,78.8,58.7,28.5,1.88,38.6,97.6,Satisfactory
79.1,97.7,43.0,23.1,1.67,79.7,166.4,Moderate
86.7,123.8,52.9,31.3,0.92,24.5,192.4,Moderate
117.5,228.0,75.0,56.6,2.82,106.4,292.4,Poor
0.0,5.6,34.3,9.2,0.45,8.7,46.1,Good
54.0,114.8,34.0,6.3,1.41,46.3,113.5,Moderate
55.7,106.8,39.8,34.7,1.33,31.0,98.2,Satisfactory
43.1,85.6,74.8,38.6,1.98,71.3,102.2,Moderate
1.8,0.0,38.4,23.3,0.54,47.9,49.7,Good
41.2,61.6,24.3,15.5,0.75,50.8,73.1,Satisfactory
73.1,119.2,26.4,44.6,2.12,97.0,147.9,Moderate
7.2,17.8,20.2,15.2,0.6,11.2,27.1,Good
12.1,33.0,3.4,14.1,0.0,0.0,32.6,Good
5.2,21.9,0.0,0.0,0.0,0.0,15.3,Good
127.2,206.2,49.8,29.1,1.88,40.1,304.4,Very Poor
84.0,155.8,0.0,5.2,0.89,51.8,184.5,Moderate
29.3,47.5,36.4,17.1,0.97,74.9,75.7,Satisfactory
54.4,77.3,4.7,0.0,0.85,47.3,88.7,Satisfactory
44.4,77.5,67.0,37.6,1.25,57.5,83.2,Satisfactory
39.6,98.9,24.3,25.3,0.26,38.8,100.7,Moderate
30.3,54.2,17.2,0.2,0.31,0.0,51.6,Satisfactory
42.5,56.5,33.8,26.8,0.16,39.0,71.9,Satisfactory
73.3,119.6,44.2,21.9,1.25,89.0,141.9,Moderate
64.7,97.2,55.5,21.9,2.4,52.4,115.1,Moderate
0.0,0.0,0.0,0.0,0.32,10.1,14.9,Good
0.0,0.0,5.5,13.8,0.66,14.4,36.7,Good
79.7,153.6,51.0,27.7,1.1,27.5,166.4,Moderate
0.0,19.1,3.6,23.1,0.54,9.0,29.6,Good
101.9,150.7,62.6,19.9,2.4,64.4,235.8,Poor
90.5,207.3,64.2,21.8,1.86,72.3,192.9,Moderate
58.0,110.9,53.3,38.1,1.74,18.3,113.1,Moderate
19.4,18.3,4.5,28.2,0.7,42.7,36.7,Good
146.6,281.1,90.7,41.9,2.23,101.1,324.1,Very Poor
123.3,183.0,73.2,50.1,2.49,122.1,296.5,Poor
72.3,98.6,95.9,55.9,2.64,128.0,141.8,Moderate
114.7,172.0,86.7,34.1,2.72,106.9,285.9,Poor
106.4,179.6,37.7,30.4,1.57,105.0,248.9,Poor
65.4,108.7,46.9,9.6,2.29,119.0,126.9,Moderate
29.2,35.6,46.1,45.9,0.48,17.0,54.2,Satisfactory
110.6,220.2,62.8,29.7,1.47,50.7,270.4,Poor
50.5,91.4,23.4,5.2,1.2,38.5,98.4,Satisfactory
90.9,156.2,33.0,3.4,1.23,16.3,201.4,Poor
20.5,29.8,27.2,15.0,0.71,24.7,34.3,Good
63.5,117.1,26.6,6.8,0.82,19.8,113.2,Moderate
96.9,194.8,65.1,18.2,0.79,70.6,225.8,Poor
56.4,63.7,44.9,12.8,1.6,61.7,93.4,Satisfactory
70.6,76.7,31.6,3.3,1.55,105.8,129.5,Moderate
26.2,36.6,0.0,0.0,0.09,1.6,37.0,Good
46.9,60.5,11.9,22.9,0.7,36.1,79.9,Satisfactory
64.0,103.5,63.9,24.7,1.88,45.3,110.0,Moderate
165.6,244.5,83.8,57.0,1.86,155.5,335.7,Very Poor
70.6,117.5,41.8,28.5,1.79,61.0,136.6,Moderate
35.1,60.2,38.3,9.3,0.98,4.7,61.0,Satisfactory
46.6,98.9,69.3,42.9,1.27,47.1,98.8,Satisfactory
21.6,36.4,0.0,20.7,0.0,4.9,36.7,Good
49.0,79.0,30.8,0.0,1.53,50.9,82.2,Satisfactory
21.3,49.6,46.9,14.8,0.51,0.0,59.1,Satisfactory
55.1,67.9,21.5,0.0,0.61,33.9,93.4,Satisfactory
50.7,64.1,22.6,4.0,0.81,97.6,103.2,Moderate
46.9,55.2,41.7,12.7,0.48,58.1,74.5,Satisfactory
135.8,221.6,72.6,51.4,2.3,72.5,310.0,Very Poor
122.8,179.0,96.3,28.5,2.35,112.7,301.1,Very Poor
9.9,2.9,0.0,0.0,0.69,6.3,34.9,Good
87.2,145.0,67.7,20.2,0.77,56.2,191.2,Moderate
89.8,110.5,21.5,13.2,1.74,104.8,199.4,Moderate
23.9,62.5,33.5,5.1,1.14,25.0,68.6,Satisfactory
167.9,203.3,96.9,36.6,2.96,83.1,341.1,Very Poor
63.5,95.2,38.8,13.9,1.23,33.6,113.5,Moderate
104.6,163.2,105.3,58.1,2.73,108.0,252.9,Poor
172.0,222.2,71.4,31.5,3.13,144.5,340.3,Very Poor
74.7,105.8,66.9,12.6,1.55,56.2,147.0,Moderate
160.1,266.4,111.0,59.2,2.61,100.4,330.7,Very Poor
64.5,112.2,0.0,13.8,0.58,18.3,117.6,Moderate
42.9,49.2,42.4,5.2,1.16,36.1,71.6,Satisfactory
71.0,129.6,55.0,33.4,1.83,58.9,140.1,Moderate
121.5,199.1,69.3,36.1,1.43,37.7,305.8,Very Poor
68.4,92.6,64.3,18.5,1.17,68.4,129.9,Moderate
0.0,11.2,6.9,9.5,0.26,0.0,7.4,Good
37.2,78.4,5.6,16.6,0.97,44.4,75.4,Satisfactory
62.9,71.5,72.9,27.7,1.74,77.5,111.4,Moderate
41.6,63.6,33.0,18.4,0.57,26.5,73.8,Satisfactory
73.3,155.4,50.6,35.6,1.49,23.5,148.8,Moderate
0.0,0.0,5.5,7.7,0.0,54.7,54.7,Satisfactory
40.6,64.5,17.4,8.8,0.58,45.4,69.5,Satisfactory
76.5,131.0,18.6,33.7,1.84,88.2,156.9,Moderate
29.4,43.8,35.2,4.8,0.8,35.7,49.4,Good
171.2,344.9,79.2,46.6,3.07,148.4,341.2,Very Poor
0.0,2.9,22.6,2.2,1.72,20.1,88.0,Satisfactory
119.4,240.5,87.6,42.8,2.59,84.2,297.4,Poor
7.1,36.7,31.7,0.0,0.95,14.1,46.6,Good
10.7,10.5,41.3,0.0,0.81,33.0,50.2,Satisfactory
67.6,86.8,38.1,16.0,1.42,90.1,126.8,Moderate
14.9,36.0,24.9,11.9,0.0,15.3,35.4,Good
36.3,73.7,42.1,26.3,0.03,9.1,76.0,Satisfactory
38.6,83.9,16.8,17.4,1.01,21.2,86.9,Satisfactory
21.7,13.4,42.8,3.0,0.27,46.6,50.2,Satisfactory
38.4,84.6,0.0,10.7,0.0,4.5,83.3,Satisfactory
30.8,50.1,26.8,9.6,0.35,14.4,52.3,Satisfactory
17.5,42.7,8.4,3.9,0.74,7.6,38.4,Good
120.6,235.3,89.0,37.7,2.15,72.0,301.5,Very Poor
10.1,4.5,75.8,46.6,1.42,73.2,95.2,Satisfactory
59.1,97.8,40.2,13.6,1.54,39.7,98.8,Satisfactory
31.9,59.0,12.8,0.0,1.83,5.5,93.5,Satisfactory
50.1,135.4,54.9,4.9,0.46,34.0,122.1,Moderate
32.8,46.5,22.1,18.0,1.01,23.5,49.8,Good
32.6,39.5,20.6,7.3,0.18,49.7,50.8,Satisfactory
68.1,103.8,32.0,19.2,1.78,51.7,125.7,Moderate
35.3,65.0,12.6,20.3,0.72,14.2,64.0,Satisfactory
77.1,99.1,34.0,36.6,0.96,28.6,157.5,Moderate
10.0,41.4,37.6,12.6,0.98,35.3,46.6,Good
80.2,89.3,2.3,23.4,0.49,59.9,160.9,Moderate
49.9,78.2,38.9,11.1,0.0,0.0,83.7,Satisfactory
61.9,90.9,38.6,14.2,1.43,66.0,106.3,Moderate
24.1,57.1,11.1,6.4,0.4,13.8,55.1,Satisfactory
0.0,7.9,13.1,6.1,0.85,0.0,47.9,Good
20.9,49.7,15.0,0.8,0.0,3.0,49.2,Good
45.9,90.0,33.3,10.7,0.74,32.9,91.9,Satisfactory
36.0,58.0,29.7,8.5,1.09,62.5,60.8,Satisfactory
33.2,59.9,31.5,4.3,1.01,12.6,55.7,Satisfactory
0.0,0.0,39.3,22.1,0.4,39.2,47.9,Good
49.5,80.4,38.6,35.4,0.72,76.2,81.5,Satisfactory
149.4,256.4,74.9,32.6,3.37,108.9,323.6,Very Poor
96.2,152.5,74.1,40.5,1.59,80.1,220.9,Poor
9.4,14.1,8.6,0.0,0.29,41.4,43.7,Good
80.2,104.1,43.9,16.8,1.97,34.3,162.8,Moderate
44.4,116.4,32.4,34.6,0.81,69.5,104.6,Moderate
54.8,105.1,43.1,35.8,2.68,96.3,107.3,Moderate
85.5,128.5,44.9,27.2,0.87,29.7,184.0,Moderate
84.4,121.7,61.8,35.5,2.23,77.1,180.3,Moderate
141.0,288.4,49.7,20.0,0.97,99.2,317.6,Very Poor
52.6,78.9,39.8,29.6,1.89,56.1,92.7,Satisfactory
0.0,25.0,23.1,1.7,0.64,38.3,36.8,Good
196.5,277.9,92.1,42.2,2.36,143.2,359.4,Very Poor
28.8,39.2,29.7,15.3,0.38,4.7,42.1,Good
62.8,76.8,62.4,24.7,2.09,77.1,110.9,Moderate
66.8,133.4,0.0,11.0,1.08,0.0,120.4,Moderate
57.9,104.0,3.4,23.1,0.0,4.5,98.2,Satisfactory
37.2,58.0,35.3,14.9,0.0,20.5,59.6,Satisfactory
111.7,154.7,23.4,33.3,1.95,50.2,272.3,Poor
101.9,187.4,82.4,52.2,3.19,90.8,236.2,Poor
116.1,208.7,102.6,47.6,2.75,143.0,286.9,Poor
79.8,156.4,49.4,24.3,2.22,63.2,164.9,Moderate
3.3,10.7,4.3,9.3,0.45,6.5,18.3,Good
57.9,63.0,59.9,8.9,0.65,23.3,99.1,Satisfactory
26.5,34.3,0.0,0.0,0.45,19.5,44.2,Good
40.5,85.6,0.0,0.0,0.71,0.0,93.0,Satisfactory
29.1,57.6,5.8,2.3,1.09,5.6,58.0,Satisfactory
83.7,134.4,37.9,11.5,1.43,52.7,178.9,Moderate
52.4,58.1,24.4,17.5,0.36,39.7,87.8,Satisfactory
26.5,44.2,0.0,0.0,0.19,0.0,44.2,Good
71.1,109.7,35.7,20.0,1.94,69.0,140.7,Moderate
48.5,98.4,1.2,14.3,0.57,29.8,95.9,Satisfactory
0.0,13.5,0.0,6.9,0.0,40.4,40.5,Good
82.3,119.1,74.6,17.0,0.29,49.3,170.8,Moderate
151.4,241.0,88.1,45.6,3.38,113.7,327.5,Very Poor
7.4,0.0,17.2,11.2,0.27,23.2,26.6,Good
145.0,251.3,92.7,58.2,3.07,104.1,319.8,Very Poor
14.6,49.2,0.0,0.0,0.0,32.6,45.6,Good
88.9,136.2,68.8,30.2,1.96,101.6,198.7,Moderate
76.7,88.3,44.5,26.1,0.81,37.1,154.3,Moderate
73.5,123.6,57.9,22.2,0.86,64.9,150.6,Moderate
170.6,331.8,91.3,34.1,2.54,102.8,339.9,Very Poor
49.7,61.2,58.1,19.0,1.1,49.2,82.0,Satisfactory
75.2,123.4,34.3,0.0,0.63,32.7,152.1,Moderate
40.2,73.6,3.2,0.4,1.07,7.8,70.4,Satisfactory
57.9,75.0,38.4,21.7,1.13,84.1,97.4,Satisfactory
60.5,93.1,21.5,14.7,1.09,25.2,99.6,Satisfactory
33.9,47.0,16.7,0.0,0.96,18.7,56.1,Satisfactory
115.6,200.6,74.6,24.0,2.23,78.0,285.2,Poor
88.8,116.6,64.5,15.3,1.51,47.9,197.7,Moderate
114.0,243.7,41.7,27.1,2.32,75.5,283.0,Poor
10.6,14.1,22.7,15.0,0.79,39.3,41.3,Good
69.7,129.6,43.8,35.5,1.8,77.4,136.9,Moderate
66.6,104.6,69.2,16.1,2.5,91.0,122.3,Moderate
42.0,64.9,0.0,0.0,0.5,18.2,74.0,Satisfactory
7.7,16.4,3.8,13.4,0.0,0.0,15.7,Good
36.5,49.7,18.9,6.0,0.29,1.9,63.4,Satisfactory
31.8,43.6,4.7,0.0,1.17,49.7,57.6,Satisfactory
52.6,66.1,67.9,9.0,0.99,67.2,90.5,Satisfactory
84.5,184.3,42.7,37.8,2.24,83.6,183.4,Moderate
69.8,149.8,35.2,22.9,0.77,53.2,135.8,Moderate
0.0,16.6,0.0,7.7,0.0,45.9,45.9,Good
72.8,151.5,12.1,18.3,0.6,48.9,145.3,Moderate
40.4,49.4,50.1,4.6,1.19,37.9,61.7,Satisfactory
71.9,142.8,35.4,27.8,0.63,66.7,136.3,Moderate
33.3,35.2,0.0,0.0,1.06,34.8,59.4,Satisfactory
79.5,124.5,72.3,24.9,1.59,80.6,162.6,Moderate
42.8,68.9,29.9,33.1,0.61,26.7,75.6,Satisfactory
26.9,51.8,24.2,0.0,0.67,10.9,49.9,Good
82.8,145.6,71.9,22.0,1.73,57.3,173.0,Moderate
10.1,3.2,18.4,0.0,0.0,29.9,31.9,Good
109.2,133.6,94.1,54.3,2.45,98.1,267.1,Poor
90.3,180.9,57.5,20.1,1.81,48.6,204.6,Poor
45.1,50.4,31.3,21.4,0.9,35.9,73.5,Satisfactory
72.3,111.1,76.6,24.8,0.61,56.0,140.9,Moderate
124.4,223.3,90.6,40.6,2.18,101.9,305.2,Very Poor
149.2,216.1,103.1,49.7,2.2,114.9,323.5,Very Poor
19.8,29.4,50.7,31.2,1.08,54.0,60.3,Satisfactory
0.0,4.6,0.2,7.9,0.27,27.7,28.7,Good
23.7,34.9,5.9,0.0,0.44,0.0,43.2,Good
52.6,100.1,18.0,15.5,0.34,33.3,95.9,Satisfactory
61.3,73.5,12.1,12.8,0.0,0.0,105.9,Moderate
81.2,121.9,59.6,29.9,1.22,63.5,165.2,Moderate
44.1,80.5,16.7,6.3,1.49,29.1,80.9,Satisfactory
33.7,45.4,4.4,7.4,0.0,7.8,57.8,Satisfactory
113.1,227.6,52.4,21.4,1.81,71.5,275.7,Poor
0.7,0.4,29.3,7.1,0.37,23.5,38.1,Good
66.0,93.9,30.3,14.5,1.22,21.9,121.7,Moderate
20.3,26.2,0.0,1.4,0.11,1.7,33.5,Good
158.3,295.2,98.4,46.8,2.67,128.6,331.6,Very Poor
12.4,0.0,20.4,12.7,0.63,0.0,33.7,Good
84.3,92.7,41.8,21.0,1.78,58.0,181.6,Moderate
47.5,55.4,11.3,6.7,1.25,3.0,81.2,Satisfactory
57.7,99.9,55.7,23.1,1.9,56.5,95.0,Satisfactory
76.5,171.6,48.2,24.4,1.44,49.5,153.4,Moderate
66.9,46.4,37.5,8.2,0.56,55.6,118.9,Moderate
74.7,161.6,41.4,10.7,2.41,81.0,151.6,Moderate
116.5,142.8,102.2,30.0,2.47,116.4,286.0,Poor
78.1,143.2,39.6,30.0,1.73,70.8,160.8,Moderate
44.8,108.3,4.1,19.9,0.0,10.9,104.0,Moderate
5.5,11.1,25.3,21.5,1.28,13.0,69.3,Satisfactory
155.4,290.8,96.4,57.2,3.03,105.1,327.0,Very Poor
66.7,119.5,71.9,36.7,2.47,49.2,122.1,Moderate
135.0,211.4,88.1,56.7,3.16,108.3,311.7,Very Poor
52.5,91.1,42.0,2.5,0.97,56.2,92.4,Satisfactory
6.9,0.0,0.0,17.4,0.76,0.0,45.6,Good
67.2,126.9,55.9,11.7,2.58,82.3,119.7,Moderate
37.5,59.0,30.6,22.1,0.59,37.6,72.6,Satisfactory
27.5,65.3,0.0,0.0,1.09,38.6,70.5,Satisfactory
122.8,157.0,67.5,19.1,2.09,61.4,301.9,Very Poor
36.8,58.4,15.1,10.3,0.94,47.8,59.1,Satisfactory
136.1,212.7,86.7,44.7,2.38,107.3,312.5,Very Poor
169.3,237.2,108.1,58.1,1.98,104.2,342.2,Very Poor
13.0,34.3,23.3,16.7,0.35,9.4,27.2,Good
18.9,26.4,5.7,7.7,0.22,23.9,32.1,Good
50.4,108.8,50.3,16.5,0.7,24.2,111.2,Moderate
99.9,137.2,56.9,34.3,2.29,69.8,232.7,Poor
137.9,208.2,99.8,43.8,1.71,61.3,314.4,Very Poor
18.4,56.0,29.8,21.2,1.09,0.0,54.8,Satisfactory
55.7,50.5,48.1,16.1,1.61,64.2,93.3,Satisfactory
142.0,276.1,63.3,51.0,2.12,97.2,317.3,Very Poor
146.2,247.1,81.7,36.8,2.0,82.6,315.9,Very Poor
24.3,26.6,8.8,7.0,0.49,0.0,40.0,Good
46.7,77.3,13.5,20.1,0.17,47.7,78.0,Satisfactory
0.0,0.0,21.5,0.0,0.1,37.5,31.3,Good
72.2,116.0,37.0,17.0,0.86,26.3,145.4,Moderate
57.5,72.7,43.3,17.6,0.93,23.7,94.7,Satisfactory
44.2,60.6,58.5,8.0,0.04,33.0,74.7,Satisfactory
87.1,128.6,33.5,30.1,1.33,95.3,187.4,Moderate
38.3,68.6,36.4,24.7,0.97,73.2,71.0,Satisfactory
44.0,80.3,38.0,23.3,1.41,17.6,81.2,Satisfactory
54.4,81.2,35.9,14.4,1.06,45.4,91.8,Satisfactory
30.5,30.2,37.3,29.3,1.12,0.0,54.2,Satisfactory
41.6,81.9,12.5,10.7,1.06,51.4,78.4,Satisfactory
15.7,26.6,10.8,12.1,1.04,17.6,50.4,Satisfactory
116.9,210.9,49.5,42.1,1.48,30.8,290.4,Poor
53.4,65.4,38.5,34.6,1.31,73.3,90.3,Satisfactory
43.4,47.0,4.5,23.4,0.82,29.1,74.5,Satisfactory
97.2,151.0,80.7,39.2,3.41,128.3,221.9,Poor
147.0,281.7,70.8,59.1,3.12,114.9,321.5,Very Poor
76.2,97.1,54.3,27.0,1.75,83.8,155.1,Moderate
82.8,187.2,33.6,8.7,1.42,40.0,173.9,Moderate
30.6,59.2,25.0,24.1,1.08,11.3,56.2,Satisfactory
0.0,3.4,7.8,2.0,0.72,0.0,33.7,Good
33.9,53.3,0.0,0.0,0.58,9.9,54.3,Satisfactory
24.0,51.6,0.0,6.9,0.0,38.4,55.3,Satisfactory
36.2,64.5,19.2,13.8,0.87,34.9,64.2,Satisfactory
126.1,228.0,46.7,25.2,2.22,77.1,306.3,Very Poor
66.9,85.6,41.8,1.4,1.05,46.2,126.5,Moderate
69.4,103.9,78.2,36.0,1.69,81.3,133.5,Moderate
58.1,91.3,29.0,14.4,1.51,40.6,96.4,Satisfactory
37.8,25.6,37.0,4.4,0.98,18.0,62.9,Satisfactory
76.4,167.4,51.6,19.7,2.02,71.6,157.2,Moderate
0.0,0.0,0.0,13.2,0.0,7.2,16.8,Good
75.1,119.3,38.5,35.8,1.2,62.8,147.7,Moderate
72.0,124.4,12.4,7.3,1.3,19.3,141.6,Moderate
58.8,99.5,25.8,10.0,1.26,57.1,97.4,Satisfactory
5.7,33.8,23.0,11.1,0.57,20.5,33.2,Good
30.2,55.9,26.9,25.1,0.6,9.5,53.0,Satisfactory
142.1,258.0,99.1,35.2,2.54,66.7,316.1,Very Poor
29.9,43.0,0.0,11.3,1.67,73.1,83.4,Satisfactory
91.1,141.6,64.6,15.2,2.33,47.4,201.8,Poor
80.0,147.5,56.3,36.7,1.56,48.8,164.8,Moderate
11.8,41.0,10.9,14.6,0.0,21.9,44.5,Good
25.7,55.5,39.9,13.8,0.18,48.3,54.8,Satisfactory
138.8,258.7,105.5,57.4,2.0,71.7,313.2,Very Poor
52.4,93.3,22.8,20.2,0.85,31.7,93.1,Satisfactory
30.0,24.6,30.7,1.0,1.29,22.5,65.4,Satisfactory
145.1,228.1,81.2,49.5,3.16,102.4,319.3,Very Poor
32.8,56.0,27.1,17.3,1.05,18.8,54.2,Satisfactory
95.0,130.6,57.7,33.5,0.24,82.4,220.6,Poor
142.7,182.6,124.9,22.0,2.39,125.9,321.2,Very Poor
0.0,0.0,10.3,0.0,0.23,0.0,12.6,Good
46.1,62.5,23.1,14.1,0.77,35.1,76.8,Satisfactory
34.1,53.1,2.8,5.3,0.0,36.0,54.5,Satisfactory
35.0,78.6,65.5,8.0,1.39,9.0,82.5,Satisfactory
139.0,230.0,83.2,36.9,2.82,91.5,315.8,Very Poor
65.8,118.7,23.4,22.5,0.11,6.8,115.3,Moderate
88.4,139.5,41.7,21.3,2.07,79.1,196.5,Moderate
3.7,3.2,1.3,0.0,0.65,20.7,30.7,Good
9.4,9.4,41.7,0.5,0.69,22.9,47.5,Good
61.6,90.4,57.9,20.2,1.78,118.8,128.7,Moderate
30.2,63.6,2.9,3.7,1.26,8.2,67.2,Satisfactory
68.7,126.9,65.6,38.5,1.58,91.8,129.6,Moderate
60.3,97.1,32.4,3.5,1.24,42.8,98.6,Satisfactory
51.5,80.9,21.0,13.7,1.71,22.7,87.8,Satisfactory
6.3,0.0,10.8,32.8,0.75,24.2,39.5,Good
41.1,36.9,14.7,8.0,1.41,21.0,69.7,Satisfactory
78.0,104.7,25.1,16.9,1.25,16.6,159.3,Moderate
96.6,140.1,57.3,44.7,1.21,69.3,218.9,Poor
53.5,105.3,40.8,8.4,0.98,5.1,101.2,Moderate
19.6,40.4,33.1,19.6,1.2,44.4,64.4,Satisfactory
6.9,0.0,3.2,0.0,0.4,12.2,21.4,Good
55.5,83.4,0.0,13.9,0.47,35.3,91.4,Satisfactory
166.8,325.9,92.8,43.6,2.88,105.7,338.3,Very Poor
41.3,64.7,64.6,30.9,1.97,66.7,98.0,Satisfactory
80.7,98.5,66.7,40.7,1.85,93.4,172.4,Moderate
148.1,178.4,70.3,42.9,1.92,131.9,320.4,Very Poor
60.1,91.6,20.0,13.9,1.59,68.5,99.7,Satisfactory
30.2,37.8,4.4,9.0,1.5,40.8,74.9,Satisfactory
70.2,104.0,63.6,31.5,1.57,72.7,132.3,Moderate
73.5,122.4,55.2,14.3,1.67,98.9,142.5,Moderate
23.3,43.9,11.3,5.3,0.72,0.0,46.0,Good
87.2,174.3,14.9,15.6,0.18,21.3,190.9,Moderate
8.3,13.6,34.6,5.1,0.37,37.8,43.6,Good
108.1,205.6,54.8,24.3,1.37,85.2,261.9,Poor
7.2,10.0,37.4,3.3,0.8,69.0,69.1,Satisfactory
0.0,0.0,6.1,11.4,0.38,5.4,13.6,Good
94.6,111.9,45.9,20.2,0.89,46.8,215.4,Poor
0.0,25.2,23.7,0.0,0.37,1.8,33.0,Good
67.9,144.1,31.7,12.0,2.14,85.0,127.5,Moderate
0.0,0.0,30.7,17.2,1.63,27.5,78.6,Satisfactory
36.3,69.0,6.3,12.9,1.2,0.5,70.3,Satisfactory
13.4,8.9,20.4,5.3,0.0,15.2,28.2,Good
0.0,26.2,20.6,11.9,0.36,49.9,52.8,Satisfactory
112.7,134.6,82.5,51.6,2.27,104.4,279.9,Poor
85.8,159.1,39.8,42.6,1.82,76.7,186.0,Moderate
101.3,162.3,52.5,6.0,0.86,73.5,240.7,Poor
54.2,98.2,24.0,12.7,1.66,9.6,101.9,Moderate
65.4,104.7,0.0,6.6,0.0,54.3,118.1,Moderate
51.1,66.5,46.6,37.9,1.73,40.6,87.2,Satisfactory
81.4,167.2,50.6,24.6,2.1,50.6,164.9,Moderate
13.5,17.3,6.5,5.8,0.0,28.2,20.2,Good
73.1,114.5,56.4,20.6,2.36,72.2,140.2,Moderate
44.2,83.0,54.7,26.8,1.39,64.6,86.6,Satisfactory
48.1,69.1,20.1,24.1,1.13,54.4,85.9,Satisfactory
0.0,11.3,19.0,10.5,0.48,19.8,25.0,Good
142.5,249.1,87.6,42.1,2.65,101.7,322.6,Very Poor
52.6,88.7,56.4,38.6,1.39,91.2,94.6,Satisfactory
23.8,43.3,14.5,0.0,0.0,5.2,49.8,Good
123.1,241.1,98.5,43.6,2.47,134.6,302.5,Very Poor
95.3,139.8,63.6,49.7,2.56,126.5,217.9,Poor
104.6,157.9,105.8,39.5,3.0,74.3,247.9,Poor
0.0,0.0,0.9,19.0,0.44,30.6,25.5,Good
2.0,34.8,24.8,0.0,0.47,0.0,39.0,Good
38.8,73.5,31.9,2.9,0.7,42.5,68.2,Satisfactory
0.0,0.0,11.7,0.0,0.35,21.0,23.3,Good
8.9,29.1,20.8,0.0,0.41,15.6,21.3,Good
122.1,184.3,84.8,39.3,2.72,129.8,303.2,Very Poor
17.4,23.3,20.1,16.0,1.41,60.7,70.8,Satisfactory
67.8,104.2,62.2,28.0,1.31,54.2,121.9,Moderate
37.0,84.0,23.5,2.7,0.68,10.2,85.2,Satisfactory
20.2,50.8,0.0,18.2,0.0,21.9,47.4,Good
97.7,136.0,54.3,0.0,0.84,24.6,219.8,Poor
55.5,80.5,32.3,7.7,1.77,61.1,97.3,Satisfactory
101.4,177.2,58.5,30.5,0.41,60.3,236.1,Poor
43.4,67.5,7.8,14.0,0.51,18.3,75.7,Satisfactory
35.3,74.6,0.4,3.6,0.9,10.6,73.3,Satisfactory
12.4,44.8,3.8,13.8,0.0,26.0,45.3,Good
99.0,199.8,85.3,49.8,2.07,84.1,230.5,Poor
1.8,26.1,19.4,24.0,1.36,44.4,67.6,Satisfactory
0.2,14.3,42.5,30.0,0.0,25.2,59.3,Satisfactory
62.0,120.0,31.6,21.8,0.32,13.6,112.9,Moderate
38.8,46.5,18.0,13.5,0.13,45.3,65.5,Satisfactory
16.8,48.2,32.9,24.0,0.93,46.3,51.2,Satisfactory
17.3,38.2,0.0,12.7,0.48,21.4,38.0,Good
91.3,137.5,52.6,44.7,1.65,63.9,205.8,Poor
26.9,75.3,26.5,9.1,0.56,68.9,73.6,Satisfactory
101.2,188.9,70.1,55.1,3.67,96.3,236.8,Poor
45.0,38.1,63.8,19.2,1.07,64.0,86.9,Satisfactory
12.9,26.4,25.3,0.0,0.63,3.0,25.9,Good
125.8,201.7,71.6,25.0,0.85,65.9,309.0,Very Poor
7.9,11.9,17.8,7.3,0.14,23.9,25.9,Good
48.0,88.1,30.1,11.4,0.1,16.4,86.2,Satisfactory
50.8,45.1,49.1,6.6,0.96,24.4,83.7,Satisfactory
83.2,103.0,50.2,32.3,1.92,58.6,178.3,Moderate
33.0,58.5,21.0,6.7,1.86,44.7,93.0,Satisfactory
102.6,111.7,85.0,16.4,1.83,70.8,243.7,Poor
72.3,91.1,17.0,17.8,1.4,43.4,141.5,Moderate
130.5,192.5,120.5,56.3,2.94,146.2,307.8,Very Poor
76.8,147.4,65.6,40.2,0.19,111.8,155.5,Moderate
19.2,21.0,23.6,2.6,0.44,0.0,34.8,Good
26.9,54.2,29.1,12.6,1.26,66.6,69.2,Satisfactory
39.0,80.2,19.3,30.8,0.72,34.4,85.9,Satisfactory
35.0,37.7,30.6,2.0,0.0,0.0,62.0,Satisfactory
100.0,217.0,56.8,31.9,1.26,39.2,231.8,Poor
88.9,150.7,53.8,19.9,2.02,40.8,197.2,Moderate
53.0,106.5,65.2,29.7,1.36,104.4,110.3,Moderate
98.9,154.9,41.2,25.0,1.04,50.7,226.1,Poor
48.2,78.6,28.0,24.5,0.91,6.3,78.8,Satisfactory
54.9,73.4,50.1,37.5,0.78,56.3,91.4,Satisfactory
137.1,246.1,99.2,50.0,2.45,142.9,311.1,Very Poor
0.0,0.0,20.0,15.5,1.44,44.1,74.0,Satisfactory
47.5,73.5,35.2,20.1,0.92,66.6,77.7,Satisfactory
25.6,30.4,47.0,16.5,0.67,13.9,61.3,Satisfactory
165.3,306.8,75.3,49.2,3.05,117.2,336.7,Very Poor
32.5,80.0,31.9,5.5,0.7,0.0,78.2,Satisfactory
20.5,18.4,16.5,16.8,0.25,36.3,38.3,Good
181.2,361.6,110.4,52.4,2.19,115.9,353.8,Very Poor
117.1,209.7,75.2,48.1,3.01,94.0,288.8,Poor
103.5,134.6,58.8,41.0,2.68,74.9,241.9,Poor
29.6,41.3,0.0,13.1,0.2,3.1,43.8,Good
72.6,145.3,46.9,25.4,1.01,64.9,140.7,Moderate
87.0,106.7,60.8,20.7,2.08,54.0,188.1,Moderate
0.0,0.0,11.0,5.8,0.99,33.6,51.1,Satisfactory
0.0,0.0,0.0,0.0,0.84,0.0,38.8,Good
103.5,147.3,53.1,33.7,1.11,98.5,243.7,Poor
25.1,70.1,43.5,17.8,0.78,0.0,70.4,Satisfactory
125.7,201.5,85.7,43.0,2.13,126.0,305.0,Very Poor
72.1,126.9,76.8,33.9,0.75,74.4,137.9,Moderate
0.0,24.9,13.1,8.2,0.0,0.0,20.1,Good
9.8,40.2,9.6,13.4,0.5,36.9,37.6,Good
71.7,114.1,55.7,36.5,1.69,68.6,138.7,Moderate
26.3,39.9,20.6,11.6,0.0,25.5,42.6,Good
21.5,40.0,15.5,16.0,0.1,13.8,40.5,Good
9.6,0.0,38.2,5.1,0.6,15.6,46.8,Good
41.5,78.6,24.5,4.1,1.36,26.1,83.0,Satisfactory
61.5,98.1,67.6,20.4,2.2,76.6,109.4,Moderate
0.0,14.3,0.9,0.0,0.81,14.9,43.3,Good
78.3,149.7,44.9,25.1,1.64,8.1,162.5,Moderate
45.2,78.6,38.2,10.7,0.47,7.2,75.4,Satisfactory
70.1,131.8,69.4,23.4,0.33,97.0,130.9,Moderate
122.6,177.5,76.9,24.3,2.75,125.9,300.6,Very Poor
42.6,82.6,0.0,2.8,0.68,17.0,85.7,Satisfactory
75.1,125.2,41.2,12.8,0.03,24.0,143.4,Moderate
38.0,52.6,0.0,0.0,0.0,36.4,66.8,Satisfactory
25.2,46.1,0.0,6.4,0.19,3.1,46.1,Good
116.6,211.9,55.0,43.8,1.78,69.8,288.2,Poor
138.0,211.7,66.7,51.0,1.9,124.0,315.6,Very Poor
123.5,206.0,73.2,55.1,2.1,86.5,303.3,Very Poor
131.1,236.2,86.8,44.5,2.61,110.7,304.4,Very Poor
98.7,195.3,37.1,11.8,1.98,65.6,229.4,Poor
22.3,46.7,21.7,5.0,0.0,28.8,48.4,Good
65.5,103.7,0.0,18.4,0.73,36.5,118.8,Moderate
2.8,16.3,26.5,0.0,0.0,17.3,37.7,Good
47.7,123.1,23.4,17.3,0.0,72.4,114.9,Moderate
45.6,114.7,39.1,18.5,1.16,18.2,104.8,Moderate
56.3,71.1,50.8,31.7,1.58,77.1,97.3,Satisfactory
29.4,57.5,16.1,0.0,1.01,20.2,59.5,Satisfactory
79.8,120.1,22.9,12.2,1.69,54.4,164.9,Moderate
67.4,92.2,65.3,26.8,1.35,80.5,119.1,Moderate
65.4,91.6,0.0,13.9,0.66,37.7,112.1,Moderate
184.3,337.6,69.7,45.3,3.39,84.3,345.0,Very Poor
12.5,32.4,11.9,6.0,1.23,47.1,65.2,Satisfactory
53.2,49.9,37.4,7.7,1.45,47.0,94.4,Satisfactory
92.2,140.1,31.8,26.6,0.73,72.5,206.1,Poor
52.1,80.6,29.9,29.4,0.6,23.6,90.5,Satisfactory
6.2,26.7,7.3,0.0,1.04,12.0,50.4,Satisfactory
72.1,119.7,39.1,45.2,1.63,62.9,140.4,Moderate
51.8,81.3,22.6,15.9,1.46,35.8,88.5,Satisfactory
26.5,55.6,0.0,0.0,0.0,36.2,59.7,Satisfactory
18.7,35.0,32.7,8.0,1.11,2.2,54.7,Satisfactory
27.3,28.3,9.0,10.7,0.19,0.0,46.9,Good
119.5,238.1,112.9,52.7,2.11,97.0,297.3,Poor
38.3,52.4,56.4,16.3,0.44,26.2,71.7,Satisfactory
0.3,0.0,3.7,10.8,0.0,0.0,10.7,Good
55.9,98.7,56.1,28.1,1.23,23.4,99.1,Satisfactory
0.0,16.5,14.5,6.8,0.96,0.0,47.0,Good
78.3,136.2,35.4,21.4,2.22,71.5,161.5,Moderate
138.0,266.0,93.8,46.1,2.64,137.0,313.0,Very Poor
18.0,56.1,16.9,5.3,0.68,19.5,53.9,Satisfactory
28.5,85.8,0.0,2.1,0.74,0.0,93.9,Satisfactory
12.9,12.2,36.1,9.5,1.64,7.0,83.5,Satisfactory
129.2,214.6,91.5,54.9,2.87,102.6,302.8,Very Poor
52.2,109.8,42.0,10.1,0.89,52.4,101.8,Moderate
91.0,151.6,43.7,26.4,1.42,74.2,203.0,Poor
44.5,80.1,20.5,38.1,0.98,82.9,86.7,Satisfactory
49.4,74.7,0.0,0.2,0.62,2.0,86.6,Satisfactory
21.2,39.3,40.9,9.9,0.7,34.4,56.4,Satisfactory
22.7,33.8,42.8,6.1,0.0,0.0,55.1,Satisfactory
0.0,17.7,14.5,0.0,0.82,42.3,38.4,Good
82.8,125.2,65.4,50.0,1.57,72.7,174.2,Moderate
7.5,0.0,2.0,16.8,0.4,16.6,18.7,Good
108.8,221.5,73.0,29.7,1.13,100.3,265.8,Poor
12.4,12.1,41.5,22.8,1.01,32.2,59.0,Satisfactory
28.1,63.0,22.8,0.0,0.0,0.0,62.7,Satisfactory
48.0,86.0,74.4,11.3,1.06,52.4,97.9,Satisfactory
60.9,121.2,61.4,24.9,1.85,30.4,108.0,Moderate
83.2,116.7,57.6,33.0,1.73,87.0,175.4,Moderate
70.4,158.4,69.5,20.9,0.97,52.4,135.7,Moderate
6.7,10.5,0.0,5.3,0.11,12.6,13.8,Good
37.8,47.5,31.1,0.9,0.28,0.0,62.5,Satisfactory
49.0,53.3,38.5,17.0,0.73,82.3,83.1,Satisfactory
62.3,122.6,22.6,9.3,1.58,38.4,117.8,Moderate
29.5,51.0,28.8,18.7,0.0,0.0,44.5,Good
15.8,0.0,15.3,0.0,0.0,46.0,51.4,Satisfactory
50.3,81.9,24.6,0.0,1.76,18.3,84.2,Satisfactory
95.0,186.3,95.7,30.8,1.9,66.2,215.8,Poor
8.5,30.2,21.8,0.0,0.56,41.6,38.7,Good
42.3,62.0,17.4,0.4,0.53,0.0,78.0,Satisfactory
105.0,205.2,26.6,13.4,0.99,66.2,249.2,Poor
116.4,221.5,103.4,35.8,2.43,127.9,289.4,Poor
17.0,38.5,29.3,0.0,0.42,26.8,34.9,Good
37.0,85.0,34.9,16.1,1.19,68.5,87.0,Satisfactory
76.9,154.9,0.0,9.4,0.77,43.8,156.1,Moderate
8.0,21.5,0.0,0.0,1.15,0.0,54.9,Satisfactory
20.1,13.1,0.0,12.8,0.14,48.7,43.6,Good
7.7,6.3,3.3,13.9,0.23,0.0,23.6,Good
79.0,142.9,40.2,28.0,1.21,72.4,162.8,Moderate
99.8,197.6,48.4,33.3,1.77,78.3,234.5,Poor
133.0,247.5,78.9,41.9,3.06,122.6,313.0,Very Poor
76.8,139.7,81.4,25.0,1.31,71.7,157.4,Moderate
3.2,7.0,23.9,3.3,0.65,0.0,35.0,Good
26.3,43.2,10.3,0.0,0.12,16.9,45.2,Good
61.5,82.6,54.2,0.0,1.41,82.1,103.3,Moderate
39.8,88.4,11.2,2.6,0.78,8.8,86.5,Satisfactory
63.2,84.6,69.1,0.0,2.02,72.2,110.3,Moderate
75.2,126.3,31.3,13.0,1.26,23.3,149.7,Moderate
74.5,101.5,22.7,11.5,1.9,63.0,143.4,Moderate
39.6,78.8,49.8,0.0,0.0,26.8,81.7,Satisfactory
16.5,49.3,14.9,14.9,0.0,31.0,49.0,Good
24.8,55.8,29.4,34.8,1.74,74.2,88.0,Satisfactory
127.8,238.4,77.3,36.5,2.34,131.4,309.5,Very Poor
5.6,12.8,25.6,29.1,1.21,8.1,60.2,Satisfactory
0.0,0.0,0.0,13.6,0.96,1.1,47.7,Good
129.3,179.6,75.7,33.0,3.32,57.2,308.6,Very Poor
47.7,81.3,15.9,17.6,0.49,12.4,79.1,Satisfactory
32.9,42.5,29.3,12.1,1.11,37.9,52.1,Satisfactory
0.0,0.0,23.5,13.4,0.85,31.8,45.9,Good
116.7,202.2,42.6,19.5,1.46,64.3,287.9,Poor
28.8,40.0,30.3,9.2,0.0,45.2,49.3,Good
59.9,93.9,35.9,50.0,1.21,72.6,104.8,Moderate
123.1,230.0,101.9,46.1,2.89,108.4,300.8,Very Poor
96.9,138.5,37.5,46.4,1.72,71.8,225.6,Poor
32.4,47.0,16.0,0.0,0.58,34.0,50.7,Satisfactory
35.3,41.4,26.8,11.3,0.21,27.1,56.9,Satisfactory
43.7,38.4,7.0,19.6,1.22,27.1,72.9,Satisfactory
65.7,97.5,66.5,18.3,1.64,44.0,121.0,Moderate
148.3,173.5,66.3,46.9,3.61,127.7,321.1,Very Poor
49.2,64.2,38.8,23.2,0.52,30.1,82.2,Satisfactory
54.3,73.2,0.0,18.6,0.62,8.1,81.7,Satisfactory
79.2,148.4,31.8,27.8,1.07,65.0,161.9,Moderate
63.4,145.1,22.4,0.0,1.37,40.0,129.1,Moderate
67.6,113.8,60.5,28.5,1.15,65.1,123.6,Moderate
156.8,200.1,110.6,45.3,1.77,66.5,327.7,Very Poor
66.2,117.0,45.7,28.1,2.1,76.4,123.6,Moderate
54.9,78.8,11.4,2.0,0.84,6.1,88.6,Satisfactory
42.9,62.2,0.0,14.0,0.0,20.4,68.2,Satisfactory
141.1,199.6,96.3,52.5,2.7,100.4,315.5,Very Poor
52.8,78.9,47.6,4.2,0.95,32.3,91.7,Satisfactory
27.8,48.5,14.7,0.0,0.39,29.8,52.8,Satisfactory
52.8,63.0,21.1,10.6,0.67,0.0,83.5,Satisfactory
23.0,46.4,33.1,0.0,0.68,58.3,55.1,Satisfactory
13.2,24.3,20.8,17.7,1.18,0.0,52.4,Satisfactory
58.0,52.1,48.9,25.3,1.14,54.3,94.6,Satisfactory
26.3,19.6,24.3,11.5,0.88,11.4,46.5,Good
166.3,230.5,92.7,22.8,2.42,96.1,333.0,Very Poor
109.2,145.2,66.2,39.1,2.12,125.8,265.1,Poor
48.6,92.9,44.1,5.0,0.0,21.2,95.8,Satisfactory
35.3,31.1,12.3,0.0,0.62,29.6,62.2,Satisfactory
43.3,74.2,21.6,3.1,0.88,19.2,75.6,Satisfactory
3.8,0.0,38.8,4.8,0.0,22.6,40.7,Good
38.8,67.7,19.5,0.3,0.31,15.7,58.8,Satisfactory
93.3,187.7,74.7,24.7,1.51,50.3,205.1,Poor
49.5,77.5,25.2,10.8,0.87,2.1,85.2,Satisfactory
109.7,162.8,22.7,16.8,0.83,68.5,262.1,Poor
7.6,0.0,35.4,6.3,1.15,0.0,55.9,Satisfactory
89.0,165.6,75.4,20.8,1.15,63.2,199.9,Moderate
133.0,240.6,102.8,50.2,3.32,85.7,316.8,Very Poor
36.4,83.4,35.1,19.9,1.27,25.8,86.0,Satisfactory
9.2,29.1,11.7,0.0,0.0,32.0,31.1,Good
34.8,98.6,24.3,2.2,0.95,14.8,96.7,Satisfactory
75.2,78.7,49.3,22.4,1.56,54.1,153.7,Moderate
78.8,141.5,33.0,21.7,1.5,32.1,160.6,Moderate
40.6,74.3,53.4,19.9,1.2,26.9,70.5,Satisfactory
26.2,33.1,34.7,12.6,0.02,0.0,41.1,Good
82.4,104.5,50.1,18.3,2.06,75.9,172.0,Moderate
12.6,46.3,0.0,12.9,0.8,26.9,47.9,Good
27.5,22.5,18.8,20.0,0.0,28.2,48.8,Good
33.1,29.3,24.6,2.3,1.06,91.0,96.6,Satisfactory
58.9,96.0,39.2,14.8,0.91,56.1,102.1,Moderate
43.1,71.4,36.7,8.7,1.48,29.2,77.9,Satisfactory
70.6,159.2,63.1,21.4,1.42,59.5,139.5,Moderate
48.8,99.0,4.5,0.0,0.54,0.0,95.2,Satisfactory
49.0,98.3,21.7,8.8,1.35,43.2,98.1,Satisfactory
63.9,73.2,34.4,37.4,2.34,69.2,111.7,Moderate
36.7,86.8,5.6,0.0,0.33,36.7,87.1,Satisfactory
47.9,71.6,27.7,12.7,1.38,55.3,75.7,Satisfactory
96.8,163.9,69.0,30.7,1.0,85.4,225.1,Poor
76.4,120.4,62.9,15.1,1.27,81.2,155.5,Moderate
14.0,46.2,0.0,4.5,0.61,0.0,47.7,Good
34.4,59.0,0.0,24.1,0.97,31.5,54.0,Satisfactory
154.2,208.7,96.5,43.9,1.83,135.4,329.5,Very Poor
37.1,52.3,0.0,14.7,1.46,17.3,73.5,Satisfactory
20.0,52.9,48.2,13.3,1.06,10.6,60.5,Satisfactory
50.8,69.9,25.5,28.2,0.22,33.2,80.7,Satisfactory
71.8,115.4,58.9,38.3,2.1,70.2,137.4,Moderate
11.5,16.1,22.2,8.3,0.45,0.0,27.8,Good
32.8,53.1,33.7,4.3,1.8,74.0,87.6,Satisfactory
139.2,240.0,108.9,40.3,2.86,82.3,321.4,Very Poor
19.5,17.7,18.8,25.2,0.09,0.0,33.3,Good
53.3,88.2,42.2,11.2,1.39,45.6,88.9,Satisfactory
36.0,86.6,17.2,19.8,0.39,20.0,87.8,Satisfactory
61.9,159.7,67.1,30.3,3.04,70.8,143.5,Moderate
59.6,85.8,5.5,10.0,0.15,12.8,100.1,Moderate
8.9,32.5,25.8,0.0,0.49,19.2,33.4,Good
26.5,29.8,12.8,0.0,1.13,0.0,54.7,Satisfactory
48.9,102.2,38.1,31.2,1.26,11.0,98.0,Satisfactory
74.3,116.7,44.7,23.5,1.42,94.9,147.2,Moderate
108.4,150.4,111.9,43.6,3.27,146.6,261.1,Poor
30.7,53.0,37.7,3.6,1.39,0.0,72.9,Satisfactory
20.9,0.0,38.7,0.1,0.22,25.1,50.8,Satisfactory
150.7,264.7,81.7,53.1,2.0,119.7,320.1,Very Poor
42.2,121.0,55.4,32.6,2.63,78.0,112.5,Moderate
37.8,21.6,21.1,0.0,0.89,24.8,59.8,Satisfactory
59.8,63.1,31.8,11.7,1.57,35.2,100.8,Moderate
31.7,33.6,4.3,6.4,0.0,50.7,53.4,Satisfactory
23.4,28.4,0.0,21.4,0.77,37.3,38.5,Good
133.1,214.0,79.6,38.9,2.63,103.4,314.4,Very Poor
70.3,125.3,62.4,5.0,1.65,48.8,131.7,Moderate
32.7,54.8,25.4,13.0,0.14,9.7,55.7,Satisfactory
36.8,72.1,34.0,5.5,0.37,19.7,71.8,Satisfactory
86.8,174.1,47.6,32.3,2.4,62.6,189.5,Moderate
48.3,73.7,25.0,18.9,1.3,26.1,76.6,Satisfactory
91.8,163.4,74.8,28.8,0.99,33.1,205.1,Poor
21.4,59.2,0.0,0.0,0.48,34.8,64.8,Satisfactory
14.0,45.9,0.0,2.6,0.0,30.8,42.0,Good
123.8,206.2,114.4,40.3,2.83,74.2,298.4,Poor
62.5,132.4,29.4,31.1,1.28,48.8,120.0,Moderate
169.2,300.8,97.5,62.2,2.99,105.7,339.6,Very Poor
76.2,128.5,23.6,21.6,1.48,9.9,152.6,Moderate
39.1,78.0,39.9,26.8,0.87,44.7,76.9,Satisfactory
96.1,208.5,63.5,24.8,1.78,84.0,220.3,Poor
84.0,166.7,44.5,40.0,1.79,62.2,175.8,Moderate
46.6,37.2,39.5,16.4,1.18,24.5,71.3,Satisfactory
18.0,19.5,0.0,0.0,1.4,29.8,72.7,Satisfactory
26.9,30.5,15.5,5.9,0.77,25.2,42.1,Good
21.1,58.2,38.0,19.3,0.32,4.4,51.4,Satisfactory
77.8,148.8,36.9,16.0,1.3,33.7,155.5,Moderate
35.6,37.8,10.0,10.7,0.59,37.4,61.9,Satisfactory
37.1,62.2,18.0,12.4,1.0,63.9,58.6,Satisfactory
17.1,33.1,0.0,0.0,1.01,0.0,46.8,Good
19.0,14.3,15.4,13.5,1.29,51.2,62.0,Satisfactory
31.1,45.3,17.6,21.4,0.9,47.7,49.0,Good
13.4,3.3,9.3,1.0,0.0,27.2,25.0,Good
0.0,0.0,0.0,9.1,0.19,36.7,39.1,Good
104.5,162.3,62.4,32.7,1.79,43.2,251.0,Poor
0.0,4.4,0.0,14.5,0.0,0.0,24.1,Good
69.0,133.5,54.2,25.6,1.83,60.5,132.2,Moderate
40.2,60.1,28.3,18.3,1.09,40.9,63.3,Satisfactory
81.2,149.4,70.1,16.0,1.06,71.6,174.2,Moderate
39.0,26.0,10.3,1.7,0.81,13.3,65.0,Satisfactory
60.0,91.8,13.2,18.8,0.29,27.5,99.1,Satisfactory
67.9,127.7,28.9,41.8,0.95,68.2,123.9,Moderate
70.2,108.9,55.4,15.3,0.85,56.1,135.7,Moderate
159.9,280.3,96.0,45.0,3.11,121.1,333.5,Very Poor
92.3,193.2,43.9,34.3,0.87,83.9,207.9,Poor
44.9,98.4,35.7,31.4,1.42,78.3,96.9,Satisfactory
113.4,203.6,95.5,45.2,2.23,146.0,277.6,Poor
21.2,39.9,25.1,12.2,1.67,44.3,84.5,Satisfactory
36.7,80.1,32.2,24.0,1.04,27.6,81.2,Satisfactory
66.7,136.9,36.4,30.6,0.0,0.0,129.8,Moderate
65.1,111.0,77.3,22.1,1.87,66.2,121.3,Moderate
3.6,4.0,5.0,1.8,0.04,1.2,9.6,Good
46.2,74.6,0.0,9.8,0.02,44.4,72.8,Satisfactory
43.7,70.9,7.4,11.0,0.13,50.8,70.8,Satisfactory
75.9,101.2,37.4,26.8,1.16,81.3,153.3,Moderate
142.7,208.5,112.9,68.4,2.47,93.3,319.9,Very Poor
100.2,202.8,20.4,16.2,1.77,51.8,229.8,Poor
60.7,83.3,19.0,9.7,1.0,46.0,103.4,Moderate
35.9,59.1,0.0,0.0,0.65,0.0,61.9,Satisfactory
128.2,168.2,79.5,55.4,2.94,93.5,305.9,Very Poor
68.6,139.3,46.6,15.8,0.79,24.0,124.9,Moderate
20.6,51.8,65.8,26.0,1.11,0.0,83.4,Satisfactory
109.6,187.0,56.4,16.1,2.31,48.4,263.8,Poor
44.3,54.6,39.1,20.5,0.66,19.3,68.6,Satisfactory
38.4,52.4,22.0,24.5,0.35,0.0,63.4,Satisfactory
46.2,56.5,13.4,4.2,1.15,34.1,73.4,Satisfactory
0.0,0.0,8.2,0.0,0.69,0.0,38.0,Good
0.0,0.0,20.1,6.3,0.74,0.0,38.5,Good
7.6,33.8,0.0,22.1,0.71,18.0,31.4,Good
41.3,53.8,36.7,0.0,0.86,56.9,73.2,Satisfactory
0.0,0.0,25.6,34.7,0.0,23.5,44.3,Good
40.3,80.7,30.4,15.3,1.19,62.2,80.1,Satisfactory
0.0,0.0,0.0,0.0,0.86,9.6,39.9,Good
67.5,117.6,24.2,11.3,0.0,19.5,126.8,Moderate
64.5,106.1,48.0,48.2,1.98,66.4,115.6,Moderate
49.6,57.4,26.0,21.8,0.2,63.4,86.6,Satisfactory
0.0,0.0,8.1,11.6,0.13,0.0,16.8,Good
47.5,64.4,15.9,2.1,1.32,52.9,77.6,Satisfactory
106.8,188.6,71.5,44.2,2.87,100.3,256.9,Poor
54.4,91.0,51.0,42.9,0.68,18.7,90.6,Satisfactory
10.4,30.0,11.4,14.2,0.0,4.4,27.5,Good
34.5,52.8,26.1,15.0,1.35,47.9,68.3,Satisfactory
88.1,155.1,56.0,7.6,1.53,24.3,195.6,Moderate
23.8,61.4,0.0,8.0,0.82,0.0,61.4,Satisfactory
8.9,11.9,4.5,8.0,1.1,34.2,58.6,Satisfactory
142.4,240.7,79.9,46.9,2.16,84.8,320.8,Very Poor
0.0,0.0,13.6,3.3,0.27,61.1,58.1,Satisfactory
57.8,91.6,6.5,0.0,0.83,61.8,95.4,Satisfactory
37.7,83.2,68.0,8.2,0.75,42.9,89.5,Satisfactory
92.6,163.2,81.7,37.9,4.17,79.2,204.5,Poor
136.9,232.3,72.6,41.1,3.09,89.6,313.4,Very Poor
77.9,102.2,18.9,26.4,0.82,7.6,161.3,Moderate
62.0,78.1,45.3,15.2,0.96,55.5,104.0,Moderate
108.3,156.2,97.6,36.4,3.55,101.8,260.6,Poor
0.0,4.4,26.8,20.3,1.24,54.2,61.5,Satisfactory
0.0,3.5,0.1,0.0,1.13,0.0,58.0,Satisfactory
48.8,65.6,31.3,17.5,0.82,38.8,83.4,Satisfactory
81.6,195.0,61.6,30.2,1.64,47.6,172.4,Moderate
36.7,67.0,45.7,32.5,2.48,72.5,111.7,Moderate
33.5,74.1,0.0,1.9,0.15,17.0,73.3,Satisfactory
83.4,151.8,41.5,47.1,1.21,57.2,179.7,Moderate
42.0,73.3,18.4,0.0,0.0,35.2,74.9,Satisfactory
0.0,0.0,21.5,0.0,1.02,3.3,54.1,Satisfactory
132.0,218.9,78.5,41.0,2.44,138.0,313.2,Very Poor
68.1,73.8,43.2,9.2,1.09,25.0,121.8,Moderate
59.6,117.5,63.3,18.6,1.82,55.2,110.5,Moderate
52.0,78.4,60.5,13.3,1.26,11.6,91.7,Satisfactory
75.6,114.0,59.7,18.2,2.1,51.8,154.4,Moderate
99.4,219.7,58.2,27.1,1.73,90.4,238.2,Poor
0.0,0.0,29.4,0.0,0.49,21.1,36.5,Good
41.0,76.4,0.0,13.1,0.68,0.0,81.5,Satisfactory
70.3,101.3,48.5,22.4,1.47,49.3,131.3,Moderate
38.1,51.0,35.6,5.1,0.0,20.5,61.2,Satisfactory
57.7,127.2,50.3,28.5,2.01,44.2,118.4,Moderate
169.4,229.5,87.6,70.1,2.52,79.2,337.8,Very Poor
24.5,26.5,0.0,10.2,0.27,31.2,38.9,Good
51.9,95.3,47.8,0.0,0.48,27.1,93.1,Satisfactory
49.8,75.9,47.5,23.9,1.76,75.6,88.3,Satisfactory
70.6,136.6,43.2,28.7,1.13,27.1,133.9,Moderate
136.7,182.7,92.4,33.6,2.88,119.1,308.4,Very Poor
35.6,65.2,30.4,13.7,1.18,53.7,69.0,Satisfactory
123.7,215.1,77.2,45.4,2.34,95.9,303.5,Very Poor
128.2,185.2,64.7,42.2,1.51,89.1,306.1,Very Poor
101.9,170.1,35.4,18.7,2.09,58.1,245.3,Poor
55.8,112.2,15.3,21.2,0.66,39.5,104.8,Moderate
29.5,14.7,35.9,11.4,0.54,39.3,52.3,Satisfactory
83.4,126.2,30.9,27.0,1.43,83.9,176.4,Moderate
112.4,191.3,47.9,24.5,1.55,36.3,278.1,Poor
40.1,58.5,37.9,20.9,0.56,31.4,70.5,Satisfactory
13.4,31.5,7.3,10.7,0.46,30.1,33.4,Good
46.9,88.1,59.0,9.2,0.0,31.4,89.5,Satisfactory
60.8,80.3,42.1,25.0,1.44,120.5,127.4,Moderate
53.7,62.0,44.5,23.1,0.98,7.2,89.3,Satisfactory
158.7,229.6,102.5,30.3,2.53,109.0,332.8,Very Poor
118.3,204.5,60.1,39.1,3.09,125.6,287.5,Poor
104.8,148.5,96.1,50.5,3.67,109.1,250.3,Poor
59.2,70.0,47.0,34.5,1.19,89.7,95.4,Satisfactory
82.4,144.5,40.9,21.3,1.08,65.2,174.4,Moderate
149.1,265.0,94.1,62.1,1.97,73.2,324.3,Very Poor
19.8,27.9,51.1,15.6,0.74,18.6,64.5,Satisfactory
10.2,33.5,14.1,0.0,0.8,79.5,82.8,Satisfactory
5.1,0.0,0.1,0.0,0.63,8.3,28.3,Good
15.3,64.7,39.1,5.4,1.45,12.0,71.9,Satisfactory
80.6,96.4,25.8,22.2,2.23,85.5,166.7,Moderate
11.5,22.1,33.8,30.9,0.92,39.6,41.6,Good
41.5,82.6,15.7,16.1,1.84,77.7,89.1,Satisfactory
155.5,274.1,97.2,57.2,1.77,117.2,323.8,Very Poor
33.3,30.6,35.7,22.7,0.46,61.6,63.3,Satisfactory
70.7,114.9,2.2,38.1,0.52,45.9,138.3,Moderate
24.9,56.6,53.7,35.2,0.74,86.3,91.4,Satisfactory
103.7,181.7,32.2,20.8,1.43,63.7,245.3,Poor
80.4,164.9,61.4,4.1,1.62,86.7,171.8,Moderate
154.9,275.5,100.7,37.3,2.98,110.8,326.9,Very Poor
60.8,92.1,76.0,29.3,1.93,66.6,100.7,Moderate
139.1,186.8,94.6,11.3,2.44,109.7,311.8,Very Poor
12.1,35.6,11.9,0.5,0.85,25.9,43.2,Good
43.2,63.9,10.4,23.1,1.66,18.0,81.9,Satisfactory
43.9,58.9,45.9,0.0,1.72,67.4,76.7,Satisfactory
34.5,60.5,52.3,31.7,1.16,90.5,90.2,Satisfactory
22.4,32.8,22.1,16.0,1.02,10.4,54.6,Satisfactory
75.4,142.8,65.7,26.8,1.6,15.2,153.7,Moderate
164.6,269.5,88.8,41.1,3.9,119.7,334.9,Very Poor
38.3,84.3,16.3,12.1,0.79,63.7,82.0,Satisfactory
128.1,161.1,91.9,49.1,1.95,80.4,304.1,Very Poor
22.9,53.1,0.0,4.3,0.3,0.0,60.0,Satisfactory
71.3,122.5,29.4,27.3,0.62,42.8,137.9,Moderate
13.4,12.5,35.7,34.8,0.62,31.7,45.4,Good
91.4,174.7,38.7,54.3,1.63,67.8,203.6,Poor
69.8,137.6,45.2,0.0,0.66,65.3,133.7,Moderate
0.0,0.0,4.9,0.0,0.0,33.7,30.8,Good
31.3,83.0,0.1,1.6,0.85,39.7,81.1,Satisfactory
104.2,187.6,65.7,14.1,1.76,59.3,249.2,Poor
94.0,179.0,56.3,29.7,1.25,57.6,214.5,Poor
5.5,25.9,0.0,0.6,0.14,9.3,22.2,Good
0.0,1.9,13.9,12.2,0.77,22.8,38.7,Good
102.6,159.4,42.6,28.2,2.09,59.5,239.2,Poor
32.8,67.7,36.0,6.8,0.35,16.7,65.5,Satisfactory
41.8,90.7,19.4,23.3,0.0,38.8,87.1,Satisfactory
88.4,145.4,89.4,18.0,2.56,107.1,196.4,Moderate
89.5,168.8,44.4,23.0,1.82,41.2,200.6,Poor
14.9,26.6,0.0,8.1,0.73,66.0,65.9,Satisfactory
147.5,218.7,91.9,35.0,3.11,122.0,323.8,Very Poor
14.4,36.6,40.8,7.7,0.16,45.9,53.0,Satisfactory
50.0,93.1,33.9,31.3,2.13,86.4,99.0,Satisfactory
107.2,170.8,92.5,29.4,3.17,98.6,256.8,Poor
90.6,166.8,58.1,40.5,0.7,63.8,201.8,Poor
73.6,155.8,34.2,48.9,1.36,70.7,144.8,Moderate
32.8,59.5,0.0,2.7,0.18,61.4,64.0,Satisfactory
72.0,147.3,44.8,31.5,0.99,22.5,142.8,Moderate
73.9,128.6,38.4,21.5,1.4,43.9,145.2,Moderate
49.0,98.1,46.2,23.5,1.15,75.1,94.0,Satisfactory
56.4,128.8,12.0,0.0,0.0,24.9,124.6,Moderate
140.2,243.4,90.8,45.0,2.74,96.3,312.6,Very Poor
44.8,80.9,48.2,33.3,2.32,100.8,103.3,Moderate
58.5,115.5,29.1,25.8,0.14,44.4,115.0,Moderate
93.8,149.1,71.9,20.8,1.74,60.9,210.8,Poor
11.7,3.5,0.0,9.3,0.0,0.0,23.6,Good
15.5,32.6,25.8,0.0,0.0,2.3,35.5,Good
17.6,37.3,33.5,35.8,0.29,45.5,48.5,Good
6.6,15.1,22.3,10.6,1.02,31.1,49.3,Good
172.6,352.8,57.7,41.2,2.96,136.6,339.2,Very Poor
73.9,132.7,21.8,38.5,1.06,107.5,143.9,Moderate
38.3,106.9,22.1,5.6,0.26,42.2,105.5,Moderate
63.0,117.9,43.8,7.4,0.0,32.0,110.7,Moderate
81.0,114.7,19.4,18.4,0.33,30.2,171.2,Moderate
55.2,100.0,19.7,13.4,1.7,36.3,99.3,Satisfactory
38.5,39.3,34.8,4.8,1.23,35.3,64.9,Satisfactory
8.7,36.2,12.4,12.4,0.05,34.0,34.5,Good
137.8,199.6,87.5,39.3,2.31,116.3,313.9,Very Poor
84.4,127.4,89.3,39.9,2.23,81.3,180.5,Moderate
4.0,23.9,31.8,7.4,0.0,81.4,83.0,Satisfactory
65.3,93.2,9.9,13.6,1.02,32.7,120.6,Moderate
0.0,28.3,0.0,0.0,0.14,2.0,29.5,Good
77.2,120.1,52.3,38.3,1.66,72.7,163.3,Moderate
0.0,24.1,37.1,21.3,0.63,22.6,45.0,Good
3.3,0.0,0.0,1.8,1.3,4.7,64.0,Satisfactory
83.8,122.6,70.8,14.8,1.51,69.5,180.2,Moderate
114.3,208.7,44.1,33.1,2.16,54.7,281.3,Poor
73.3,166.9,20.9,0.0,0.45,57.7,146.2,Moderate
112.4,209.5,100.5,40.2,2.89,94.1,271.5,Poor
0.7,0.0,9.7,5.3,0.0,0.0,13.3,Good
158.4,299.0,83.5,63.6,3.27,102.0,328.4,Very Poor
12.8,36.5,0.0,21.8,0.59,46.7,48.2,Good
0.0,0.0,27.8,0.0,0.37,0.1,35.2,Good
57.4,105.8,57.5,31.1,1.71,63.2,106.1,Moderate
92.9,154.6,75.6,30.9,1.15,89.4,214.6,Poor
0.0,0.0,16.4,3.4,0.0,0.0,14.9,Good
75.8,175.5,56.1,36.7,1.44,46.0,151.1,Moderate
21.5,31.5,19.1,0.0,0.24,23.1,36.2,Good
63.9,89.0,58.8,21.8,1.3,48.4,110.1,Moderate
82.1,175.3,60.7,5.9,1.1,88.8,170.0,Moderate
23.2,40.1,15.3,20.3,1.08,41.5,53.4,Satisfactory
106.4,166.5,97.0,40.0,3.04,90.4,254.7,Poor
126.4,276.6,87.3,37.2,3.14,91.1,305.8,Very Poor
115.0,181.7,41.9,30.6,1.56,111.4,283.4,Poor
0.0,0.0,26.3,6.8,0.0,6.6,32.5,Good
0.0,10.1,26.5,7.2,0.83,68.0,62.4,Satisfactory
78.0,156.3,1.5,3.4,1.03,24.0,161.6,Moderate
47.8,100.4,28.9,4.7,0.0,17.1,98.3,Satisfactory
78.0,174.2,33.3,20.2,0.83,28.3,163.5,Moderate
53.9,107.1,27.8,0.0,0.15,32.5,99.1,Satisfactory
62.8,117.1,50.9,27.7,0.63,71.5,110.0,Moderate
31.5,38.2,45.0,27.5,1.32,59.7,62.0,Satisfactory
95.8,174.4,42.4,22.1,1.45,82.5,222.8,Poor
8.9,25.8,19.0,5.1,0.86,25.4,40.9,Good
0.0,10.2,29.1,16.9,0.82,30.6,41.5,Good
120.0,183.3,63.3,37.3,3.19,100.2,301.8,Very Poor
145.3,204.3,71.3,30.4,3.25,109.9,318.6,Very Poor
73.4,137.2,44.1,4.4,1.56,26.1,141.9,Moderate
89.0,123.2,25.4,24.9,1.01,81.0,202.0,Poor
88.8,131.4,50.9,21.1,1.61,63.6,188.6,Moderate
0.0,13.5,19.7,6.3,0.61,0.0,26.7,Good
0.0,0.0,0.0,0.0,0.0,0.0,0.0,Good
52.4,100.9,45.3,18.9,0.88,13.4,101.4,Moderate
34.5,62.0,49.2,9.2,0.84,75.2,76.0,Satisfactory
37.7,34.8,28.9,21.0,0.08,33.2,61.9,Satisfactory
118.8,230.8,41.6,43.2,1.11,73.1,293.9,Poor
107.1,212.2,50.3,27.0,1.39,97.7,259.3,Poor
35.1,61.9,49.8,8.2,1.08,22.5,60.6,Satisfactory
35.0,70.2,4.7,3.2,0.0,0.0,70.8,Satisfactory
127.3,188.9,74.5,42.3,2.66,105.9,307.4,Very Poor
66.8,107.0,58.0,29.6,1.85,65.0,127.0,Moderate
120.2,243.8,56.7,26.1,0.9,36.5,296.7,Poor
15.6,40.4,12.6,10.3,0.81,17.9,41.5,Good
45.5,122.0,36.7,16.0,0.47,28.2,119.2,Moderate
49.7,79.8,32.0,29.2,0.89,33.7,85.6,Satisfactory
108.7,190.7,53.9,40.9,1.82,60.2,262.3,Poor
39.7,74.4,11.9,5.3,1.03,10.2,72.6,Satisfactory
1.7,0.0,0.0,0.0,0.0,23.0,17.1,Good
39.7,64.8,25.7,13.1,0.0,48.2,68.0,Satisfactory
58.3,76.3,38.6,10.6,0.35,29.3,95.3,Satisfactory
21.3,29.5,3.5,0.0,0.46,21.2,33.2,Good
14.1,7.0,35.2,2.4,0.16,0.0,42.6,Good
132.7,248.8,100.2,32.0,2.03,132.7,312.2,Very Poor
36.8,46.4,3.7,17.6,0.95,24.6,59.0,Satisfactory
28.9,88.6,20.5,28.2,1.23,34.5,92.0,Satisfactory
128.4,174.5,38.0,16.4,2.36,28.5,308.0,Very Poor
58.3,81.5,75.5,34.8,1.84,81.1,94.0,Satisfactory
146.8,225.8,71.3,49.9,2.55,85.2,320.2,Very Poor
185.5,324.7,80.3,52.1,2.64,103.3,349.9,Very Poor
48.7,83.3,50.0,10.4,1.02,10.3,78.1,Satisfactory
29.0,21.0,43.6,25.5,0.0,24.2,56.6,Satisfactory
75.9,133.5,49.3,25.4,1.14,83.8,155.2,Moderate
86.2,136.3,53.9,46.0,0.91,50.5,182.6,Moderate
13.6,0.0,29.8,16.9,0.28,0.0,32.7,Good
89.7,127.4,74.4,26.0,1.33,53.6,203.8,Poor
28.9,66.5,15.7,10.7,0.83,22.4,70.2,Satisfactory
55.5,79.7,51.8,0.0,0.94,36.8,90.8,Satisfactory
84.5,164.9,56.8,29.6,1.97,68.6,178.3,Moderate
33.3,66.8,52.4,15.1,1.56,0.0,82.4,Satisfactory
32.3,67.5,34.8,9.7,0.52,27.8,63.1,Satisfactory
2.5,0.0,0.0,10.6,0.36,19.9,22.0,Good
73.2,57.9,50.4,33.7,2.08,54.4,137.4,Moderate
23.4,42.6,22.7,34.2,0.13,41.8,47.7,Good
46.1,99.2,24.6,22.2,1.25,47.8,95.1,Satisfactory
107.2,208.4,43.9,17.0,0.77,80.1,256.7,Poor
15.2,15.5,20.6,12.1,1.07,17.5,56.5,Satisfactory
40.4,56.9,5.5,7.9,0.01,25.6,68.1,Satisfactory
104.6,170.5,45.4,24.7,1.66,60.3,249.2,Poor
23.6,23.9,14.5,13.6,1.06,29.6,50.9,Satisfactory
76.1,183.2,42.2,24.5,1.95,51.1,161.3,Moderate
152.4,252.3,72.1,59.7,2.76,123.2,322.7,Very Poor
84.7,109.9,54.3,22.1,0.78,46.3,183.8,Moderate
50.2,83.1,37.9,13.5,0.95,37.4,80.6,Satisfactory
83.6,122.5,19.5,35.8,1.3,52.9,181.5,Moderate
156.8,224.7,91.0,48.0,2.55,142.6,333.9,Very Poor
0.0,7.6,1.3,18.0,0.42,25.8,24.5,Good
11.6,10.1,6.0,4.5,0.52,52.2,49.4,Good
20.5,4.0,0.0,0.0,1.13,27.3,58.8,Satisfactory
43.6,96.4,26.9,25.1,1.17,61.7,100.6,Moderate
10.9,0.0,24.6,15.6,0.0,0.7,30.9,Good
30.4,44.8,61.7,22.5,1.31,53.3,77.9,Satisfactory
74.5,99.1,25.7,21.0,2.05,52.0,149.4,Moderate
87.8,111.7,58.8,44.4,1.14,90.0,191.3,Moderate
17.4,14.3,11.4,0.1,0.42,0.0,31.2,Good
65.3,96.3,76.1,21.0,1.36,51.0,118.4,Moderate
27.3,65.8,38.9,8.9,0.47,28.4,65.8,Satisfactory
161.9,229.1,78.2,49.6,2.94,140.7,330.8,Very Poor
35.5,41.8,35.6,32.1,1.13,54.8,57.0,Satisfactory
33.8,43.6,31.3,2.1,1.25,27.0,62.5,Satisfactory
134.0,260.7,107.0,27.9,3.28,103.1,313.5,Very Poor
142.1,266.7,86.2,46.4,3.19,111.9,321.0,Very Poor
139.0,248.1,82.7,52.9,2.02,125.9,313.6,Very Poor
19.4,18.3,1.5,0.3,0.05,17.3,31.2,Good
85.8,187.7,82.8,23.1,0.98,59.2,186.4,Moderate
27.0,51.5,22.8,1.9,0.11,62.2,65.4,Satisfactory
34.6,58.3,30.6,26.7,0.94,45.9,56.9,Satisfactory
57.7,107.5,8.9,0.0,0.23,40.8,103.6,Moderate
48.0,60.5,43.2,13.5,1.39,58.2,77.7,Satisfactory
59.9,123.1,29.0,14.7,1.0,37.3,114.2,Moderate
68.5,84.4,44.5,22.7,1.45,70.9,124.2,Moderate
63.1,143.3,40.9,22.7,1.59,78.3,128.6,Moderate
85.2,113.6,56.0,8.3,1.8,75.8,185.6,Moderate
128.5,192.5,75.0,47.3,2.97,96.1,310.5,Very Poor
158.0,254.1,80.1,31.5,2.19,120.3,331.5,Very Poor
72.7,130.7,32.7,23.9,1.86,56.1,138.1,Moderate
28.2,78.0,46.5,0.0,0.0,18.9,73.6,Satisfactory
21.9,44.2,10.5,24.5,1.17,33.8,65.5,Satisfactory
82.7,140.0,76.4,25.6,0.05,33.8,178.9,Moderate
80.3,139.8,39.1,25.9,1.61,56.8,163.4,Moderate
10.9,4.1,1.2,0.0,0.42,19.7,19.6,Good
49.9,77.5,28.6,19.9,0.79,16.6,82.9,Satisfactory
124.2,184.0,90.7,31.5,2.18,141.5,304.6,Very Poor
0.8,5.7,28.6,1.5,1.12,38.2,52.3,Satisfactory
49.6,100.8,0.0,18.7,0.56,29.6,102.3,Moderate
73.8,114.6,74.9,11.5,1.14,67.6,146.3,Moderate
140.6,243.3,70.2,18.0,2.72,139.3,312.1,Very Poor
84.6,142.2,76.6,28.4,1.1,47.1,180.5,Moderate
98.6,128.0,56.3,18.5,1.82,59.9,231.1,Poor
37.5,92.8,28.9,21.6,0.8,3.3,91.1,Satisfactory
93.5,141.9,108.9,56.8,2.77,62.2,213.8,Poor
88.0,152.4,59.5,49.9,1.82,39.4,196.6,Moderate
69.4,129.4,32.8,21.4,2.23,105.0,131.5,Moderate
50.9,43.5,22.5,0.0,0.77,42.4,86.8,Satisfactory
111.1,213.8,72.4,31.4,1.3,73.5,271.5,Poor
146.2,209.6,89.4,51.1,2.89,95.5,317.2,Very Poor
3.7,3.7,35.9,5.5,0.55,32.5,43.8,Good
54.3,93.2,45.8,26.9,1.72,89.9,94.8,Satisfactory
58.3,82.5,39.3,36.5,0.44,71.7,92.6,Satisfactory
35.2,77.4,47.9,0.0,1.28,22.8,78.5,Satisfactory
86.3,136.6,53.8,29.9,1.62,81.7,186.4,Moderate
89.4,159.2,58.8,28.0,1.85,62.9,201.6,Poor
17.6,4.4,18.0,2.2,0.26,0.0,34.4,Good
85.3,159.7,34.1,15.3,0.96,7.2,185.2,Moderate
1.1,0.0,12.2,2.5,0.21,37.5,37.0,Good
43.1,55.3,11.3,15.6,1.2,41.3,72.0,Satisfactory
54.0,92.7,23.6,20.1,1.16,19.8,94.7,Satisfactory
86.9,102.0,42.7,28.8,1.62,67.2,190.5,Moderate
31.4,60.5,36.7,18.5,0.58,38.7,58.1,Satisfactory
82.5,115.0,32.0,44.9,1.14,48.0,173.9,Moderate
33.2,47.4,14.5,22.4,1.55,0.0,82.9,Satisfactory
83.0,123.2,65.5,52.1,2.66,34.4,176.0,Moderate
43.6,70.2,28.8,10.1,1.33,82.8,85.5,Satisfactory
56.6,115.8,47.5,37.0,1.7,45.4,114.4,Moderate
26.5,44.0,42.6,16.5,0.56,18.8,55.6,Satisfactory
143.3,213.3,93.9,68.3,2.84,102.3,318.5,Very Poor
59.0,95.2,68.8,9.8,1.07,71.0,95.9,Satisfactory
48.6,70.5,23.2,18.1,1.7,13.9,81.9,Satisfactory
13.0,11.0,15.5,12.8,0.81,14.2,40.8,Good
30.3,53.0,46.2,10.3,0.84,0.0,63.6,Satisfactory
4.8,0.0,54.0,25.4,1.33,31.1,72.5,Satisfactory
24.6,46.4,51.7,16.9,0.33,25.2,68.8,Satisfactory
90.4,196.5,38.0,33.0,1.79,57.3,199.6,Moderate
21.3,55.9,1.3,5.5,0.31,36.7,60.2,Satisfactory
66.2,88.5,43.7,22.2,1.75,76.4,121.7,Moderate
43.2,41.4,22.5,19.3,1.19,28.3,72.8,Satisfactory
13.7,9.8,0.0,0.0,0.16,3.1,19.5,Good
85.9,163.2,52.0,25.9,1.98,78.3,189.3,Moderate
17.1,9.3,15.6,0.2,0.69,20.8,34.5,Good
49.8,78.3,33.6,27.8,2.15,39.8,103.3,Moderate
61.6,101.5,49.7,33.9,1.9,35.3,105.5,Moderate
40.7,50.2,42.9,8.4,1.4,75.9,75.2,Satisfactory
65.6,86.9,46.0,14.9,1.34,50.9,112.9,Moderate
75.2,117.4,52.5,28.9,2.54,44.8,146.8,Moderate
41.0,60.9,41.3,12.6,1.12,66.1,63.9,Satisfactory
36.3,28.1,19.4,17.6,0.51,44.8,57.2,Satisfactory
107.2,188.0,110.2,56.8,2.87,126.2,258.0,Poor
69.9,109.8,69.3,24.2,2.52,42.9,136.7,Moderate
9.5,0.0,34.2,1.6,0.85,1.9,45.7,Good
43.3,70.5,21.6,4.6,0.0,0.0,70.0,Satisfactory
36.8,38.5,0.0,7.1,0.58,42.1,57.0,Satisfactory
32.2,34.4,16.5,25.1,1.31,16.5,68.8,Satisfactory
18.9,39.2,0.0,0.5,0.21,17.8,46.4,Good
7.2,31.7,34.0,7.1,0.61,88.2,87.1,Satisfactory
29.0,21.1,31.3,16.0,1.01,34.8,48.7,Good
76.6,102.0,47.7,41.4,2.55,60.6,153.1,Moderate
77.1,120.4,51.3,29.6,1.23,41.7,159.4,Moderate
154.7,276.0,91.8,25.9,3.13,102.5,326.8,Very Poor
68.4,88.8,51.3,9.3,1.99,67.3,129.5,Moderate
73.2,133.3,30.8,18.0,1.54,33.1,144.9,Moderate
19.2,21.4,8.8,0.0,0.3,10.6,31.5,Good
37.7,25.5,11.6,14.5,0.69,22.5,63.7,Satisfactory
139.5,220.1,94.0,43.6,2.14,94.0,318.5,Very Poor
61.4,109.1,37.2,17.4,1.76,17.8,108.4,Moderate
25.7,49.6,55.7,19.4,1.04,22.5,72.6,Satisfactory
105.2,157.0,88.4,45.2,2.61,78.9,252.4,Poor
39.5,57.7,47.2,20.1,0.5,31.2,69.2,Satisfactory
31.3,41.8,41.2,25.2,0.54,44.8,52.1,Satisfactory
30.2,67.0,29.0,12.3,0.56,15.3,66.2,Satisfactory
40.5,46.2,34.1,7.3,1.21,52.0,63.9,Satisfactory
116.8,211.7,94.3,45.3,1.84,97.0,290.4,Poor
83.5,152.7,34.7,25.9,1.06,67.2,177.6,Moderate
137.4,197.2,72.8,46.3,3.57,79.6,310.0,Very Poor
106.1,144.5,92.6,37.9,2.85,120.3,251.6,Poor
148.5,201.5,61.8,42.7,2.36,136.1,317.9,Very Poor
81.1,158.7,51.3,29.5,1.86,44.8,170.4,Moderate
105.1,167.8,50.7,25.2,0.91,87.1,249.4,Poor
35.9,87.8,12.9,0.0,0.73,36.7,85.0,Satisfactory
129.1,213.2,102.4,36.3,2.11,146.6,303.1,Very Poor
63.8,83.2,49.0,4.4,2.12,68.5,110.2,Moderate
7.7,15.5,31.6,20.1,1.21,47.6,64.9,Satisfactory
87.5,156.5,45.8,23.8,2.42,53.9,189.9,Moderate
124.8,190.5,81.0,46.4,2.78,128.2,310.2,Very Poor
123.1,140.6,60.4,31.1,2.57,119.3,303.8,Very Poor
30.3,78.8,37.6,3.6,0.0,28.1,81.6,Satisfactory
14.3,40.1,22.4,0.0,0.0,27.0,37.6,Good
45.0,80.4,54.0,18.0,0.58,41.6,85.9,Satisfactory
